"Identificador de la publicación","Identificador de la página","Nombre de la página",Título,Descripción,"Duración (segundos)","Hora de publicación","Tipo de subtítulo","Enlace permanente","Es una publicación cruzada","Es una publicación compartida","Tipo de publicación",Idiomas,"Etiquetas personalizadas","Estado de contenido financiado","Comentario sobre los datos",Fecha,Visualizaciones,Alcance,"Reacciones, comentarios y veces que se compartió",Reacciones,Comentarios,"Veces que se compartió","Total de clics","Clics en el enlace","Clics de otro tipo","Consumo de segmentación del público coincidente (Photo Click)","Consumo de segmentación del público coincidente (Video Click)","Segundos reproducidos","Segundos en promedio reproducidos","Ingresos estimados (USD)","Impresiones del anuncio","CPM del anuncio (USD)","Comentarios negativos de los usuarios: Ocultar"
1222709686563028,100064720237286,"Alcaldía de Tuluá","#BienestarSocial | Más de 250 madres cabeza de hogar participaron en el segundo encuentro de Renta Ciudadana

En el Coliseo de Ferias Manuel Victoria Rojas se realizó el segundo encuentro de bienvenida del programa Renta Ciudadana, con la asistencia de más de 250 madres cabeza de hogar de la comuna 3, entre ellas cuidadoras de niños menores de 6 años y de personas con discapacidad.

Lee la noticia completa:⬇⬇⬇
",,0,"08/27/2025 08:11",N/A,https://www.facebook.com/AlcaldiaDeTulua/posts/pfbid02w6GCqw1NoKaoYcK6GY823ci7btsmTdNmjcyvnUuWiKHrteyXcSngmEmyuoFdmeRql,0,0,Enlaces,,,,,Total,1912,1196,51,39,2,10,24,17,7,,,,,,,,
1222706686563328,100064720237286,"Alcaldía de Tuluá","#Educación | Tuluá fortalecerá su educación con 30 docentes orientadores

La Secretaría de Educación Municipal de Tuluá anunció que, gracias a la gestión realizada ante el Ministerio de Educación Nacional, la planta de docentes orientadores pasará de 18 a 30 para el 2026. Este aumento del 66% permitirá fortalecer la convivencia escolar, brindar acompañamiento psicosocial y garantizar ambientes educativos más seguros y favorables para el aprendizaje de los estudiantes.

Lee la noticia completa:⬇⬇⬇
",,0,"08/27/2025 08:07",N/A,https://www.facebook.com/AlcaldiaDeTulua/posts/pfbid0cAp15JwDCqgdNt5LehRtpV2fGBGqQxdpyb4gSPJ9KcFgfHmTy2nZKXdEhj5FAJgGl,0,0,Enlaces,,,,,Total,3188,1718,87,72,2,13,83,71,12,,,,,,,,
1251396560361007,100064720237286,"Alcaldía de Tuluá","🚴‍♀️✨ Llega el Ciclo Paseo Nocturno: Pedalea tu salud ✨🚴‍♂️

Este viernes 3 de octubre nos vemos desde las 5:30 p.m. en la Plaza Cívica Boyacá para disfrutar en familia y con amigos de un recorrido lleno de salud, aire fresco y alegría por las calles de nuestro municipio 🌃💚. En el lanzamiento del programa de Atención Primaria en Salud que estará recorriendo las comunas de Tuluá y la zona rural.🩺🏥

¡Trae tu bici y únete a esta experiencia que conecta deporte, bienestar y comunidad! 🙌 #ParaSerFelices",,0,"09/30/2025 07:15",N/A,https://www.facebook.com/AlcaldiaDeTulua/posts/pfbid02jFDpBiL6avdb2P1NCY752QnqKPLpgvDL33R99KbCfBkxSnHk3WaUCEbAb8EjhGJVl,0,0,Fotos,,,,,Total,368,301,2,1,0,1,8,,6,2,,,,,,,
1251372737030056,100064720237286,"Alcaldía de Tuluá","#Educación | Alcaldía exaltó la labor de más de 1.000 docentes del Corazón del Valle

En un emotivo evento realizado en el Coliseo de Ferias Manuel Victoria Rojas, más de 1.000 docentes del Corazón del Valle se reunieron para exaltar su labor y reconocer que su trabajo transforma vidas.

Lee la noticia completa:⬇️⬇️⬇️
https://tulua.gov.co/publicaciones/6463/alcaldia-exalto-la-labor-de-mas-de-1000-docentes-del-corazon-del-valle/i",,0,"09/30/2025 06:43",N/A,https://www.facebook.com/AlcaldiaDeTulua/posts/pfbid0seJNQ4zCPHBymLs1ZYWYfisZDjEg6E6G4QLGRC8CStAa9BWtKfoQRXDtB3Q1J7M6l,0,0,Enlaces,,,,,Total,449,344,11,9,0,2,13,11,2,,,,,,,,
1251371000363563,100064720237286,"Alcaldía de Tuluá","#Salud | Administración Municipal atendió reclamos y restableció servicio en Disfarma

Atendido a las quejas y reclamos de la comunidad, la Administración Municipal hizo presencia en el dispensario de medicamentos Disfarma, donde en la jornada de hoy se presentó un bloqueo por retrasos en la atención.

Lee la noticia completa:⬇️⬇️⬇️
",,0,"09/30/2025 06:40",N/A,https://www.facebook.com/AlcaldiaDeTulua/posts/pfbid023aiCqkUgKTMocXjMPX8VJQ6BdpKYmLYcX3yQzzhR6ZKb5nvgEHt4GSiZUhU4g1pLl,0,0,Enlaces,,,,,Total,549,366,3,3,0,0,9,4,5,,,,,,,,
1250722870428376,100064720237286,"Alcaldía de Tuluá","🚧✨ ¡Nuevas rutas en la carrera 40! ✨🚧

Conoce las nuevas rutas temporales en este sector, pensadas para que llegues sin problema al Supercentro Tuluá y al barrio Fátima 🛣️.

👉 Estos cierres hacen parte de las obras que muy pronto harán brillar nuestro municipio.🌟.
👉 Te compartimos las rutas alternas para que te muevas con tranquilidad y sin dudas.

¡Avanzamos juntos hacia la Tuluá moderna y con mejor movilidad que soñamos! 💪🏼 #ParaSerFelices","🚧✨ ¡Nuevas rutas en la carrera 40! ✨🚧

Conoce las nuevas rutas temporales en este sector, pensadas para que llegues sin problema al Supercentro Tuluá y al barrio Fátima 🛣️.

👉 Estos cierres hacen parte de las obras que muy pronto harán brillar nuestro municipio.🌟.
👉 Te compartimos las rutas alternas para que te muevas con tranquilidad y sin dudas.

¡Avanzamos juntos hacia la Tuluá moderna y con mejor movilidad que soñamos! 💪🏼 #ParaSerFelices",69,"09/29/2025 13:25",N/A,https://www.facebook.com/reel/657908864035741/,1,0,Reels,,,,,Total,23893,20371,344,257,23,64,984,,984,,,477636.165,23.803,0,0,,
1250558443778152,100064720237286,"Alcaldía de Tuluá","💃✨ Revive los mejores momentos del Primer Encuentro Internacional de Bailes Tradicionales Tuluá 2025 🎶🌎

Un espectáculo inolvidable donde recibimos a 4 países invitados y a talentosas delegaciones de Colombia 🇨🇴, que llenaron de cultura, color y tradición nuestro Corazón del Valle 💙🌟.

En Tuluá celebramos y transformamos el arte #ParaSerFelices 🎭✨","💃✨ Revive los mejores momentos del Primer Encuentro Internacional de Bailes Tradicionales Tuluá 2025 🎶🌎

Un espectáculo inolvidable donde recibimos a 4 países invitados y a talentosas delegaciones de Colombia 🇨🇴, que llenaron de cultura, color y tradición nuestro Corazón del Valle 💙🌟.

En Tuluá celebramos y transformamos el arte #ParaSerFelices 🎭✨",34,"09/29/2025 08:58",N/A,https://www.facebook.com/reel/672717929206906/,1,0,Reels,,,,,Total,753,565,47,41,1,5,7,,7,,,5663.983,8.849,0,0,,
1249581940542469,100064720237286,"Alcaldía de Tuluá","✨💃🌎 Con mucho éxito, alegría y diversidad cultural se realizó el Primer Encuentro Internacional de Bailes Tradicionales Tuluá 2025.

Más de 300 bailarines desde Panamá 🇵🇦 , Chile 🇨🇱 , México 🇲🇽 y por supuesto de Colombia, 🇨🇴 ofrecieron espectaculares shows que las familias tulueñas disfrutaron con orgullo y emoción 🎶💙.

Ni la lluvia 🌧️ detuvo este maravilloso encuentro, porque en Tuluá ¡transformamos el arte #ParaSerFelices! 🎭✨💃",,0,"09/28/2025 07:09",N/A,https://www.facebook.com/AlcaldiaDeTulua/posts/pfbid0GAZdbQGg3fDZSsqVRTtLhiNDdLR5hKaj47NRxJQ97Nh8gRE5bbnKYzy5DE8pENGLl,0,0,Fotos,,,,,Total,5565,3294,83,62,5,16,266,,112,154,,,,,,,
1249549930545670,100064720237286,"Alcaldía de Tuluá","✨ Así se vive el Primer Encuentro Internacional de Bailes Tradicionales 🌎💃
México, Colombia y Panamá unidos en un solo escenario, celebrando la cultura a través de la danza. 🎶🇲🇽🇨🇴🇵🇦",,0,"09/28/2025 06:25",N/A,https://www.facebook.com/AlcaldiaDeTulua/posts/pfbid02zxoHtck1XQtmekLqLpbDkzZYVtxYNi1qmNfjuC6duyLQj3e8QqRXWGEJpwosNAH7l,0,0,Fotos,,,,,Total,2479,1487,49,43,1,5,129,,32,97,,,,,,,
1249031637264166,100064720237286,"Alcaldía de Tuluá","#Noticias | Desde el corregimiento de Barragán te traemos las noticias más importantes de la semana en el nuevo episodio de 45 Segundos #ParaSerFelices 🤩✌🏽","#Noticias | Desde el corregimiento de Barragán te traemos las noticias más importantes de la semana en el nuevo episodio de 45 Segundos #ParaSerFelices 🤩✌🏽",87,"09/27/2025 15:57",N/A,https://www.facebook.com/reel/685890917869018/,1,0,Reels,,,,,Total,6576,6193,187,161,6,20,193,,193,,,103459.827,17.033,0,0,,
1248840863949910,100064720237286,"Alcaldía de Tuluá","🚧✨ #ElPodcastdeVélez | Episodio 33. Cuando los sueños se vuelven realidad.","🚧✨ #ElPodcastdeVélez | Episodio 33. Cuando los sueños se vuelven realidad.

En este episodio, el alcalde Gustavo Vélez entrega a la Fuerza Pública vehículos, elementos e insumos que reconocen su labor incansable en la seguridad de nuestro municipio y recorre junto a algunos concejales las obras que avanzan en Tuluá, especialmente el Intercambiador de la 40, una transformación que marcará el futuro de la Tuluá. 🎧 Escúchalo y entérate de cómo seguimos construyendo juntos el progreso de nuestro municipio.",519,"09/27/2025 10:01",auto,https://www.facebook.com/AlcaldiaDeTulua/videos/793109093303571/,1,0,Videos,,,,,Total,1612,1376,118,78,15,25,44,,44,,,20402.004,14.012,0,0,0,
1248158000684863,100064720237286,"Alcaldía de Tuluá","📚💙 ¡Nuestros docentes son inspiración!

Más de 1.000 maestros del Corazón del Valle se reunieron en el Coliseo de Ferias Manuel Victoria Rojas, para un exaltar su labor y recordar que su trabajo transforma vidas. 🌱✨ Con la participación del speaker Jeison Aristizábal sobre empoderamiento y superación personal, reconocimos el compromiso y entrega para la formación de niños y niñas de nuestro municipio.

Gracias maestros por ser la fuerza que transforma el futuro de Tuluá. #ParaSerFelices 🙌👩‍🏫👨‍🏫",,0,"09/26/2025 15:08",N/A,https://www.facebook.com/AlcaldiaDeTulua/posts/pfbid0aDEUPmehYDaVc6Eyi9JMM96TJfCycpLNVoa5LjJhehoqPMHrLhcRGzaiTygatZSvl,0,0,Fotos,,,,,Total,11900,6543,110,90,5,15,1254,,387,867,,,,,,,
1247908527376477,100064720237286,"Alcaldía de Tuluá","¡Visitamos las obras que Transforman a Tuluá!🤩💪🏼

👷‍♂️🚧 El alcalde Gustavo Vélez, junto a varios honorables concejales, recorrió las obras que avanzan en nuestro municipio 🏗️✨.
Verificamos el estado de cada proyecto, mostrando cómo se transforman los espacios de Tuluá con el apoyo del Concejo Municipal 💙.

🤝 Trabajando en equipo y con el apoyo del Concejo Municipal, hacemos realidad las obras que modernizan a Tuluá y nos acercan al futuro… #ParaSerFelices 🌟","¡Visitamos las obras que Transforman a Tuluá!🤩💪🏼

👷‍♂️🚧 El alcalde Gustavo Vélez, junto a varios honorables concejales, recorrió las obras que avanzan en nuestro municipio 🏗️✨.
Verificamos el estado de cada proyecto, mostrando cómo se transforman los espacios de Tuluá con el apoyo del Concejo Municipal 💙.

🤝 Trabajando en equipo y con el apoyo del Concejo Municipal, hacemos realidad las obras que modernizan a Tuluá y nos acercan al futuro… #ParaSerFelices 🌟",45,"09/26/2025 08:01",N/A,https://www.facebook.com/reel/1168575161755431/,1,0,Reels,,,,,Total,7987,5990,255,157,34,64,199,,199,,,91811.525,12.902,0,0,,
1247351454098851,100064720237286,"Alcaldía de Tuluá","🚧 Tumbamos “La Casona” 🚨

Un espacio que por años fue foco de microtráfico, inseguridad y violencia en Tuluá empieza a ser historia.
Con el apoyo de la Policía Nacional, iniciamos la demolición de esta infraestructura antigua y en riesgo de colapso, arrancando de raíz un problema que afectaba la tranquilidad ciudadana. ✅✌🏽#ParaSerFelices","🚧 Tumbamos “La Casona” 🚨

Un espacio que por años fue foco de microtráfico, inseguridad y violencia en Tuluá empieza a ser historia.
Con el apoyo de la Policía Nacional, iniciamos la demolición de esta infraestructura antigua y en riesgo de colapso, arrancando de raíz un problema que afectaba la tranquilidad ciudadana. ✅✌🏽#ParaSerFelices",48,"09/25/2025 16:21",N/A,https://www.facebook.com/reel/805960411843361/,1,0,Reels,,,,,Total,13170,10128,342,220,14,108,303,,303,,,121476.067,10.128,0,0,,
1247185817448748,100064720237286,"Alcaldía de Tuluá","#Seguridad #Obras | Demolición de La Casona: un sector de microtráfico e inseguridad

Con una intervención que busca arrancar de raíz un problema de expendio de drogas, la Administración Municipal, inició el proceso de verificación de condiciones para la posterior demolición del segundo tramo de este sector denominado “La Casona”, que por años funcionó como foco de microtráfico, inseguridad y violencia en el municipio.

Lee la noticia completa:⬇⬇⬇
",,0,"09/25/2025 11:03",N/A,https://www.facebook.com/AlcaldiaDeTulua/posts/pfbid04wft5W3txm78GrCmkBDG6kr4HZRyAGty3qSug2f4uJnLo295Bvf3Au29Ud3LU6DYl,0,0,Enlaces,,,,,Total,2382,1370,50,39,1,10,40,34,6,,,,,,,,
1247185017448828,100064720237286,"Alcaldía de Tuluá","#Obras | Alcalde y concejales recorren las obras que transforman a Tuluá

Durante la visita, el mandatario socializó los avances del intercambiador vial de la carrera 40, destacando que ya se superaron las principales intervenciones de redes de acueducto, alcantarillado, energía, gas y telecomunicaciones, lo que permitirá acelerar la construcción de esta obra estratégica.

Lee la noticia completa:⬇⬇⬇
",,0,"09/25/2025 11:02",N/A,https://www.facebook.com/AlcaldiaDeTulua/posts/pfbid0VV1LAsWcQQyBrmH8WC8B1Pnjye4e6oxyERe9QuyiTrmPDM1oceKF6Z39Fa9DybNol,0,0,Enlaces,,,,,Total,1944,1189,50,40,3,7,48,25,23,,,,,,,,1
1247184724115524,100064720237286,"Alcaldía de Tuluá","#SEDAMA | Recolección de residuos electrónicos en el Tercer día de la Semana Ambiental

El tercer día de la Semana Ambiental se vivió con una jornada dedicada a la Recolección de Aparatos Eléctricos y Electrónicos (RAE) que ya no se encuentran en uso, logrando convocar a más de 200 personas.

Lee la noticia completa:⬇⬇⬇
",,0,"09/25/2025 11:01",N/A,https://www.facebook.com/AlcaldiaDeTulua/posts/pfbid02hNZKjJ1ShTxwmzCVoRGC5nNVVpPitXGjoXjQeDrWAnG9QkaJK8761nwNirteiKXcl,0,0,Enlaces,,,,,Total,3122,1920,69,54,0,15,75,61,14,,,,,,,,
1247135704120426,100064720237286,"Alcaldía de Tuluá","🚨 ¡Adiós a “La Casona”: un sector de microtráfico e inseguridad!

Hoy iniciamos la demolición del segundo tramo de este lugar que por años fue foco de violencia y expendio de drogas en Tuluá.
Con esta acción arrancamos de raíz un problema que tanto daño le hizo a nuestros jóvenes y protegemos la vida de quienes habitaban en una estructura con alto riesgo de colapso.

Seguimos recuperando espacios para la comunidad, devolviendo la tranquilidad y resignificando sectores que merecen un mejor futuro. #ParaSerFelices 💪✨",,0,"09/25/2025 09:47",N/A,https://www.facebook.com/AlcaldiaDeTulua/posts/pfbid07jjnj2SLppyAnqr3PpbXxha25thue36JiReEBTuNWzFoBqSXzQbVKVUqkc1i8kKil,0,0,Fotos,,,,,Total,55774,26468,512,394,57,61,7411,,3179,4232,,,,,,,
1246589497508380,100064720237286,"Alcaldía de Tuluá","Escribiendo los sueños de Gabriela✍️✨ 

Esta joven tulueña, amante de la escritura, fue la ganadora del concurso Tejiendo Letras, organizado por la @ucevacol y apoyado por la Alcaldía de Tuluá.

Con el respaldo de la Administración Municipal, hoy su obra será publicada 📖💫 y su historia comenzará a inspirar a muchas personas. 🌟 #ParaSerFelices","Escribiendo los sueños de Gabriela✍️✨ 

Esta joven tulueña, amante de la escritura, fue la ganadora del concurso Tejiendo Letras, organizado por la @ucevacol y apoyado por la Alcaldía de Tuluá.

Con el respaldo de la Administración Municipal, hoy su obra será publicada 📖💫 y su historia comenzará a inspirar a muchas personas. 🌟 #ParaSerFelices",56,"09/24/2025 18:48",uploaded,https://www.facebook.com/reel/808507164983431/,1,0,Reels,,,,,Total,4656,3228,257,212,9,36,62,,62,,,47122.735,11.382,0,0,,
1246518384182158,100064720237286,"Alcaldía de Tuluá","🚧 Recorriendo las obras que transforman a Tuluá

El alcalde @gustavovelezr, junto a honorables concejales visitaron los avances del intercambiador de la carrera 40 y otras obras estratégicas que modernizan la ciudad con:

✅ Recursos 100% municipales
✅ Mano de obra tulueña
✅ Proyectos que generan desarrollo y competitividad

💪 Porque juntos construimos la Tuluá del futuro. #ParaSerFelices 🌟",,0,"09/24/2025 16:24",N/A,https://www.facebook.com/AlcaldiaDeTulua/posts/pfbid0227RCsU2hGHNiQi9Aw2B67M8vCDN32xRF4pFuXhCLH74FtwyCoNa8SrGUXvkSPK16l,0,0,Fotos,,,,,Total,15943,8031,233,169,31,33,1617,,657,960,,,,,,,
1246322080868455,100064720237286,"Alcaldía de Tuluá","#Obras | Avanza un 30% primera fase del intercambiador de la carrera 40.

La obra del intercambiador de la carrera 40 avanza de manera continua, alcanzando el 30% de ejecución en su primera fase. 

Lee la noticia completa:⬇⬇⬇
",,0,"09/24/2025 10:22",N/A,https://www.facebook.com/AlcaldiaDeTulua/posts/pfbid0fHfSSAR6RYvv6aoBgFyPKeRZhXy4P6Xxz3errPQJ3a1oXSbZ26qWJ949ivzbNkbJl,0,0,Enlaces,,,,,Total,3363,2060,47,36,1,10,88,77,11,,,,,,,,
1246321674201829,100064720237286,"Alcaldía de Tuluá","#BienestarSocial | Tuluá conmemora la Semana Internacional de las Personas Sordas con jornadas de sensibilización.

En el marco de la conmemoración de la Semana Internacional de las Personas Sordas, la Administración Municipal que lidera el ingeniero Gustavo Adolfo Vélez Román adelantó una campaña de sensibilización en diferentes Entidades Promotoras de Salud (EPS) de Tuluá, entre ellas Sanitas, Emssanar y Nueva EPS.

Lee la noticia completa:⬇⬇⬇
",,0,"09/24/2025 10:22",N/A,https://www.facebook.com/AlcaldiaDeTulua/posts/pfbid0oXZqb38ryFe77nT1wNY36aY4AeUbsZStPrwhEuMA6c1A2tBwiVhbJqKafeKaJdgEl,0,0,Enlaces,,,,,Total,1406,892,29,22,0,7,10,9,1,,,,,,,,
1246321177535212,100064720237286,"Alcaldía de Tuluá","🎒✨ ¡Pusimos a estrenar a nuestros estudiantes de zona rural!

Más de 700 mesas y sillas y 22 tableros llegaron a las instituciones educativas Aguaclara, Julio César Zuluaga de Tres Esquinas y Jovita Santacoloma de Nariño. 🙌Gracias al compromiso del alcalde @gustavovelezr y la Secretaría de Educación, hoy nuestros niños y jóvenes cuentan con aulas más dignas y con mejores herramientas para recibir una educación de calidad. 📚💙

Con esta entrega ya son 4 instituciones educativas rurales beneficiadas… ¡y vamos por más! 🚀
Porque invertir en la educación rural es invertir en el futuro de Tuluá. 🌱
#ParaSerFelices","🎒✨ ¡Pusimos a estrenar a nuestros estudiantes de zona rural!

Más de 700 mesas y sillas y 22 tableros llegaron a las instituciones educativas Aguaclara, Julio César Zuluaga de Tres Esquinas y Jovita Santacoloma de Nariño. 🙌Gracias al compromiso del alcalde @gustavovelezr y la Secretaría de Educación, hoy nuestros niños y jóvenes cuentan con aulas más dignas y con mejores herramientas para recibir una educación de calidad. 📚💙

Con esta entrega ya son 4 instituciones educativas rurales beneficiadas… ¡y vamos por más! 🚀
Porque invertir en la educación rural es invertir en el futuro de Tuluá. 🌱
#ParaSerFelices",54,"09/24/2025 10:21",N/A,https://www.facebook.com/reel/772755262043559/,1,0,Reels,,,,,Total,1524,1029,87,64,2,21,14,,14,,,8775.28,6.304,0,0,,
1246319290868734,100064720237286,"Alcaldía de Tuluá","#Seguridad | Alcalde Gustavo Vélez invierte más de 1.800 millones en equipos de seguridad para la Fuerza Pública.

En un acto conmemorativo, el alcalde de Tuluá, Gustavo Adolfo Vélez Román, realizó la entrega de un importante parque automotriz y suministros a la Policía Nacional, el Ejército Nacional y la Fiscalía General de la Nación, con el propósito de fortalecer la seguridad y la convivencia ciudadana en el municipio.

Lee la noticia completa:⬇⬇⬇
",,0,"09/24/2025 10:18",N/A,https://www.facebook.com/AlcaldiaDeTulua/posts/pfbid0378MRC9k91Mu2jE2rjKFcRGQcnj7h5xVR8gP7GVceuE52h83vhNoMKqK3jyv6BaWNl,0,0,Enlaces,,,,,Total,4636,2634,118,81,18,19,78,37,41,,,,,,,,
1245638410936822,100064720237286,"Alcaldía de Tuluá","🌟✨ ¡Llegó tu momento de brillar! ✨🌟

Si tienes más de 18 años, puedes hacer parte del Festival María Antonia Ruiz. Participa ahora del casting para AfroModel 2025, la primera versión del desfile de moda afro más grande de Tuluá. 🖤👗

📅 01 de octubre
🕓 4:00 p. m.
📍 Bienestar Social – Barrio Chiminangos

Demuestra tu talento, tu estilo y tu esencia afro. 🔥💃🏿 👉 Más info: 317 7289258",,0,"09/23/2025 15:59",N/A,https://www.facebook.com/AlcaldiaDeTulua/posts/pfbid0zkZvV97QyoAd1Xu1zsFF9reJwJVCUeeB3KjJRgy9KhBumuQf78JAwBjBR9ikyzGNl,0,0,Fotos,,,,,Total,1865,1147,43,34,1,8,10,,5,5,,,,,,,
1245473430953320,100064720237286,"Alcaldía de Tuluá","🚔💪 Alcalde Gustavo Vélez entrega 4 vehículos a la Fuerza Pública para fortalecer la seguridad en Tuluá 

Hoy se realizó la primera entrega de este parque automotriz, combustible y dotación a la Fiscalía ⚖️, Ejército 🇨🇴 y Policía Nacional 👮, con el propósito de garantizar la tranquilidad y el bienestar de todos los tulueños. 👉 Todo esto, en pro de entregar herramientas e implementos que garanticen la seguridad de nuestro municipio. #ParaSerFelices 🌟",,0,"09/23/2025 10:42",N/A,https://www.facebook.com/AlcaldiaDeTulua/posts/pfbid087oJ3xtpMZ9L3wWvHH4XZHme6E41HtcfiBbdeMG5RBF8fPg7whnNxHBYAJvgWRjGl,0,0,Fotos,,,,,Total,42998,18836,664,341,116,207,4580,,2103,2477,,,,,,,
1244774274356569,100064720237286,"Alcaldía de Tuluá","#SEDAMA | La Décima Semana Ambiental inició con sembratón en el Parque de la Familia.

La Semana Ambiental, en su décima versión, dio inicio con una sembratón en el Parque de la Familia, con 30 especies ornamentales que estarán embelleciendo este espacio para los tulueños. 

Lee la noticia completa: ⬇⬇⬇
",,0,"09/22/2025 15:52",N/A,https://www.facebook.com/AlcaldiaDeTulua/posts/pfbid0HMNAm5kgvBuD2iQUKZ4hjKPkCzNkqDDXNCfpkyDKAqHWRmy8bs6NqXXfwoubR9ccl,0,0,Enlaces,,,,,Total,2836,1808,51,38,3,10,49,25,24,,,,,,,,
1244770607690269,100064720237286,"Alcaldía de Tuluá","#Noticias | Tuluá refuerza la recolección de residuos con dos nuevos camiones.

Gracias al trabajo articulado entre la Administración Municipal, Empresas Municipales de Tuluá y la empresa Veolia, se entregaron al municipio dos nuevos vehículos recolectores de basura, con el fin de fortalecer la prestación del servicio de aseo y garantizar un entorno más limpio y saludable para todos los tulueños.

Lee la noticia completa:⬇⬇⬇
",,0,"09/22/2025 15:43",N/A,https://www.facebook.com/AlcaldiaDeTulua/posts/pfbid07Vm3AKUHqJveJyLJ1tNGUjA8t4JXoAYMhNGp3Wvj1e43ztCFinX5hurBdMctL7PJl,0,0,Enlaces,,,,,Total,5783,3860,71,47,15,9,122,35,87,,,,,,,,
1244770311023632,100064720237286,"Alcaldía de Tuluá","#SEDAMA | Tuluá celebra la 10ª Semana Ambiental

Del 22 al 27 de septiembre, Tuluá vivirá la décima Semana Ambiental, una agenda que reúne actividades académicas, culturales y comunitarias tanto en la zona urbana como en la rural, con actividades como sembratón, recolección de residuos, jornadas de limpieza en el campo y encuentros campesinos que fortalecen la conciencia y el compromiso con el medio ambiente.

Lee la noticia completa: ⬇⬇⬇
",,0,"09/22/2025 15:42",N/A,https://www.facebook.com/AlcaldiaDeTulua/posts/pfbid02GgGSp527HshrZM9JqAF6zaPci4nku5jbD1AambWkLuyUL2yS89j9bh2xxGvyXQpSl,0,0,Enlaces,,,,,Total,953,628,25,21,0,4,5,5,,,,,,,,,
1244769841023679,100064720237286,"Alcaldía de Tuluá","#BienestarSocial | Tuluá realiza encuentro de nutrición y bienestar para 100 niños.

Cien niños y niñas de Tuluá, en compañía de sus madres cabeza de hogar, participaron de una jornada dedicada al cuidado de la salud y la nutrición en la primera infancia. 

Lee la noticia completa:⬇⬇⬇
",,0,"09/22/2025 15:42",N/A,https://www.facebook.com/AlcaldiaDeTulua/posts/pfbid03nwhBfubjHxEQ5ZSzvRrtig8oKXYT17PayzJgCDYrzCmB3ufUpEZ6KoqdaC1w1ohl,0,0,Enlaces,,,,,Total,1706,1121,34,27,0,7,1,,1,,,,,,,,
1244604434373553,100064720237286,"Alcaldía de Tuluá","🌿✨ ¡La Décima Semana Ambiental ya comenzó!

Iniciamos con una gran sembratón en el 📍Parque de la Familia, donde plantamos 30 especies ornamentales que embellecerán este espacio emblemático de Tuluá. 🌳💚 Este es solo el comienzo de una semana llena de actividades para cuidar nuestro planeta: conversatorios, jornadas de recolección de residuos, encuentros culturales y mucho más. 🌎♻️

👉 Súmate y vive con nosotros la Semana Ambiental 2025.  #ParaSerFelices 🌱🌍","🌿✨ ¡La Décima Semana Ambiental ya comenzó!

Iniciamos con una gran sembratón en el 📍Parque de la Familia, donde plantamos 30 especies ornamentales que embellecerán este espacio emblemático de Tuluá. 🌳💚 Este es solo el comienzo de una semana llena de actividades para cuidar nuestro planeta: conversatorios, jornadas de recolección de residuos, encuentros culturales y mucho más. 🌎♻️

👉 Súmate y vive con nosotros la Semana Ambiental 2025.  #ParaSerFelices 🌱🌍",48,"09/22/2025 10:24",auto,https://www.facebook.com/reel/1252844746611272/,1,0,Reels,,,,,Total,978,720,52,39,2,11,12,,12,,,5005.041,5.604,0,0,,
1243024911198172,100064720237286,"Alcaldía de Tuluá","#Noticias | Desde el @labssummit 2025 con la magia 🪄 de @frank.ilusionista te traemos las noticias más importantes de la semana en el nuevo episodio de 45 Segundos #ParaSerFelices 🤩✌🏽","#Noticias | Desde el @labssummit 2025 con la magia 🪄 de @frank.ilusionista te traemos las noticias más importantes de la semana en el nuevo episodio de 45 Segundos #ParaSerFelices 🤩✌🏽",98,"09/20/2025 16:18",N/A,https://www.facebook.com/reel/686139523848646/,1,0,Reels,,,,,Total,1338,1159,45,32,2,11,23,,23,,,9155.396,7.347,0,0,,
1242808591219804,100064720237286,"Alcaldía de Tuluá","🎙️#ElPodcastdeVélez | Episodio 32: Diciendo y Haciendo.","🎙️#ElPodcastdeVélez | Episodio 32: Diciendo y Haciendo. 

En este episodio, Santiago nos pone al día con todo lo que pasó en Tuluá durante la semana: la visita del alcalde Gustavo Vélez a la PTAP de Nariño, que permitirá a la comunidad acceder a agua potable 24/7, la participación de los tulueños en la actualización del Plan de Ordenamiento Territorial, la vibrante jornada del Labs Summit, un espacio que conectó lo mejor del eCommerce, el marketing digital y el networking y mucho más.",724,"09/20/2025 09:57",auto,https://www.facebook.com/AlcaldiaDeTulua/videos/1924443371735723/,0,0,Videos,,,,,Total,2076,1815,134,86,25,23,50,,50,,,24097.585,12.983,0,0,0,
1242113527955977,100064720237286,"Alcaldía de Tuluá","+300 niños estrenarán mesas, sillas y tableros en 📍La Marina 🎒✨

Hoy entregamos nuevo mobiliario en la I.E. La Marina para 9 aulas de secundaria, renovando espacios y mejorando las condiciones de aprendizaje de nuestros estudiantes. 📚🙌
🚀 Transformamos la educación #ParaSerFelices","+300 niños estrenarán mesas, sillas y tableros en 📍La Marina 🎒✨

Hoy entregamos nuevo mobiliario en la I.E. La Marina para 9 aulas de secundaria, renovando espacios y mejorando las condiciones de aprendizaje de nuestros estudiantes. 📚🙌
🚀 Transformamos la educación #ParaSerFelices",58,"09/19/2025 15:56",N/A,https://www.facebook.com/reel/673525791881594/,1,0,Reels,,,,,Total,4917,3527,235,173,25,37,117,,117,,,44324.26,9.953,0,0,,
1241927681307895,100064720237286,"Alcaldía de Tuluá","🚛💙 ¡Buenas noticias para Tuluá!

En un trabajo articulado entre la Administración Municipal, EMTULUÁ y Veolia, entregamos 2 nuevos vehículos recolectores al municipio para servicio de la comunidad. Con ellos ya son 5 en total los puestos en marcha durante la Administración del alcalde Gustavo Vélez.

👨‍👩‍👧‍👦 Así demostramos que cuando se administra con eficiencia, transparencia y en equipo, ¡las obras se ven! ✨
#ParaSerFelices 💙💪🏼",,0,"09/19/2025 10:17",N/A,https://www.facebook.com/AlcaldiaDeTulua/posts/pfbid02MQPH613XLUsEeQbqwTqgtv1oDWFDpVJawy8EfS7VbW5RaEV3WQwfEZHgcuae6H5il,0,0,Fotos,,,,,Total,24867,13136,338,223,66,49,1877,,805,1072,,,,,,,
1240980218069308,100064720237286,"Alcaldía de Tuluá","✨🌎 ¡Tuluá se viste de cultura y tradición! 🎶💃

Llega el I Encuentro Internacional de Bailes Tradicionales con la magia de grupos invitados directamente de Perú, Argentina y México, y el talento de agrupaciones colombianas desde Nariño, Risaralda y Casanare. 🇵🇪🇦🇷🇲🇽🇨🇴

📍 Plaza Cívica Boyacá
📅 27 de septiembre | 🕕 6:00 p.m.

¡Un espectáculo lleno de color, música y tradición que no te puedes perder! 💥✨
👉 ¡Te esperamos! #ParaSerFelices",,0,"09/18/2025 07:59",N/A,https://www.facebook.com/AlcaldiaDeTulua/posts/pfbid034WmZrrAxS4pPWoE559Awi37eDd65XpS8kHKYkWK4XBUr6nDsp5mpatYE6ahYJgBJl,0,0,Fotos,,,,,Total,5575,3269,123,80,4,39,48,,20,28,,,,,,,
1240427051457958,100064720237286,"Alcaldía de Tuluá","Viviana hornea sueños junto a su hijo✨✌🏼

🍞✨ Gracias a los talleres de panadería y manipulación de alimentos, Viviana hoy transforma su talento en una oportunidad de vida. 

Con el apoyo de la Secretaría de Bienestar Social, no solo aprendió a elaborar y vender sus productos, sino que también gana más tiempo de calidad con su hijo Santiago 💙

Un ejemplo de que, con esfuerzo y acompañamiento, las familias tulueñas siguen saliendo adelante, venciendo barreras y construyendo sueños. #ParaSerFelices🌟","Viviana hornea sueños junto a su hijo✨✌🏼

🍞✨ Gracias a los talleres de panadería y manipulación de alimentos, Viviana hoy transforma su talento en una oportunidad de vida. 

Con el apoyo de la Secretaría de Bienestar Social, no solo aprendió a elaborar y vender sus productos, sino que también gana más tiempo de calidad con su hijo Santiago 💙

Un ejemplo de que, con esfuerzo y acompañamiento, las familias tulueñas siguen saliendo adelante, venciendo barreras y construyendo sueños. #ParaSerFelices🌟",65,"09/17/2025 16:59",uploaded,https://www.facebook.com/reel/25035801182678486/,1,0,Reels,,,,,Total,1967,1380,80,55,3,22,23,,23,,,13502.851,7.464,0,0,,
1240401584793838,100064720237286,"Alcaldía de Tuluá","#Noticias | Comunidad y Alcaldía trabajan juntos en actualización del POT de Tuluá

En el proceso de actualizar el modelo de ciudad, incorporando las necesidades de vivienda, transporte, equipamientos, espacio público y sostenibilidad ambiental, la Administración Municipal realizó el lanzamiento oficial de la revisión excepcional del Plan de Ordenamiento Territorial (POT), el instrumento que orienta la planeación y el desarrollo de Tuluá en sus zonas urbanas y rurales. 

Lee la noticia completa:⬇⬇⬇
",,0,"09/17/2025 16:06",N/A,https://www.facebook.com/AlcaldiaDeTulua/posts/pfbid022oiX8FXXqCiYjZtX5emfhD9wiwESS9HPErVtN7DseSU514TKGyhGVtK5Ye2j8NKol,0,0,Enlaces,,,,,Total,1935,1193,41,28,3,10,38,19,19,,,,,,,,
1240330364800960,100064720237286,"Alcaldía de Tuluá","🏙️🤝 Actualizamos su POT con la voz de la comunidad

Hoy lanzamos la revisión del Plan de Ordenamiento Territorial, el instrumento que define el futuro urbano y rural de nuestro municipio. 🌿🚊🏡 Con líderes comunales, gremios, universidades, comerciantes, sector inmobiliario y centros educativos, socializamos la metodología de trabajo y las etapas de participación ciudadana que se vivirán en mesas organizadas durante octubre. 

📅 Próximamente iniciaremos las mesas de participación ciudadana, un espacio clave para que tus ideas hagan parte del futuro de Tuluá. ¡Tu voz cuenta! 🙌 #ParaSerFelices",,0,"09/17/2025 13:57",N/A,https://www.facebook.com/AlcaldiaDeTulua/posts/pfbid0CFxCGsCKgJ3JKp9DEurhReXi3LLpS4bKwEmrKtu74XZpBhEAU5XaZ24V3PZsjkDxl,0,0,Fotos,,,,,Total,4453,2418,65,46,4,15,244,,81,163,,,,,,,
1240223454811651,100064720237286,"Alcaldía de Tuluá","🔥🏃‍♀️ ¡Tuluá se prepara nuevamente para correr! 🏃‍♂️🔥

Vivimos el Lanzamiento Oficial de la Media Maratón Tuluá 2025, que llega por segunda ocasión para recibir a más de 4.000 corredores 🚀. Nuestras calles se llenarán de atletas y sueños que nos ponen a vibrar y nos unen como ciudad.

Gracias al trabajo en equipo, seguimos demostrando que Tuluá es escenario deportivo donde pasan cosas buenas. 🌟

💙🫶🏼 Aquí corremos, soñamos y transformamos a Tuluá.
#ParaSerFelices","🔥🏃‍♀️ ¡Tuluá se prepara nuevamente para correr! 🏃‍♂️🔥

Vivimos el Lanzamiento Oficial de la Media Maratón Tuluá 2025, que llega por segunda ocasión para recibir a más de 4.000 corredores 🚀. Nuestras calles se llenarán de atletas y sueños que nos ponen a vibrar y nos unen como ciudad.

Gracias al trabajo en equipo, seguimos demostrando que Tuluá es escenario deportivo donde pasan cosas buenas. 🌟

💙🫶🏼 Aquí corremos, soñamos y transformamos a Tuluá.
#ParaSerFelices",46,"09/17/2025 10:44",N/A,https://www.facebook.com/reel/1191386956349212/,0,0,Reels,,,,,Total,1725,1134,67,45,4,18,23,1,22,,,8489.831,5.407,0,0,,
1240219264812070,100064720237286,"Alcaldía de Tuluá","#Noticias| Tuluá celebra la 10ª Semana Ambiental

Del 22 al 27 de septiembre, Tuluá vivirá la décima Semana Ambiental, una agenda que reúne actividades académicas, culturales y comunitarias tanto en la zona urbana como en la rural, con actividades como sembratón, recolección de residuos, jornadas de limpieza en el campo y encuentros campesinos que fortalecen la conciencia y el compromiso con el medio ambiente.

Lee la noticia completa:⬇️⬇️⬇️

",,0,"09/17/2025 10:37",N/A,https://www.facebook.com/AlcaldiaDeTulua/posts/pfbid0qtQaEypUDSNuB9RzGk5eTsgjSs5XXRBuKEF6BYoG2FU2y9jRDXnmtwh7Xbi6uTbEl,0,0,Enlaces,,,,,Total,1054,662,19,15,2,2,4,2,2,,,,,,,,
1240072378160092,100064720237286,"Alcaldía de Tuluá","¡Llegó la Semana Ambiental 2025!🌱💚

🌿💚 Esta semana nos unimos por la vida y por cada rincón verde de nuestra Tuluá. 
Del 22 al 27 de septiembre viviremos la 10ª Semana Ambiental 🍃✨. Habrá siembra, recolección, cultura, jornadas en el campo y mucho más.

🙌 Vení, participá y pongamos juntos nuestro granito de arena para que Tuluá siga siendo tierra de vida y esperanza. #ParaSerFelices",,0,"09/17/2025 07:00",N/A,https://www.facebook.com/AlcaldiaDeTulua/posts/pfbid02tGmvnYAm2a1GC7eWh77Fzb7ZaDDeNm2ZFqHLospjFPX8n1G7wo6ETxKBQLc2METtl,0,0,Fotos,,,,,Total,1909,1161,44,26,6,12,35,,11,24,,,,,,,
1239569928210337,100064720237286,"Alcaldía de Tuluá","Prepárate para el evento cultural más grande de nuestra historia: Festival María Antonia Ruiz 🎉 y Encuentro de Cocinas.

Música del Pacífico, gastronomía, talleres, cocina en vivo, museo, emprendimientos, artistas en vivo y toda la alegría de nuestras raíces.

📍 Coliseo de Ferias Manuel Victoria Rojas
📅 11 al 13 de octubre

🔥 ¡Tres días para celebrar quiénes somos! #ParaSerFelices",,0,"09/16/2025 17:07",N/A,https://www.facebook.com/AlcaldiaDeTulua/posts/pfbid02wnEVWsbnju9krvLDUjcbss77X3LLyQY2dCeoAJ99xjdbkDDjZiZD49Dm3ZL2rc2xl,0,0,Fotos,,,,,Total,9677,6035,188,136,7,45,127,,71,56,,,,,,,
1239541378213192,100064720237286,"Alcaldía de Tuluá","#Alcalde | Gustavo Vélez acompañó lanzamiento de Valle Café 2025

El alcalde de Tuluá, Gustavo Vélez Román , participó en el lanzamiento de Valle Café 2025, una estrategia conjunta entre el Comité de Cafeteros y la Gobernación del Valle que beneficiará a más de 1.800 familias productoras de café en el departamento.

Lee la noticia completa:⬇⬇⬇
",,0,"09/16/2025 16:17",N/A,https://www.facebook.com/AlcaldiaDeTulua/posts/pfbid024ZPeWwBi9GEDk6XmMeRoiwhAjZN7JPLZJyXEKi8Y2N4vGMhJNB8AzaozY3prLnVql,0,0,Enlaces,,,,,Total,2517,1634,68,50,2,16,23,14,9,,,,,,,,
1239361154897881,100064720237286,"Alcaldía de Tuluá","#Movilidad | Alcaldía habilita nuevamente acceso a barrios Pueblo Nuevo y Progresar en el sector La Herradura.

El Departamento Administrativo de Movilidad y Seguridad Vial brindó una solución inmediata atendiendo al llamado de la comunidad para mejorar la circulación hacia los barrios Pueblo Nuevo y Progresar. 

Lee la noticia completa:⬇⬇⬇
",,0,"09/16/2025 10:32",N/A,https://www.facebook.com/AlcaldiaDeTulua/posts/pfbid02EgiuEt9ev44t3A6XBfrKaMDxKdE8eUt1rZJ86deftSDck5LqADJAykjbKdYLL1rGl,0,0,Enlaces,,,,,Total,12756,7968,158,99,50,9,499,119,380,,,,,,,,
1239271121573551,100064720237286,"Alcaldía de Tuluá","#Obras #Educación | Alcalde Gustavo Vélez invierte más de 600 millones en mejoramiento de infraestructura educativa

Las aulas de Tuluá comienzan la transformación gracias al alcalde Gustavo Vélez, quien destinó más de 600 millones de pesos para fortalecer la infraestructura educativa del municipio. La estrategia, liderada por la Secretaría de Educación Municipal, ya empezó a dar frutos con la entrega de materiales de construcción a las 18 instituciones educativas priorizadas.

Lee la noticia completa:⬇⬇⬇
",,0,"09/16/2025 08:14",N/A,https://www.facebook.com/AlcaldiaDeTulua/posts/pfbid02mAqMQqfmNt5o6ZV7SuKd3G96s5yiuDxC4vqCvSBitvZyfeeH478nFK2DAyHgMSvLl,0,0,Enlaces,,,,,Total,4951,3001,81,63,2,16,57,22,35,,,,,,,,
1239240684909928,100064720237286,"Alcaldía de Tuluá","🎉👵👴 ¡15 abuelitos tendrán un nuevo luagr para vivir!

Hoy Miller nos comparte cómo disfruta su vida en la Casa de los Abuelos, un lugar donde no le falta nada y que muy pronto recibirá a 15 adultos mayores más, gracias a la construcción de un nuevo bloque para una vivienda digna y confortable. 🏡✨

Cada rincón está diseñado con accesibilidad, seguridad y confort, para asegurar bienestar y calidad de vida a quienes tanto nos han dado. 💙

🌟 ¡Porque nuestros abuelitos merecen lo mejor! #ParaSerFelices","🎉👵👴 ¡15 abuelitos tendrán un nuevo luagr para vivir!

Hoy Miller nos comparte cómo disfruta su vida en la Casa de los Abuelos, un lugar donde no le falta nada y que muy pronto recibirá a 15 adultos mayores más, gracias a la construcción de un nuevo bloque para una vivienda digna y confortable. 🏡✨

Cada rincón está diseñado con accesibilidad, seguridad y confort, para asegurar bienestar y calidad de vida a quienes tanto nos han dado. 💙

🌟 ¡Porque nuestros abuelitos merecen lo mejor! #ParaSerFelices",51,"09/16/2025 07:29",N/A,https://www.facebook.com/reel/1447137589853781/,1,0,Reels,,,,,Total,13971,11792,359,291,16,52,348,,348,,,143080.633,11.163,0,0,,
1238702424963754,100064720237286,"Alcaldía de Tuluá","#JornadasDescentralizadas | Familias tulueñas gozaron la Ruta de la Felicidad en el Parque de la Familia

Un fin de semana lleno de alegría, deporte, cultura y salud vivieron los tulueños con la llegada de la Ruta de la Felicidad al Parque de la Familia. Entre risas, música, emprendimientos y mucha cultura, más de 200 familias se dieron cita para disfrutar de esta gran jornada descentralizada que acercó servicios y diversión a la comunidad.

Lee la noticia completa: ⬇️⬇️⬇️
",,0,"09/15/2025 16:13",N/A,https://www.facebook.com/AlcaldiaDeTulua/posts/pfbid0LtF6uHdtYDmvbRZ5KuqRKVt8bSCnQEeQnzRnVQr9NyvVr5GeTamDrzi3x667MJwKl,0,0,Enlaces,,,,,Total,1797,1140,33,26,1,6,17,5,12,,,,,,,,
1238696411631022,100064720237286,"Alcaldía de Tuluá","✨¡Fin de semana familiar con La Ruta de la Felicidad! 🎶🌳🐾

Nos descentralizamos una vez más para llevar toda la oferta institucional y regalar una tarde llena de diversión, cultura y alegría. Con música en vivo, emprendimientos locales, danzas, deporte y hasta los peluditos fueron protagonistas 🐶🐱 con vacunación, desparasitación y atención profesional.

Un espacio muy familiar donde reinó el arte, la recreación y la unión familiar. Porque en Tuluá, la felicidad se vive #ParaSerFelices 🙌💙✌🏼","✨¡Fin de semana familiar con La Ruta de la Felicidad! 🎶🌳🐾

Nos descentralizamos una vez más para llevar toda la oferta institucional y regalar una tarde llena de diversión, cultura y alegría. Con música en vivo, emprendimientos locales, danzas, deporte y hasta los peluditos fueron protagonistas 🐶🐱 con vacunación, desparasitación y atención profesional.

Un espacio muy familiar donde reinó el arte, la recreación y la unión familiar. Porque en Tuluá, la felicidad se vive #ParaSerFelices 🙌💙✌🏼",58,"09/15/2025 15:59",uploaded,https://www.facebook.com/reel/1813113775981177/,1,0,Reels,,,,,Total,1737,1051,91,35,1,55,14,,14,,,8790.171,5.517,0,0,,
1238477964986200,100064720237286,"Alcaldía de Tuluá","⛰️💪 Alta Montaña recibe implementación y monitores deportivos 💪⛰️

El deporte sigue creciendo y fortaleciéndose, llegando con más oportunidades y espacios de formación a cada rincón de nuestro municipio. 🏀⚽🤸‍♂️

👉 ¡El deporte en Tuluá es vida, unión y transformación!  #ParaSerFelices","⛰️💪 Alta Montaña recibe implementación y monitores deportivos 💪⛰️

El deporte sigue creciendo y fortaleciéndose, llegando con más oportunidades y espacios de formación a cada rincón de nuestro municipio. 🏀⚽🤸‍♂️

👉 ¡El deporte en Tuluá es vida, unión y transformación!  #ParaSerFelices",79,"09/15/2025 09:15",N/A,https://www.facebook.com/reel/1120715546182425/,1,0,Reels,,,,,Total,2789,1314,169,94,7,68,20,,20,,,14839.32,5.814,0,0,,
1237792445054752,100064720237286,"Alcaldía de Tuluá","🎉 ¡La Ruta de la Felicidad se vive en el Parque de la Familia! 🌳💙

Las familias tulueñas disfrutan de un domingo lleno de música, cultura, emprendimientos y alegría para todos. 🙌✨

👉 Vacunación y jornada de adopción 🐾
👉 Presentaciones artísticas y música en vivo 🎶
👉 Emprendimientos locales y espacios de bienestar 💫

💙 #LaRutaDeLaFelicidad está hecha #ParaSerFelices, y vos no te la podés perder. ¡Te esperamos!",,0,"09/14/2025 14:56",N/A,https://www.facebook.com/AlcaldiaDeTulua/posts/pfbid02AFXtjbkQc9CTDjP5Zrgz1Bzmf4Q7BxLgbKn156qTtRZihR3KgjtcjS99Qsq3LaHgl,0,0,Fotos,,,,,Total,13295,7024,104,86,2,16,1434,,399,1035,,,,,,,
1236943835139613,100064720237286,"Alcaldía de Tuluá","#Noticias | Conoce las noticias más importantes de la semana en el nuevo episodio de 45 Segundos #ParaSerFelices 🤩✌🏽","#Noticias | Conoce las noticias más importantes de la semana en el nuevo episodio de 45 Segundos #ParaSerFelices 🤩✌🏽",62,"09/13/2025 16:00",N/A,https://www.facebook.com/reel/1490418352271870/,1,0,Reels,,,,,Total,3087,2019,110,83,9,18,19,,19,,,19241.126,6.741,0,0,,
1236827515151245,100064720237286,"Alcaldía de Tuluá",,,0,"09/13/2025 11:58",N/A,https://www.facebook.com/AlcaldiaDeTulua/posts/pfbid0roozS5tGBwYi8P5Y7DnPbUkTURZiECPhEwbt2WSyeMUCvwoY93Smj3eU74MFJYMcl,0,1,Fotos,,,,,Total,2803,1650,49,35,8,6,151,,43,108,,,,,,,
1236776331823030,100064720237286,"Alcaldía de Tuluá",,,0,"09/13/2025 10:30",N/A,https://www.facebook.com/AlcaldiaDeTulua/posts/pfbid02qEqZ63HqRZcbuHTYhJbrwLSDVhPEBqFjT7ZxNaUHpiWnNTJ34wriV4yRxgoFmjWDl,0,1,Fotos,,,,,Total,7558,4090,312,224,72,16,409,,356,53,,,,,,,
1236776261823037,100064720237286,"Alcaldía de Tuluá",,,0,"09/13/2025 10:30",N/A,https://www.facebook.com/AlcaldiaDeTulua/posts/pfbid0p9Vm6UocZeuQrhLow2uc6WSQZzYHJJuVK6uzHeZ2ReBfaTGZ3CTHgM3uXZhnmm6rl,0,1,Fotos,,,,,Total,3740,2328,86,63,12,11,259,,118,141,,,,,,,
1236756995158297,100064720237286,"Alcaldía de Tuluá","🎙️ #ElPodcastDeVélez | Episodio 31. Un cumpleaños entre obras 🎂🏗️

Hoy, en el día de su cumpleaños, el alcalde Gustavo Vélez comparte con los tulueños un recorrido muy especial: supervisar y entregar dos grandes proyectos que marcarán la historia de Tuluá.  La PTAR de Nariño, una petición histórica que beneficiará a más de 7.000 habitantes, garantizando agua más limpia y segura, mejor salud y nuevas oportunidades de progreso y El nuevo laboratorio clínico del Hospital Rubén Cruz Vélez, con más de 36 tipos de exámenes que podrán procesarse directamente en el hospital, reduciendo tiempos de espera y ofreciendo resultados confiables.","🎙️ #ElPodcastDeVélez | Episodio 31. Un cumpleaños entre obras 🎂🏗️

Hoy, en el día de su cumpleaños, el alcalde Gustavo Vélez comparte con los tulueños un recorrido muy especial: supervisar y entregar dos grandes proyectos que marcarán la historia de Tuluá.  La PTAR de Nariño, una petición histórica que beneficiará a más de 7.000 habitantes, garantizando agua más limpia y segura, mejor salud y nuevas oportunidades de progreso y El nuevo laboratorio clínico del Hospital Rubén Cruz Vélez, con más de 36 tipos de exámenes que podrán procesarse directamente en el hospital, reduciendo tiempos de espera y ofreciendo resultados confiables.",1054,"09/13/2025 10:01",auto,https://www.facebook.com/AlcaldiaDeTulua/videos/1150350606969272/,1,0,Videos,,,,,Total,2653,2347,174,87,21,66,64,,64,,,35134.863,14.615,0,0,0,
1236102731890390,100064720237286,"Alcaldía de Tuluá","Alcaldía de Tuluá actualizó su foto de portada.",,0,"09/12/2025 15:40",N/A,https://www.facebook.com/photo.php?fbid=1236102731890390&set=a.404265015074170&type=3,0,0,Fotos,,,,,Total,160,99,25,23,0,2,0,,,,,,,,,,
1236095918557738,100064720237286,"Alcaldía de Tuluá","#Obras | Alcalde Gustavo Vélez entrega moderno laboratorio clínico en el Hospital Rubén Cruz Vélez E.S.E.

El alcalde Gustavo Adolfo Vélez Román encabezó la entrega oficial del nuevo laboratorio clínico de la E.S.E. Hospital Rubén Cruz Vélez, en un acto que contó con la presencia de la comunidad del barrio Rubén Cruz Vélez y sectores aledaños.

Lee la noticia completa:⬇⬇⬇
",,0,"09/12/2025 15:24",N/A,https://www.facebook.com/AlcaldiaDeTulua/posts/pfbid0sVnJYG7myTStHUNQNFLErbzx5oj3mdWHP2zWGCX2ZQdEJbyUYuwE7MLKeqpSH4qMl,0,0,Enlaces,,,,,Total,1428,947,29,20,4,5,18,15,3,,,,,,,,
1236095171891146,100064720237286,"Alcaldía de Tuluá","#Obras | Alcaldía recuperó más del 50% de vías rurales de Tuluá.

Con un trabajo articulado entre la Administración Municipal y los líderes comunitarios, se ha logrado el mejoramiento de más del 50% de las vías terciarias de Tuluá, beneficiando la movilidad de campesinos que día a día bajan sus productos hasta el casco urbano.

Lee la noticia completa: ⬇⬇⬇",,0,"09/12/2025 15:22",N/A,https://www.facebook.com/AlcaldiaDeTulua/posts/pfbid02iQBnjx6Pb5Ccd7tLdTNNJWnCG1buAc545hFjoSV74DGFYgvZaTaYiiPX2RDbyjAzl,0,0,Enlaces,,,,,Total,3777,2316,122,75,27,20,51,21,30,,,,,,,,
1236017015232295,100064720237286,"Alcaldía de Tuluá","🌳Recuerdos que vuelven al parque✌🏽💙

El alcalde @gustavovelezr creció en el barrio Sajonia y hoy revive sus memorias de infancia en el parque “Las Acacias”, un lugar que ahora está transformando para las familias tulueñas ✨👦.

Y tú, ¿qué recuerdos de tu niñez guardas en tu barrio? 🏃‍♀️⚽🎶
👉 Cuéntanos en los comentarios 💭","🌳Recuerdos que vuelven al parque✌🏽💙

El alcalde @gustavovelezr creció en el barrio Sajonia y hoy revive sus memorias de infancia en el parque “Las Acacias”, un lugar que ahora está transformando para las familias tulueñas ✨👦.

Y tú, ¿qué recuerdos de tu niñez guardas en tu barrio? 🏃‍♀️⚽🎶
👉 Cuéntanos en los comentarios 💭",31,"09/12/2025 12:42",N/A,https://www.facebook.com/reel/4271040786555105/,1,0,Reels,,,,,Total,37744,26350,749,603,82,64,1057,1,1056,,,466546.262,15.459,0,0,,
1235341655299831,100064720237286,"Alcaldía de Tuluá",,,0,"09/11/2025 17:35",N/A,https://www.facebook.com/AlcaldiaDeTulua/posts/pfbid0jMEFi5js5ZUqX3Tw46YVGJpG2VHP67s2QB5qJqr6yKa6n9MtNsioEq3ed8myPwJhl,0,1,Fotos,,,,,Total,4858,2800,93,68,10,15,545,,236,309,,,,,,,
1235187451981918,100064720237286,"Alcaldía de Tuluá","#Salud | 80 adultos mayores vacunados contra neumococo en el “Centro Día Para Ser Felices”

Buscando fortalecer las acciones en salud y bienestar de la población adulta mayor, esta semana se realizó una jornada de vacunación contra el neumococo en el Centro Día Para Ser Felices, beneficiando a 80 adultos mayores que ahora cuentan con mayor protección frente a enfermedades respiratorias agudas y graves.

Lee la noticia completa: ⬇⬇⬇
",,0,"09/11/2025 12:25",N/A,https://www.facebook.com/AlcaldiaDeTulua/posts/pfbid0pbNxpWgCaxnzn4CFAApXrCRLdXVYsgttKBSsGhSGjLzrt6Vim9ms8zD7kQkapnHQl,0,0,Enlaces,,,,,Total,2954,1892,49,38,0,11,26,19,7,,,,,,,,
1235185041982159,100064720237286,"Alcaldía de Tuluá","#PrevencionDelSuicidio| Alcaldía conmemora el Día de la Prevención del Suicid10 en colegios de Tuluá

En el marco del Día Internacional de la Prevención del Suicidio, la Administración Municipal, a través de la Secretaría de Salud, realizó una jornada de sensibilización y educación en diferentes Instituciones Educativas del municipio. 

Lee la noticia completa:⬇⬇⬇
",,0,"09/11/2025 12:20",N/A,https://www.facebook.com/AlcaldiaDeTulua/posts/pfbid0VPSGDJP1DYqHcpJL7rcThn5NEG5f9fSn5sKqzBC4S3dsYN17trbWc4hrvAh27R1Tl,0,0,Enlaces,,,,,Total,1271,826,16,11,0,5,7,5,2,,,,,,,,
1235174251983238,100064720237286,"Alcaldía de Tuluá","#Gobierno | Alcaldía conmemoró el Día de los Derechos Humanos con foro de liderazgo femenino.

Con la participación de más de 200 mujeres tulueñas, se llevó a cabo el foro “Tejiendo redes para el fortalecimiento del liderazgo social en Tuluá”, un espacio de diálogo y construcción social organizado por la Administración Municipal en conmemoración del Día Nacional de los Derechos Humanos, con el propósito de resaltar el papel vital de las mujeres líderes en el municipio.

Lee la noticia completa: 
",,0,"09/11/2025 12:00",N/A,https://www.facebook.com/AlcaldiaDeTulua/posts/pfbid0F518oT1qje41AFbc8sZLV1ySJ4bUuDhohxBjMZjBjMCHGkj7gQE8HxqgKXE2Qc5Zl,0,0,Enlaces,,,,,Total,1134,709,17,13,0,4,7,6,1,,,,,,,,
1235043315329665,100064720237286,"Alcaldía de Tuluá","💉👵👴 80 adultos mayores del Centro Día recibieron la vacuna contra el neumococo 🛡️

Un espacio donde, además de cuidado, disfrutaron de más recreación, atención y alegría. Porque ellos merecen estar bien y #ParaSerFelices 💙✨","💉👵👴 80 adultos mayores del Centro Día recibieron la vacuna contra el neumococo 🛡️

Un espacio donde, además de cuidado, disfrutaron de más recreación, atención y alegría. Porque ellos merecen estar bien y #ParaSerFelices 💙✨",56,"09/11/2025 08:29",N/A,https://www.facebook.com/reel/631857809742356/,1,0,Reels,,,,,Total,1785,1185,90,40,0,50,6,,6,,,12632.198,7.954,0,0,,
1234512128716117,100064720237286,"Alcaldía de Tuluá",,,0,"09/10/2025 18:23",N/A,https://www.facebook.com/AlcaldiaDeTulua/posts/pfbid0Tqmtvuk32SFUspKvLhXfNPqJP5Xm798fP9mrP3bHA3sm4CSFRd88xUUMpQ78uqR9l,0,1,Fotos,,,,,Total,1124,713,21,16,0,5,29,,11,18,,,,,,,
1234507768716553,100064720237286,"Alcaldía de Tuluá","🍯🌱 En el campo también transformamos vidas 🌱🍯

Don José, apicultor de 📍Maravelez, recibió de la Administración Municipal insumos, implementos y capacitaciones que fortalecen su trabajo en el campo 🐝🍊🥦. Hoy, gracias a este apoyo, produce con más fuerza frutas, verduras y miel de abeja que llegan a la mesa de los tulueños 💙✨

Conoce aquí su historia 👇
#ParaSerFelices","🍯🌱 En el campo también transformamos vidas 🌱🍯

Don José, apicultor de 📍Maravelez, recibió de la Administración Municipal insumos, implementos y capacitaciones que fortalecen su trabajo en el campo 🐝🍊🥦. Hoy, gracias a este apoyo, produce con más fuerza frutas, verduras y miel de abeja que llegan a la mesa de los tulueños 💙✨

Conoce aquí su historia 👇
#ParaSerFelices",82,"09/10/2025 18:16",uploaded,https://www.facebook.com/reel/1812418866375396/,1,0,Reels,,,,,Total,2906,1303,111,54,0,57,16,,16,,,13990.091,5.218,0,0,,
1234268958740434,100064720237286,"Alcaldía de Tuluá","💛🧠 Día Internacional de la Prevención del Sulcidi0

Hoy llegamos a diferentes colegios de Tuluá para educar, sensibilizar y acompañar a nuestros niños, identificando a tiempo posibles alertas tempranas.
📞 Recuerda: la Línea 106 de la Gobernación del Valle del Cauca (@gobvalle, @secsaludvalle) está disponible las 24 horas para escuchar, orientar y apoyar a quien lo necesite.

👉 Tu salud mental es primero, no estás solo.","💛🧠 Día Internacional de la Prevención del Sulcidi0

Hoy llegamos a diferentes colegios de Tuluá para educar, sensibilizar y acompañar a nuestros niños, identificando a tiempo posibles alertas tempranas.
📞 Recuerda: la Línea 106 de la Gobernación del Valle del Cauca (@gobvalle, @secsaludvalle) está disponible las 24 horas para escuchar, orientar y apoyar a quien lo necesite.

👉 Tu salud mental es primero, no estás solo.",32,"09/10/2025 10:22",N/A,https://www.facebook.com/reel/1868069304059179/,1,0,Reels,,,,,Total,919,685,28,21,0,7,1,,1,,,3419.563,4.175,0,0,,
1233646685469328,100064720237286,"Alcaldía de Tuluá","#Obras | Avanza construcción de nuevo muro en Institución Educativa Técnica Industrial.

Siguiendo con los recorridos de verificación en las diferentes instituciones educativas, el secretario de Educación, Robert Posada Rosero, atendió una de las necesidades más sentidas de los estudiantes de la Institución Educativa Técnica Industrial Carlos Sarmiento Lora, que durante años venía solicitando la intervención. 

Lee la noticia completa:⬇️⬇️⬇️
",,0,"09/09/2025 17:05",N/A,https://www.facebook.com/AlcaldiaDeTulua/posts/pfbid0RA9hsLtHwN2CyGpvxDLhCZpLka4hfCct4dXTV8VYxttju5Bjs5HNiMceXo1wL2ppl,0,0,Enlaces,,,,,Total,4928,2959,103,80,2,21,49,38,11,,,,,,,,
1233645908802739,100064720237286,"Alcaldía de Tuluá","#Cultura | La Ruta de la Felicidad llegó al Lago Chilicote con salud, cultura y alegría.

El Lago Chilicote se convirtió en escenario de unión y alegría con la llegada de la Ruta de la Felicidad, una estrategia liderada por el alcalde Gustavo Vélez para descentralizar los servicios de la Administración Municipal y llevarlos directamente a las comunidades.

Lee la noticia completa:⬇️⬇️⬇️",,0,"09/09/2025 17:03",N/A,https://www.facebook.com/AlcaldiaDeTulua/posts/pfbid02VHyX3BPDD11sgYbENtAxBWL7k13WcJiyT7rmx4fEEppHa5HbkiuHVumvXhCpVAnAl,0,0,Enlaces,,,,,Total,1501,828,28,22,0,6,10,7,3,,,,,,,,
1233583198809010,100064720237286,"Alcaldía de Tuluá","🚀 Más oportunidades, más derechos: 11 Políticas Públicas en Tuluá.

Por primera vez estamos formulando juntos más de 11 Políticas Públicas 🙌 que garantizan oportunidades, apoyo y respeto a los derechos de todos. 👉 En este video, Diego te cuenta qué son y para qué sirven en nuestro municipio. Acércate a Bienestar Social y sé parte de la transformación de Tuluá 💪🌱 #ParaSerFelices","🚀 Más oportunidades, más derechos: 11 Políticas Públicas en Tuluá.

Por primera vez estamos formulando juntos más de 11 Políticas Públicas 🙌 que garantizan oportunidades, apoyo y respeto a los derechos de todos. 👉 En este video, Diego te cuenta qué son y para qué sirven en nuestro municipio. Acércate a Bienestar Social y sé parte de la transformación de Tuluá 💪🌱 #ParaSerFelices",53,"09/09/2025 14:46",N/A,https://www.facebook.com/reel/24806610728979007/,1,0,Reels,,,,,Total,1844,1396,68,51,3,14,36,,36,,,17751.026,10.566,0,0,,
1233573035476693,100064720237286,"Alcaldía de Tuluá",,,0,"09/09/2025 14:22",N/A,https://www.facebook.com/AlcaldiaDeTulua/posts/pfbid02wKFyQ3pZGxBKx2qBEKcqa62sQ976jDvvaEdRuX2i9gxASoFkWQs2tpqcEMVb5KQ3l,0,1,Texto,,,,,Total,,931,29,29,0,0,60,,60,,,,,,,,
1233529732147690,100064720237286,"Alcaldía de Tuluá","#Noticias | Tulueños disfrutaron del Festival de Cometas en Tuluá.

Con el objetivo de fortalecer la unión familiar, rescatar las tradiciones y generar oportunidades para los emprendedores locales, la Administración Municipal, la Central de Transportes, Infituluá y la emisora La Bakana, realizaron el Festival Cometas 2025, donde más de mil personas, entre familias, niños y jóvenes, se dieron cita para disfrutar de una jornada llena de color, creatividad y alegría que tuvo como escenario el cielo tulueño. 

Lee la noticia completa:⬇⬇⬇
",,0,"09/09/2025 12:46",N/A,https://www.facebook.com/AlcaldiaDeTulua/posts/pfbid02w72YXMHoJGie9F4kAoqiSTn4GpBPn8Q4HgYjezRvrPMm9QLrZHnfTPnQqevKL4Mtl,0,0,Enlaces,,,,,Total,1220,773,20,16,0,4,4,4,,,,,,,,,
1232796542221009,100064720237286,"Alcaldía de Tuluá","#BienestarSocial #Deportes | Comuna 8 en movimiento llegó a Bosques de Maracaibo con arte, cultura y deporte

Con música, danza y actividades deportivas, más de 200 personas se unieron a este espacio de integración comunitaria reunió a habitantes de los sectores aledaños en un encuentro cargado de alegría y talento local.

Lee la noticia completa:⬇️⬇️⬇️
",,0,"09/08/2025 14:58",N/A,https://www.facebook.com/AlcaldiaDeTulua/posts/pfbid02eJYbkwnoTJYQ9npGyMHegsGEsjc1p8kga8LGuECG2saoAn9uSsk815JBGhNe3DEDl,0,0,Enlaces,,,,,Total,2349,1560,30,24,1,5,31,30,1,,,,,,,,
1232795788887751,100064720237286,"Alcaldía de Tuluá","#BienestarSocial | Prosperidad Social busca adultos mayores para el Pilar Solidario en Tuluá

Prosperidad Social abrió una convocatoria en Tuluá para localizar a 3.662 adultos mayores que aún no están inscritos en programas sociales . El propósito es avanzar en la transición del programa Colombia Mayor al Pilar Solidario, prevista para 2026.

Lee la noticia completa:⬇️⬇️⬇️
",,0,"09/08/2025 14:56",N/A,https://www.facebook.com/AlcaldiaDeTulua/posts/pfbid02AZfNHF2ziVrEbrkjK3J7y3PcwoRAVfVkVMoHtk76drRGCB147ViPQ5LaZsJf7HpPl,0,0,Enlaces,,,,,Total,17896,11867,101,58,12,31,463,208,255,,,,,,,,
1232795428887787,100064720237286,"Alcaldía de Tuluá",,,0,"09/08/2025 14:55",N/A,https://www.facebook.com/AlcaldiaDeTulua/posts/pfbid02FkyN1Ai6FNZqF2XiHFYHExiCHgpkMPExJhkqp7jZ7mNyvq5G1f39jRaQPTSQW14sl,0,1,Texto,,,,,Total,,,,,,,1,,1,,,,,,,,
1232703588896971,100064720237286,"Alcaldía de Tuluá","🌬️✨ Más de 1000 tulueños se unieron al Gran Festival de Cometas 🎏 en la 📍Central de Transportes 🚍

Un fin de semana lleno de familia, alegría y color, con concursos de la cometa más grande, la más pequeña y la más creativa 🎨.
Entre juegos, cultura y diversión 🎶👨‍👩‍👧‍👦 despedimos el mes del viento con unión y felicidad. 💫🙌 #ParaSerFelices","🌬️✨ Más de 1000 tulueños se unieron al Gran Festival de Cometas 🎏 en la 📍Central de Transportes 🚍

Un fin de semana lleno de familia, alegría y color, con concursos de la cometa más grande, la más pequeña y la más creativa 🎨.
Entre juegos, cultura y diversión 🎶👨‍👩‍👧‍👦 despedimos el mes del viento con unión y felicidad. 💫🙌 #ParaSerFelices",60,"09/08/2025 11:37",auto,https://www.facebook.com/reel/1284897999544915/,1,0,Reels,,,,,Total,1231,1029,36,29,0,7,13,,13,,,6710.614,5.785,0,0,,
1232501468917183,100064720237286,"Alcaldía de Tuluá","#Seguridad | Alcaldía anuncia medidas para proteger a menores y la vida nocturna en Tuluá.

Estas decisiones surgen como resultado de un análisis de seguridad y de la necesidad de prevenir situaciones que puedan poner en riesgo a la comunidad, especialmente a niños, adolescentes y conductores.

Lee la noticia completa:⬇️⬇️⬇️
",,0,"09/08/2025 06:03",N/A,https://www.facebook.com/AlcaldiaDeTulua/posts/pfbid0XpePcathSLMVZTEXKf3qH193dAqjvXvYmyrBswVXY1eKZga45LofWdLvJ7B7Rm19l,0,0,Enlaces,,,,,Total,1931,1221,20,17,1,2,78,70,8,,,,,,,,
1232500062250657,100064720237286,"Alcaldía de Tuluá","#Obras | 35% de avance de obra en remodelación del Parque del Sajonia.

Con la construcción de nuevos senderos peatonales con colores llamativos, guías para personas con discapacidad visual y accesos especiales para quienes tienen movilidad reducida, avanza la remodelación del parque Las Acacias, conocido por todos como el parque del barrio Sajonia, que ya registra un 35% de ejecución.

Lee la noticia completa:⬇️⬇️⬇️
",,0,"09/08/2025 06:01",N/A,https://www.facebook.com/AlcaldiaDeTulua/posts/pfbid02wybGmBjT8ahvLjJLSBRBm6Bai9wnW1ywLzRUbFJ4S5PC77i78jiGZEW9ZbsLuSy1l,0,0,Enlaces,,,,,Total,1522,936,48,36,2,10,9,7,2,,,,,,,,
1232498802250783,100064720237286,"Alcaldía de Tuluá","#Gobierno | Accidente con equino en Tuluá genera llamado a la responsabilidad ciudadana.

La Secretaría de Gobierno, con el apoyo de la Policía Nacional Ambiental y el Departamento Administrativo de Movilidad y Seguridad Vial, atendió un caso de bienestar animal en el que un equino fue atropellado por un vehículo en zona urbana de Tuluá.

Lee la noticia completa:⬇️⬇️⬇️
",,0,"09/08/2025 05:59",N/A,https://www.facebook.com/AlcaldiaDeTulua/posts/pfbid02bTdxHgW1n9TCvB2ipP8Krpg78JESJ5UQMdYDL9s4Ms16CY4bS2ACRQnEJtiaoorVl,0,0,Enlaces,,,,,Total,1563,990,18,13,1,4,20,17,3,,,,,,,,
1232110278956302,100064720237286,"Alcaldía de Tuluá",,,0,"09/07/2025 18:24",N/A,https://www.facebook.com/AlcaldiaDeTulua/posts/pfbid0LFDnhM9Bz1aXasLSxPRxd37yF1hwKV4n99nXCsitgHqWG8Tw1DBPW1ycfZYw9wjpl,0,1,Fotos,,,,,Total,2307,1372,26,21,0,5,192,,65,127,,,,,,,
1232095185624478,100064720237286,"Alcaldía de Tuluá","🌈 El Lago Chilicote recibió a la Ruta de la felicidad 🤩✨💙

Las familias de Sajonia, Salesianos y barrios aledaños vivieron una jornada inolvidable con salud 🩺, vacunación para peluditos 🐶🐾, arte y cultura 🎭, música en vivo 🎶 y toda la oferta institucional de la Alcaldía.

Un encuentro lleno de sonrisas, unión y alegría #ParaSerFelices ✨🌟",,0,"09/07/2025 17:59",N/A,https://www.facebook.com/AlcaldiaDeTulua/posts/pfbid0P4bjNYE2pinzokdkLAE941dSVUQvLamV2pxRyCPgdZyK6dBYqwpnuDW8C5tdBYBql,0,0,Fotos,,,,,Total,13754,7457,139,113,3,23,1144,,292,852,,,,,,,
1231760502324613,100064720237286,"Alcaldía de Tuluá","🚔👊 Capturadas 5 personas que hurtaban el comercio en Tuluá🚨

Gracias a la denuncia ciudadana y a la rápida reacción de la @policiavalledelcauca, fueron capturadas 5 personas (3 hombres y 2 mujeres) señaladas de hurtar en establecimientos comerciales.

🔫 En el operativo se incautó un arma traumática y se recuperaron elementos robados.

📞 Recuerda: ante cualquier hecho delictivo, denuncia a la línea 123.","🚔👊 Capturadas 5 personas que hurtaban el comercio en Tuluá🚨

Gracias a la denuncia ciudadana y a la rápida reacción de la @policiavalledelcauca, fueron capturadas 5 personas (3 hombres y 2 mujeres) señaladas de hurtar en establecimientos comerciales.

🔫 En el operativo se incautó un arma traumática y se recuperaron elementos robados.

📞 Recuerda: ante cualquier hecho delictivo, denuncia a la línea 123.",87,"09/07/2025 08:05",uploaded,https://www.facebook.com/reel/1084605993860566/,1,0,Reels,,,,,Total,3525,1679,142,113,9,20,82,,82,,,69579.566,20.926,0,0,,
1231666789000651,100064720237286,"Alcaldía de Tuluá","🎶💃✨ Comuna 8 en movimiento regresó a Bosques de Maracaibo 🌳

Más de 200 personas disfrutaron de arte, cultura, deporte e inclusión en un encuentro lleno de alegría y talento local. 💙🙌 Espacios para que nuestras familias sean felices 💙✌🏽","🎶💃✨ Comuna 8 en movimiento regresó a Bosques de Maracaibo 🌳

Más de 200 personas disfrutaron de arte, cultura, deporte e inclusión en un encuentro lleno de alegría y talento local. 💙🙌 Espacios para que nuestras familias sean felices 💙✌🏽",31,"09/07/2025 06:01",N/A,https://www.facebook.com/reel/1723476258357600/,1,0,Reels,,,,,Total,3641,1779,135,71,4,60,59,,59,,,19728.896,5.633,0,0,,
1231338042366859,100064720237286,"Alcaldía de Tuluá",,,0,"09/06/2025 20:00",N/A,https://www.facebook.com/AlcaldiaDeTulua/posts/pfbid02fsdHajbjsqhA14Er1Q4ieMVf7f14MXAMkWfgxPURVcpUMmKTGhtU2DPQBPNagYAWl,0,1,Fotos,,,,,Total,1524,1005,20,16,0,4,36,,12,24,,,,,,,
1231337532366910,100064720237286,"Alcaldía de Tuluá",,,0,"09/06/2025 19:59",N/A,https://www.facebook.com/AlcaldiaDeTulua/posts/pfbid03GamL6T9oXvkRGLv7rQKqJwEHh9js3Lhp53zVoCFUzn1zDcfqKPKpWcCekAMpJp7l,0,1,Fotos,,,,,Total,864,552,12,12,0,0,6,2,1,3,,,,,,,
1231252482375415,100064720237286,"Alcaldía de Tuluá","#Noticias | Conoce las noticias más importantes de la semana en el nuevo episodio de 45 Segundos #ParaSerFelices 🤩✌🏽","#Noticias | Conoce las noticias más importantes de la semana en el nuevo episodio de 45 Segundos #ParaSerFelices 🤩✌🏽",82,"09/06/2025 17:25",uploaded,https://www.facebook.com/reel/1331611455150074/,1,0,Reels,,,,,Total,1628,1194,83,71,1,11,27,1,26,,,18831.909,11.956,0,0,,
1231043055729691,100064720237286,"Alcaldía de Tuluá","🎙️ #ElPodcastdeVélez | Episodio 30. El futuro está aquí: Tuluá en el segundo semestre del 2025.

En este episodio, el alcalde Gustavo Vélez habla sobre la generación de empleo en el segundo semestre a través del deporte, el bienestar social, el arte y la cultura. 💼✨
También cuenta cómo las jornadas descentralizadas acercan la Administración a los diferentes sectores del municipio, tanto urbanos como rurales, y de la renovación de infraestructuras en salud para brindar espacios más dignos a los tulueños. 🏥💙","🎙️ #ElPodcastdeVélez | Episodio 30. El futuro está aquí: Tuluá en el segundo semestre del 2025.

En este episodio, el alcalde Gustavo Vélez habla sobre la generación de empleo en el segundo semestre a través del deporte, el bienestar social, el arte y la cultura. 💼✨
También cuenta cómo las jornadas descentralizadas acercan la Administración a los diferentes sectores del municipio, tanto urbanos como rurales, y de la renovación de infraestructuras en salud para brindar espacios más dignos a los tulueños. 🏥💙",1277,"09/06/2025 10:09",auto,https://www.facebook.com/AlcaldiaDeTulua/videos/1108679701468642/,0,0,Videos,,,,,Total,439,2246,214,150,29,35,129,,129,,,62421.306,23.084,0,0,0,
1230621719105158,100064720237286,"Alcaldía de Tuluá","🌺✨ ¡La cultura se vivió a lo grande en el corregimiento de Nariño! 🎶💃

Una tarde llena de música en vivo, arte y danza que unió a la comunidad en un espacio de alegría y tradición. 💙🌿

Gracias a todos los que nos acompañaron y hicieron parte de esta experiencia inolvidable. 🙌🎉

#culturaalparque",,0,"09/05/2025 22:14",N/A,https://www.facebook.com/AlcaldiaDeTulua/posts/pfbid02UWDVeG9eDjc1U59JN8TtmY3EozkEQVoXeZJfaESYuFsNe2pg4nBuQTkSTmJzoVfYl,0,0,Fotos,,,,,Total,5988,3757,75,56,3,16,278,,86,192,,,,,,,
1230395039127826,100064720237286,"Alcaldía de Tuluá","🎶💃 Cultura al Barrio llegó a Siete Canchas con música, arte y mucho sabor.

La comunidad disfrutó de una tarde llena de alegría, cultura y diversión 🌟🙌.

Seguimos llevando espacios que transforman y llenan de vida a cada rincón de Tuluá 💙✨.
#ParaSerFelices","🎶💃 Cultura al Barrio llegó a Siete Canchas con música, arte y mucho sabor.

La comunidad disfrutó de una tarde llena de alegría, cultura y diversión 🌟🙌.

Seguimos llevando espacios que transforman y llenan de vida a cada rincón de Tuluá 💙✨.
#ParaSerFelices",41,"09/05/2025 14:59",uploaded,https://www.facebook.com/reel/778691081689515/,1,0,Reels,,,,,Total,1118,867,46,36,0,10,11,,11,,,5323.44,5.153,0,0,,
1230266179140712,100064720237286,"Alcaldía de Tuluá","🌳✨ Desliza y descubre cómo avanza la transformación del Parque Las Acacias en el 📍Sajonia.

✅ 35% de ejecución en obras de remodelación
🚶‍♀️ Senderos peatonales incluyentes
💪 Zonas de ejercicio y recreación
👨‍👩‍👧 Espacios para toda la familia
Y muchos más... 

Un parque moderno, accesible y lleno de vida para la comunidad 🌳💙 #ParaSerFelices",,0,"09/05/2025 10:54",N/A,https://www.facebook.com/AlcaldiaDeTulua/posts/pfbid05VETi5AmGFiC5fJ17pUbAzhz5YykydgrrupFcU6k82ZSrvCnKd9U83eNATdQpfj3l,0,0,Fotos,,,,,Total,5698,2880,99,68,9,22,413,,113,300,,,,,,,
1229668729200457,100064720237286,"Alcaldía de Tuluá","🌟 La cultura llegó al barrio Siete Canchas para compartir con grandes y chicos momentos inolvidables.✨

Arte 🎨, alegría 😄, danzas 💃, regalos 🎁 y mucho más 🎶💚 Transformamos espacios #ParaSerFelices",,0,"09/04/2025 18:04",N/A,https://www.facebook.com/AlcaldiaDeTulua/posts/pfbid023bhBrLdYqVAMfy6hAW9sSbQzpjokGqwhFFS7jBFeewkwJZipgxaXoVBCSmV3bxaNl,0,0,Fotos,,,,,Total,5749,3264,87,66,8,13,279,,79,200,,,,,,,
1229599725874024,100064720237286,"Alcaldía de Tuluá","🚦👨‍👩‍👧‍👦 ¡Llevamos educación vial a padres y estudiantes!

En Tuluá construimos cultura ciudadana💪🏼 educando a padres de familia y estudiantes en conciencia vial para enseñar a movilizarnos con responsabilidad, ser ejemplo de respeto en las vías 🛑🚗 y transformar nuestras calles en espacios seguros. ✨ #ParaSerFelices","🚦👨‍👩‍👧‍👦 ¡Llevamos educación vial a padres y estudiantes!

En Tuluá construimos cultura ciudadana💪🏼 educando a padres de familia y estudiantes en conciencia vial para enseñar a movilizarnos con responsabilidad, ser ejemplo de respeto en las vías 🛑🚗 y transformar nuestras calles en espacios seguros. ✨ #ParaSerFelices",50,"09/04/2025 16:10",uploaded,https://www.facebook.com/reel/745123445010277/,1,0,Reels,,,,,Total,17441,14869,351,282,42,27,335,,335,,,244739.294,15.583,0,0,,
1229587849208545,100064720237286,"Alcaldía de Tuluá","#Salud | Después de 30 años Hospital Rubén Cruz estrena laboratorio.

Con una inversión de más de 1.000 millones de pesos de recursos propios, la E.S.E. Hospital Rubén Cruz Vélez inauguró su propio laboratorio clínico, marcando un hecho histórico para esta entidad después de 30 años de utilizar servicios de laboratorio médico tercerizado.

Lee la noticia completa:⬇⬇⬇",,0,"09/04/2025 15:44",N/A,https://www.facebook.com/AlcaldiaDeTulua/posts/pfbid02fCe1McoJHjdz7NAC3YDnQ5xRHpwDaRLeevCDpon7REwKn7ah5KGq76E67GZFqamVl,0,0,Enlaces,,,,,Total,13446,8851,124,93,10,21,214,78,136,,,,,,,,
1229578452542818,100064720237286,"Alcaldía de Tuluá","#Seguridad | Golpe al microtráfico y a la instrumentalización de menores en Tuluá.

Gracias al trabajo articulado con la Policía Nacional, en el marco de la estrategia Seguros, cercanos y presentes,  se logró la captura de cinco personas y la aprehensión de un menor de 17 años en los barrios Entre Ríos y La Cruz, debilitando de manera directa las redes dedicadas al microtráfico en el municipio.

Lee la noticia completa:⬇⬇⬇",,0,"09/04/2025 15:22",N/A,https://www.facebook.com/AlcaldiaDeTulua/posts/pfbid0AhkA5TnUr2pu2Vi5hoouPJT5gpkrCEUh6VcWDwwMxVez9arKnUwTWGgCDJUdCKSjl,0,0,Enlaces,,,,,Total,2264,1368,34,26,0,8,46,31,15,,,,,,,,
1229576782542985,100064720237286,"Alcaldía de Tuluá","#Turismo | Alcaldía capacita a camareros y camareras del sector hotelero.

Con la participación de 39 personas pertenecientes a 17 hoteles de la zona urbana y rural de Tuluá, la Alcaldía Municipal, en convenio con Cotelco Regional Valle y la Cámara de Comercio de Tuluá, dio inicio a la primera capacitación gratuita para camareras y camareros de piso del sector de alojamiento.

Lee la noticia completa: ⬇⬇⬇
",,0,"09/04/2025 15:19",N/A,https://www.facebook.com/AlcaldiaDeTulua/posts/pfbid02iDp3NhPoPjC2PaQr8oa62EJgr6aZDmq5JgcBjFDBcD7xBkyk4XJ5NtTb8aMHpVvdl,0,0,Enlaces,,,,,Total,1309,813,34,26,1,7,11,5,6,,,,,,,,
1229572192543444,100064720237286,"Alcaldía de Tuluá","#Obras | Socialización de obras en La Marina anuncia embellecimiento del parque e iluminación vial.

Durante una jornada de socialización con la comunidad del corregimiento de La Marina, la Administración Municipal presentó las obras que se adelantarán en esta zona rural de Tuluá y sectores vecinos como El Brasil, El Bergel y La Iberia.

Lee la noticia completa: ⬇⬇⬇
",,0,"09/04/2025 15:07",N/A,https://www.facebook.com/AlcaldiaDeTulua/posts/pfbid0XJipj46T4g4LVPj2NXSBwoifDJinmnxVsPaZN9PN1DxUxu8ELPDNFtEXBaAbs3eal,0,0,Enlaces,,,,,Total,2257,1402,53,36,5,12,39,35,4,,,,,,,,
1229408175893179,100064720237286,"Alcaldía de Tuluá","En Tuluá vivimos rodeados de verde 💚🌿 Montañas, humedales, parques y ese airecito fresquito que tanto nos gusta 😌🌬️
¿Y el tuyo? 👀 Cuéntanos tu color favorito en los comentarios 🎨👇 #ParaSerFelices","En Tuluá vivimos rodeados de verde 💚🌿 Montañas, humedales, parques y ese airecito fresquito que tanto nos gusta 😌🌬️
¿Y el tuyo? 👀 Cuéntanos tu color favorito en los comentarios 🎨👇 #ParaSerFelices",66,"09/04/2025 10:01",mixed,https://www.facebook.com/reel/2692742107600774/,1,0,Reels,,,,,Total,1356,956,75,54,5,16,10,,10,,,7448.63,5.925,0,0,,
1228725909294739,100064720237286,"Alcaldía de Tuluá","🌟 Las oportunidades transforman vidas 🌟

Laura Valentina encontró en la Administración Municipal su primer empleo, y hoy, desde el programa “Vení, hablemos”, abre caminos para que más jóvenes también hagan realidad sus sueños. 💙✨ Conoce aquí su historia. #ParaSerFelices","🌟 Las oportunidades transforman vidas 🌟

Laura Valentina encontró en la Administración Municipal su primer empleo, y hoy, desde el programa “Vení, hablemos”, abre caminos para que más jóvenes también hagan realidad sus sueños. 💙✨ Conoce aquí su historia. #ParaSerFelices",67,"09/03/2025 16:28",uploaded,https://www.facebook.com/reel/758764246933907/,1,0,Reels,,,,,Total,7530,2158,618,425,73,120,196,,196,,,78404.965,11.636,0,0,,
1228653852635278,100064720237286,"Alcaldía de Tuluá","🎡✨ ¡Samuel te invita a divertirte en Bicentenario Plaza! ✨🎡👦👉 Nuestro pequeño anfitrión te muestra dónde están los juegos más divertidos y ¡a precios mucho más económicos! 🕹️🎯🚗💨 Además, disfruta de parqueadero gratis y no te pierdas los 🍦 mejores helados del mundo mundial.¿Qué esperas? 😍Ven con tu familia a vivir momentos únicos en Bicentenario Plaza, Tuluá 🏙️💙#BicentenarioPlaza #Tuluá #DiversiónEnFamilia #Helados #juegos","🎡✨ ¡Samuel te invita a divertirte en Bicentenario Plaza! ✨🎡👦👉 Nuestro pequeño anfitrión te muestra dónde están los juegos más divertidos y ¡a precios mucho más económicos! 🕹️🎯🚗💨 Además, disfruta de parqueadero gratis y no te pierdas los 🍦 mejores helados del mundo mundial.¿Qué esperas? 😍Ven con tu familia a vivir momentos únicos en Bicentenario Plaza, Tuluá 🏙️💙#BicentenarioPlaza #Tuluá #DiversiónEnFamilia #Helados #juegos",58,"09/03/2025 14:26",N/A,https://www.facebook.com/reel/4162595484060566/,0,0,Reels,,,,,Total,2137,1982,58,49,1,8,53,,53,,,23036.288,11.693,0,0,,
1228648825969114,100064720237286,"Alcaldía de Tuluá","🍃✨ ¡Septiembre llegó con todo! ✨🍃

Arte, música en vivo, deporte, recreación, inclusión y cometas 🪁🎶⚽🎨
Agéndate y desliza 👉 para conocer toda la programación que tenemos para ti y tu familia en este fin de semana. #ParaSerFelices ✨💙💪🏼",,0,"09/03/2025 14:16",N/A,https://www.facebook.com/AlcaldiaDeTulua/posts/pfbid0FQzHrY8bdELQaktLqEWkVHuNK3r1v8yo3LASL2f6NHqi3MG7UxDK9bJ9kNmsn658l,0,0,Fotos,,,,,Total,3613,2025,45,31,1,13,199,,34,165,,,,,,,
1228589695975027,100064720237286,"Alcaldía de Tuluá","¡Historias que transforman!🌟Juan Pablo encontró una herramienta en los Puntos Innova que lo llevó a emprender 👨‍💼. Tres semana bastaron para aprender a vectorizar y empezar su nuevo proyecto🚀. Nos contó que ya ha recibido varios pedidos 🧾 y que agradece a la Administración Municipal en cabeza del Alcalde Gustavo Adolfo Vele Román y al Departamento TIC por poner a disposición estas herramientas que benefician a los jóvenes. Espacios que transforman para ser felices 🙌","¡Historias que transforman!🌟Juan Pablo encontró una herramienta en los Puntos Innova que lo llevó a emprender 👨‍💼. Tres semana bastaron para aprender a vectorizar y empezar su nuevo proyecto🚀. Nos contó que ya ha recibido varios pedidos 🧾 y que agradece a la Administración Municipal en cabeza del Alcalde Gustavo Adolfo Vele Román y al Departamento TIC por poner a disposición estas herramientas que benefician a los jóvenes. Espacios que transforman para ser felices 🙌",86,"09/03/2025 12:12",N/A,https://www.facebook.com/reel/782509590932789/,0,0,Reels,,,,,Total,751,647,28,24,0,4,2,,2,,,4560.686,6.441,0,0,,
1227816019385728,100064720237286,"Alcaldía de Tuluá","#Movilidad | Cambio vial reduce congestión y facilita movilidad en Tuluá.

Con el fin de mejorar la movilidad y descongestionar los accesos al centro de Tuluá, desde el Departamento Administrativo de Movilidad, se puso en marcha el cambio de sentido vial que beneficiará especialmente a los barrios Progresar y Pueblo Nuevo, al ofrecerles más alternativas seguras de desplazamiento hacia puntos estratégicos como el estadio, el centro y otros sectores de la ciudad.

Lee la noticia completa:⬇⬇⬇
",,0,"09/02/2025 16:33",N/A,https://www.facebook.com/AlcaldiaDeTulua/posts/pfbid02V7bmfvgd1dW6XwVgn7ALDRpocaQA9VfRGYQFGmr3UiEX5mhVxhG3NYrSheqby63Wl,0,0,Enlaces,,,,,Total,8824,4816,202,123,72,7,753,199,554,,,,,,,,
1227798116054185,100064720237286,"Alcaldía de Tuluá","¡Así quedó el cambio de sentido vial en La Herradura!✅💪🏼📢  Hemos leído sus comentarios y venimos a aclararles todo. 😉🚦 Nuestro agente de tránsito les explica cómo será el cambio de sentido vial y de qué manera podrán movilizarse por este sector. 🚗➡️¿Lo entendiste? 👀 Cuéntanos en los comentarios. 📝👇 #ParaSerFelices","¡Así quedó el cambio de sentido vial en La Herradura!✅💪🏼📢  Hemos leído sus comentarios y venimos a aclararles todo. 😉🚦 Nuestro agente de tránsito les explica cómo será el cambio de sentido vial y de qué manera podrán movilizarse por este sector. 🚗➡️¿Lo entendiste? 👀 Cuéntanos en los comentarios. 📝👇 #ParaSerFelices",51,"09/02/2025 15:54",N/A,https://www.facebook.com/reel/1130829152263861/,0,0,Reels,,,,,Total,14371,12752,310,147,139,24,1389,,1389,,,195694.124,16.228,0,0,,
1227526329414697,100064720237286,"Alcaldía de Tuluá","🚧 Cada vez más cerca de conectar el barrio Rojas con Escobar y Palobonito. ✅

Una obra de movilidad que cumple lo prometido y transforma la vida de la comunidad. 💪🏼✨
Los habitantes lo dicen con gratitud: estas son obras que generan confianza, unen barrios y construyen la Tuluá #ParaSerFelices 💙","🚧 Cada vez más cerca de conectar el barrio Rojas con Escobar y Palobonito. ✅

Una obra de movilidad que cumple lo prometido y transforma la vida de la comunidad. 💪🏼✨
Los habitantes lo dicen con gratitud: estas son obras que generan confianza, unen barrios y construyen la Tuluá #ParaSerFelices 💙",55,"09/02/2025 07:44",N/A,https://www.facebook.com/reel/1691018744945688/,1,0,Reels,,,,,Total,3735,1928,181,144,4,33,109,,109,,,43418.568,13.003,0,0,,
1227007269466603,100064720237286,"Alcaldía de Tuluá","🚧✨ ¡Arrancó la pavimentación del Intercambiador de la 40!

Con 100 metros listos para ingresar al barrio Fátima, comienza la transformación de uno de los corredores más importantes de Tuluá. 💙 Seguimos avanzando #ParaSerFelices","🚧✨ ¡Arrancó la pavimentación del Intercambiador de la 40!

Con 100 metros listos para ingresar al barrio Fátima, comienza la transformación de uno de los corredores más importantes de Tuluá. 💙 Seguimos avanzando #ParaSerFelices",51,"09/01/2025 15:34",uploaded,https://www.facebook.com/reel/1132230012187460/,1,0,Reels,,,,,Total,2938,2395,91,76,0,15,77,,77,,,32744.992,12.324,0,0,,
1226950629472267,100064720237286,"Alcaldía de Tuluá","#Educación | Tuluá asegura más de 13 mil millones para el PAE en 2026.

La Alcaldía de Tuluá ha logrado un importante avance en la educación municipal al asegurar más de 13 mil millones de pesos para el Programa de Alimentación Escolar (PAE) en 2026. Este logro es fundamental para garantizar la alimentación de los estudiantes en el municipio y refleja el compromiso de la secretaría de Educación con los estudiantes.

Lee la noticia completa:⬇⬇⬇
",,0,"09/01/2025 13:21",N/A,https://www.facebook.com/AlcaldiaDeTulua/posts/pfbid02zf78SYqRHp6Eqh5CT4Y9F2jA7vJwEggRzxU8SPHfVoFuvKajJqD76fTGJhRmmXzLl,0,0,Enlaces,,,,,Total,3141,1756,105,75,9,21,49,20,29,,,,,,,,
1226946666139330,100064720237286,"Alcaldía de Tuluá","#ParaSerFelices | Ruta de la Felicidad impulsó ventas al 100% en Mercado Campesino.

El corregimiento de La Marina fue escenario del Mercado Campesino, donde participaron más de 20 asociaciones rurales con una variada muestra de más de 60 productos agrícolas como verduras, frutas, lácteos y demás productos de la canasta familiar provenientes de sectores como Balsamar, La Iberia, La Moralia, Barragán, Tochecito y Piedritas. 

Lee la noticia completa:⬇⬇⬇
",,0,"09/01/2025 13:13",N/A,https://www.facebook.com/AlcaldiaDeTulua/posts/pfbid078gYHConf5MKiMwehQNJY2QL8U6Pih9TeesNNonriji8GsxUYKuCfavDMRuXcLY6l,0,0,Enlaces,,,,,Total,1393,921,30,24,0,6,13,11,2,,,,,,,,
1226932319474098,100064720237286,"Alcaldía de Tuluá",,,0,"09/01/2025 12:42",N/A,https://www.facebook.com/AlcaldiaDeTulua/posts/pfbid02RxtgEs1fr7sCANxCN646exzgC9NSfMnT8a28D4drbLksuB1dzT5uxq13dJuj1Wtvl,0,1,Texto,,,,,Total,,,,,,,8,,8,,,,,,,,
1226864362814227,100064720237286,"Alcaldía de Tuluá","#BienestarSocial | 1500 abuelitos celebraron su semana con alegría

Con juegos, actividades recreativas y deportivas más de 1.500 adultos mayores disfrutaron de la Semana del Adulto Mayor en escenarios como el Estadio Doce de Octubre, el Parque Infantil Julia Escarpeta y el Centro del Adulto Mayor en Nariño.

Lee la noticia completa:⬇⬇⬇
https://tulua.gov.co/publicaciones/6408/1500-abuelitos-celebraron-su-semana-con-alegria/",,0,"09/01/2025 10:36",N/A,https://www.facebook.com/AlcaldiaDeTulua/posts/pfbid02zCtvZuhWV1gR1ptBnZg9Tc7MsogaBHYKp6Df4BjH2FZ7pKN6LRxWyvnReLxhgXqul,0,0,Fotos,,,,,Total,1452,951,32,19,0,13,13,2,5,6,,,,,,,
1226708982829765,100064720237286,"Alcaldía de Tuluá","✨ Así vivimos la Ruta de la Felicidad en 📍La Marina ✨

Más de 20 asociaciones campesinas trajeron lo mejor del campo, 80 personas recibieron Atención Primaria en salud y 60 actualizaron su Sisbén.
Además, 32 familias accedieron a programas nacionales como Colombia Mayor y Renta Ciudadana, en medio de cultura, deporte y recreación para todos.

💫 Una jornada descentralizada que fue todo un éxito.
#ParaSerFelices ✌🏽","✨ Así vivimos la Ruta de la Felicidad en 📍La Marina ✨

Más de 20 asociaciones campesinas trajeron lo mejor del campo, 80 personas recibieron Atención Primaria en salud y 60 actualizaron su Sisbén.
Además, 32 familias accedieron a programas nacionales como Colombia Mayor y Renta Ciudadana, en medio de cultura, deporte y recreación para todos.

💫 Una jornada descentralizada que fue todo un éxito.
#ParaSerFelices ✌🏽",69,"09/01/2025 06:37",N/A,https://www.facebook.com/reel/1443246096898671/,1,0,Reels,,,,,Total,1591,1069,76,56,1,19,21,,21,,,10347.568,7.111,0,0,,
1226218602878803,100064720237286,"Alcaldía de Tuluá","La cultura en cada barrio 🎭💃🏼🎨","La cultura en cada barrio 🎭💃🏼🎨 Desde el corazón de Tuluá, cada barrio tiene su latido, su voz, su historia… y un espacio vivo para conectarte con ella. Te invitamos a descubrir los centros culturales de la Casa de la Cultura, cerca de ti:Ramiro Arana – barrio San Pedro ClaverCasa Popular Anual Cabrera – barrio Rubén CruzJulia Scarpeta – Parque InfantilFerdán Muñoz – Corregimiento AguaclaraLa Marina – zona ruralGustavo Adolfo Jaramillo – barrio La Santa CruzNelson Llanos – barrio MunicipalLino Mora – barrio Diablos RojosEdmundo Dante Arias – Corregimiento de NariñoRodrigo Díaz – barrio La TrinidadEnrique Uribe White – Casa de la Cultura (centro)✨ Porque cada barrio lleva en su esencia la fuerza de la cultura, camina, descubre el centro cultural más cercano, y…¡Inscríbete en todos nuestros talleres GRATIS!",103,"08/31/2025 16:29",N/A,https://www.facebook.com/AlcaldiaDeTulua/videos/1329759235382428/,0,0,Videos,,,,,Total,1940,1711,80,62,1,17,32,,32,,,21041.104,12.057,0,0,0,
1226044549562875,100064720237286,"Alcaldía de Tuluá","🌟🌻 Un domingo muy feliz en La Marina 🥳🤝

Nuestra jornada descentralizada fue todo un éxito con más de 100 tulueños que accedieron a los servicios de la Administración Municipal en el Polideportivo Central de la Consentida del Valle:
✅ Mercado campesino
✅ Atención en salud y Sisbén
✅ Programas nacionales
✅ Cultura, deporte y recreación para toda la familia
¡Y mucho más!

Seguimos llevando la Ruta de la Felicidad a cada rincón de Tuluá.💙✌🏽#ParaSerFelices",,0,"08/31/2025 10:47",N/A,https://www.facebook.com/AlcaldiaDeTulua/posts/pfbid0ELX8tcRWbemDaqf6GWuuZB1qUwLw7WngGUDjTXLwvdzxAgPYgc1BpJNsKYKSbpTHl,0,0,Fotos,,,,,Total,8905,4880,154,123,4,27,574,,141,433,,,,,,,
1225354429631887,100064720237286,"Alcaldía de Tuluá","#Noticias | Conoce las noticias más importantes de la semana en el nuevo episodio de 45 Segundos #ParaSerFelices 🤩✌🏽","#Noticias | Conoce las noticias más importantes de la semana en el nuevo episodio de 45 Segundos #ParaSerFelices 🤩✌🏽",68,"08/30/2025 16:00",uploaded,https://www.facebook.com/reel/1966261647521488/,1,0,Reels,,,,,Total,2334,1522,106,84,3,19,38,,38,,,27832.285,13.247,0,0,,
1225319116302085,100064720237286,"Alcaldía de Tuluá","🪁✨ ¡Ya estamos listos para volar!

Más de 60 niños y jóvenes con sus familias están hoy creando su cometa en nuestro primer taller, calentando motores para el Gran Festival de Cometas este sábado 6 de septiembre 🎉😎✌🏽

👉 Aún puedes venir para inscribirte y participar en las categorías: la más grande, la más pequeña y la más creativa.🪁✨

Un evento que realizamos en colaboración la @central_de_transportes_tulua_ y @labakana103.1 #ParaSerFelices 💙✨",,0,"08/30/2025 14:36",N/A,https://www.facebook.com/AlcaldiaDeTulua/posts/pfbid02HJ65onDHdn5x2PXYDBBRLrDaVTjTxWc9W6DFFC43H2aRR7kNStD42ejJreJu2HsAl,0,0,Fotos,,,,,Total,3940,2243,42,32,0,10,164,,45,119,,,,,,,
1225186062982057,100064720237286,"Alcaldía de Tuluá","✨Entre sonrisas, cultura y mucha pasión, celebramos en el Centro del Adulto Mayor de Nariño el Reinado del Adulto Mayor 👑. 

Una fiesta de vida donde nuestros abuelos nos enseñaron que el amor y la alegría no tienen edad ✨🎶
👴🏼👵🏿🧓🏽👵🏽🧓🏻👴🏾👴🏻 #ParaSerFelices 💙✌🏽",,0,"08/30/2025 10:31",N/A,https://www.facebook.com/AlcaldiaDeTulua/posts/pfbid02VfhznGwG7a7eHpkJjRuM3ZBgqbW6Dc2FBmxPA9AcMGXwuFGzNUB9AGjizMMz9R3rl,0,0,Fotos,,,,,Total,37882,20109,356,294,17,45,3786,,1125,2661,,,,,,,
1225165916317405,100064720237286,"Alcaldía de Tuluá","🎙️ #ElPodcastdeVélez | Episodio 29. Construyendo Futuro: obras que pondrán a Tuluá en el mapa. 

En este capítulo del podcast, el alcalde Gustavo Adolfo Vélez Román habla con Tae Guevara sobre la Semana del Adulto Mayor, el avance del intercambiador de la 40 y las obras turísticas que transformarán a Tuluá en un referente regional y nacional. Un espacio para conocer cómo cada proyecto contribuye a una ciudad más humana, conectada y reconocida. 💙✨

👉 ¿Qué nombre le pondrías tú a la nueva obra en El Picacho? Déjanos tu respuesta en los comentarios. 🏞️📝","🎙️ #ElPodcastdeVélez | Episodio 29. Construyendo Futuro: obras que pondrán a Tuluá en el mapa. 

En este capítulo del podcast, el alcalde Gustavo Adolfo Vélez Román habla con Tae Guevara sobre la Semana del Adulto Mayor, el avance del intercambiador de la 40 y las obras turísticas que transformarán a Tuluá en un referente regional y nacional. Un espacio para conocer cómo cada proyecto contribuye a una ciudad más humana, conectada y reconocida. 💙✨

👉 ¿Qué nombre le pondrías tú a la nueva obra en El Picacho? Déjanos tu respuesta en los comentarios. 🏞️📝",1159,"08/30/2025 10:00",N/A,https://www.facebook.com/AlcaldiaDeTulua/videos/1544242366546612/,1,0,Videos,,,,,Total,1641,1326,83,63,1,19,39,,39,,,42758.227,30.454,0,0,0,
1224581109709219,100064720237286,"Alcaldía de Tuluá","🌍🎧 ¡Conmemoramos el Día Internacional contra el Ruido con estudiantes!

Realizamos una jornada pedagógica con niños y niñas de la I.E. María Antonia Ruiz, creando conciencia sobre los riesgos que genera la contaminación acústica en la salud y el bienestar. 

🌱💙 Promovemos un ambiente sonoro más saludable y la reflexión sobre la importancia de reducir los niveles de ruido en nuestra municipio ✨#ParaSerFelices✨ ✌🏽","🌍🎧 ¡Conmemoramos el Día Internacional contra el Ruido con estudiantes!

Realizamos una jornada pedagógica con niños y niñas de la I.E. María Antonia Ruiz, creando conciencia sobre los riesgos que genera la contaminación acústica en la salud y el bienestar. 

🌱💙 Promovemos un ambiente sonoro más saludable y la reflexión sobre la importancia de reducir los niveles de ruido en nuestra municipio ✨#ParaSerFelices✨ ✌🏽",34,"08/29/2025 16:57",N/A,https://www.facebook.com/reel/4286105831621234/,1,0,Reels,,,,,Total,1365,896,56,40,1,15,11,,11,,,4740.855,3.954,0,0,,
1224495793051084,100064720237286,"Alcaldía de Tuluá","👑💃 Todo listo para el Reinado Municipal del Adulto Mayor 🎉✨
En pocos minutos daremos inicio este gran evento con la participación de 13 mujeres representantes de los grupos de Adulto Mayor 🌸💙.
Mientras tanto, nuestros abuelitos disfrutan de presentaciones artísticas 🎶💃 y una zona de emprendimientos 🛍️✨, en el Centro del Adulto Mayor de Nariño.  Espacios #ParaSerFelices ✨",,0,"08/29/2025 13:44",N/A,https://www.facebook.com/AlcaldiaDeTulua/posts/pfbid0RDRjMRXXnkT7fjemmK9vCKxNaPpQB49PXR9hRrir7CMo6JtMLnZhyrebsf35uUTjl,0,0,Fotos,,,,,Total,8694,4744,125,102,7,16,672,,174,498,,,,,,,1
1224426133058050,100064720237286,"Alcaldía de Tuluá","#Obras | Inicia pavimentación del primer tramo de Intercambiador de la 40.

El proyecto del intercambiador vial de la Carrera 40 avanza de manera significativa y ya muestra sus primeros resultados. En esta primera fase, que corresponde al acceso hacia el barrio Fátima, se tienen proyectados 150 metros lineales de obra, de los cuales 100 ya están listos para iniciar con el proceso de pavimentación. Este tramo marcará el punto de partida para la transformación de uno de los corredores más importantes de la ciudad.

Lee la noticia completa:⬇⬇⬇
",,0,"08/29/2025 11:20",N/A,https://www.facebook.com/AlcaldiaDeTulua/posts/pfbid027sbpFdX45EAXBouTtNCD6oqm4nVgPejboqGvFosVP6FKBWHNvH5jXFGTgDdLnmkzl,0,0,Enlaces,,,,,Total,5731,3642,107,91,4,12,72,59,13,,,,,,,,
1224409813059682,100064720237286,"Alcaldía de Tuluá","🏡✨ Alcalde Gustavo Vélez entregó primeras viviendas en 📍Siete Vueltas.

Con la entrega de 4 casas prefabricadas  y 3 mejoramientos de vivienda saludable, el alcalde @gustavovelezr cumple su compromiso con estas comunidades, golpeadas por la ola invernal 🌧️💪. En articulación con la Gobernación del Valle y el Ministerio de Vivienda, llevamos esperanza, dignidad y nuevos comienzos  a quienes más lo necesitan. ✨

#ParaSerFelices 💙🏡🌟","🏡✨ Alcalde Gustavo Vélez entregó primeras viviendas en 📍Siete Vueltas.

Con la entrega de 4 casas prefabricadas  y 3 mejoramientos de vivienda saludable, el alcalde @gustavovelezr cumple su compromiso con estas comunidades, golpeadas por la ola invernal 🌧️💪. En articulación con la Gobernación del Valle y el Ministerio de Vivienda, llevamos esperanza, dignidad y nuevos comienzos  a quienes más lo necesitan. ✨

#ParaSerFelices 💙🏡🌟",73,"08/29/2025 10:55",N/A,https://www.facebook.com/reel/2380637215666869/,1,0,Reels,,,,,Total,2366,1286,125,88,3,34,37,,37,,,18198.126,8.531,0,0,,
1223787179788612,100064720237286,"Alcaldía de Tuluá","🚦 🚨A partir de la primera semana de septiembre, la Calle 30 hacia la curva de La Herradura tendrá nuevo sentido vial.

Menos tráfico en Sajonia, Progresar y Pueblo Nuevo, además de una rotonda más segura para todos. Un cambio que mejora la movilidad y reduce la accidentalidad en esta zona clave de Tuluá. 📲 Comparte este video y entérate de la transformación vial. #ParaSerFelices","🚦 🚨A partir de la primera semana de septiembre, la Calle 30 hacia la curva de La Herradura tendrá nuevo sentido vial.

Menos tráfico en Sajonia, Progresar y Pueblo Nuevo, además de una rotonda más segura para todos. Un cambio que mejora la movilidad y reduce la accidentalidad en esta zona clave de Tuluá. 📲 Comparte este video y entérate de la transformación vial. #ParaSerFelices",35,"08/28/2025 17:04",uploaded,https://www.facebook.com/reel/24180583208301090/,1,0,Reels,,,,,Total,11651,7357,213,141,37,35,553,1,552,,,145763.734,16.286,0,0,,
1223704916463505,100064720237286,"Alcaldía de Tuluá","Bingo, música y sonrisas: así vivimos el tercer día del Adulto Mayor 💃🕺

💙✨ Más de 1.500 corazones siguen latiendo al ritmo de la Semana del Adulto Mayor. En esta tercera jornada de celebración, nuestros abuelitos gozaron de arte, bingo bailable y música en vivo, disfrutando de momentos llenos de alegría y unión en el 📍Parque Infantil Julia Escarpeta. 👵👴🎶 #ParaSerFelices",,0,"08/28/2025 14:05",N/A,https://www.facebook.com/AlcaldiaDeTulua/posts/pfbid02wCpFp6HrW25nKUZSA4LfupzYaWSScEtsFp7iHrunmiY7AYjTsHNopQ8RCrz6dt2El,0,0,Fotos,,,,,Total,6110,3136,98,79,1,18,454,,101,353,,,,,,,1
1223696489797681,100064720237286,"Alcaldía de Tuluá","#Planeación | Alcalde Gustavo Vélez entrega primeras viviendas en Siete Vueltas

Con la entrega de cuatro casas prefabricadas y tres mejoramientos de vivienda saludable, que incluyen adecuaciones en baños y cocinas; el alcalde Gustavo Adolfo Vélez Román continúa cumpliendo compromisos con las comunidades más vulnerables de Tuluá. En esta ocasión, las familias del sector Siete Vueltas, una de las más afectadas por la ola invernal, recibieron los primeros hogares que marcan el inicio de una transformación en sus condiciones de vida, luego de años de precariedad.

Lee la noticia completa: ⬇⬇⬇
",,0,"08/28/2025 13:48",N/A,https://www.facebook.com/AlcaldiaDeTulua/posts/pfbid02cvGyPz4T6tPoM4R4RkoToBczpir7aG5QmUaRmxGrhTJUgKphYkWVDz4bEHcaDRMtl,0,0,Enlaces,,,,,Total,6889,4082,138,100,5,33,208,93,115,,,,,,,,
1223009969866333,100064720237286,"Alcaldía de Tuluá","Alejandro: Un orgullo para la Alcaldía. 💙✨💪🏼

✨ Esta es la historia de Alejandro Lugo, un joven tulueño que hace parte de la Administración del alcalde Gustavo Vélez como orientador que inspira y transforma la vida de otros jóvenes.  Hace 9 años fue estudiante, aprendiz y beneficiario del programa #SerPiloEnamora; a pesar de las dificultades, pudo seguir adelante con el apoyo de la Administración Municipal, donde le brindamos espacios #ParaSerFelices 💙🌟","Alejandro: Un orgullo para la Alcaldía. 💙✨💪🏼

✨ Esta es la historia de Alejandro Lugo, un joven tulueño que hace parte de la Administración del alcalde Gustavo Vélez como orientador que inspira y transforma la vida de otros jóvenes.  Hace 9 años fue estudiante, aprendiz y beneficiario del programa #SerPiloEnamora; a pesar de las dificultades, pudo seguir adelante con el apoyo de la Administración Municipal, donde le brindamos espacios #ParaSerFelices 💙🌟",98,"08/27/2025 18:00",uploaded,https://www.facebook.com/reel/749192934754235/,1,0,Reels,,,,,Total,4186,1464,298,233,15,50,84,,84,,,43265.206,11.941,0,0,,
1222970886536908,100064720237286,"Alcaldía de Tuluá","✨👑 Conoce a las candidatas al Reinado del Adulto Mayor 👑✨
13 mujeres llenas de alegría, experiencia y carisma competirán por la corona del Adulto Mayor en Tuluá. 💙🌸
Te esperamos este viernes 29 de agosto, en el 📍 Centro del Adulto Mayor de Nariño, para disfrutar juntos un día inolvidable, lleno de magia, unión y diversión. 🎉💃
#ParaSerFelices ✨💙",,0,"08/27/2025 16:25",N/A,https://www.facebook.com/AlcaldiaDeTulua/posts/pfbid02HeBaF55pTPTtpvkMtg6zDcHuPiR55Q6GXCnjoeH3TXH8kE1nLSmK1rmoNXQX4aXHl,0,0,Fotos,,,,,Total,24449,11120,348,229,51,68,1918,,634,1284,,,,,,,
1222937009873629,100064720237286,"Alcaldía de Tuluá","#Turismo | Tuluá, sede del Encuentro Departamental de Autoridades de Turismo.

Con la participación de representantes de más de 30 municipios, autoridades departamentales y el acompañamiento del Viceministerio de Turismo, se llevó a cabo en Tuluá el Encuentro Departamental de Autoridades de Turismo, un espacio de diálogo y articulación para proyectar el desarrollo turístico de la región.

Lee la noticia completa:⬇⬇⬇",,0,"08/27/2025 15:05",N/A,https://www.facebook.com/AlcaldiaDeTulua/posts/pfbid0pocR8Sr4QV5K78aq39da2q1RVocc6qBcN53fVTEACACnGTcDZiTBYXXtd1ZGhPc9l,0,0,Enlaces,,,,,Total,1860,1013,37,30,0,7,12,7,5,,,,,,,,
1222757886558208,100064720237286,"Alcaldía de Tuluá","Proyectamos a Tuluá como destino turístico estratégico✅✌🏽

✨ En la Central de Transportes de Tuluá fuimos sede del Encuentro Departamental de Autoridades de Turismo, donde recibimos al Viceministerio de Turismo, la Dirección Nacional de Calidad Turística y la secretaria de Turismo del Valle, Miyerlandi Torres 🌎🚍

Con esto, queremos fortalecer la competitividad y el desarrollo de nuestro municipio en el futuro. 💼🌱 #ParaSerFelices 💙",,0,"08/27/2025 09:26",N/A,https://www.facebook.com/AlcaldiaDeTulua/posts/pfbid02fwfgBUAW4pZkchv6RHMhY7uYv9tUwTcDMvvDeEEExFB9oAZgnCxLWfxcuVgVdu6il,0,0,Fotos,,,,,Total,6069,3274,132,89,17,26,370,,208,162,,,,,,,
1200847718749225,100064720237286,"Alcaldía de Tuluá","#Deportes | Tuluá se mantiene Tercero en Juegos Departamentales

Con un total de 98 medallas: 47 de oro, 25 de plata y 26 de bronce, Tuluá se mantiene en el tercer puesto del medallero general de los Juegos Departamentales 2025..

Lee la noticia completa:⬇⬇⬇
",,0,"08/01/2025 10:10",N/A,https://www.facebook.com/AlcaldiaDeTulua/posts/pfbid0bZkkdVJf3Ea3fgDdN638RTYsDauMPpEoJjxV1Yh8Bu1pXq9dhXzPg5caEeTFYymyl,0,0,Enlaces,,,,,Total,1756,1152,34,28,0,6,7,6,1,,,,,,,
1200727298761267,100064720237286,"Alcaldía de Tuluá","🚧 ¡Ahora Progresar va hasta la 40! 🚗✨

Con obras como el paso de la calle 34, o el box culvert de la calle 23 los tulueños ahora pueden llegar más rápido y de manera más ágil a sus sentidos con vías totalmente renovadas 🛣️.

Con esto, seguimos mejorando la movilidad en nuestro municipio 💪🏽🏙️. #ParaSerFelices","🚧 ¡Ahora Progresar va hasta la 40! 🚗✨

Con obras como el paso de la calle 34, o el box culvert de la calle 23 los tulueños ahora pueden llegar más rápido y de manera más ágil a sus sentidos con vías totalmente renovadas 🛣️.

Con esto, seguimos mejorando la movilidad en nuestro municipio 💪🏽🏙️. #ParaSerFelices",69,"08/01/2025 07:13",mixed,https://www.facebook.com/reel/717258144416741/,1,0,Reels,,,,,Total,27299,12528,1302,967,190,145,558,,558,,,340658.341,14.694,0,0,
1222669429900387,100064720237286,"Alcaldía de Tuluá","Así iniciamos la Semana del Adulto Mayor 💙😎✨

💬 Nuestras participantes expresaron la emoción de vivir esta gran celebración en el primer día de la Semana del Adulto Mayor 🌸💙.
La fiesta continúa y seguimos compartiendo momentos de unión, deporte y diversión con quienes son orgullo y ejemplo para todos 👵👴✨ #ParaSerFelices 💙✨","Así iniciamos la Semana del Adulto Mayor 💙😎✨

💬 Nuestras participantes expresaron la emoción de vivir esta gran celebración en el primer día de la Semana del Adulto Mayor 🌸💙.
La fiesta continúa y seguimos compartiendo momentos de unión, deporte y diversión con quienes son orgullo y ejemplo para todos 👵👴✨ #ParaSerFelices 💙✨",55,"08/27/2025 07:13",uploaded,https://www.facebook.com/reel/3053432431504817/,1,0,Reels,,,,,Total,3460,1468,148,89,1,58,32,,32,,,34726.29,11.415,0,0,
1221871173313546,100064720237286,"Alcaldía de Tuluá","#Educación | Tuluá avanza en la construcción del Plan Territorial Integral de Gestión del Riesgo Escolar.

La Secretaría de Educación Municipal de Tuluá, en articulación con el Ministerio de Educación Nacional, sostuvo un encuentro con docentes y directivos docentes con el fin de socializar los lineamientos para la construcción del Plan Territorial Integral de Gestión del Riesgo Escolar. 

Lee la noticia completa: ⬇⬇⬇
",,0,"08/26/2025 09:28",N/A,https://www.facebook.com/AlcaldiaDeTulua/posts/pfbid0212WiNjJWXEwnxQCKR15QY8mZCovUeanp5Li6BLdm56Nbv5HSw6qzutGSgQYZhfVLl,0,0,Enlaces,,,,,Total,2374,1420,70,56,0,14,26,24,2,,,,,,,
1221870813313582,100064720237286,"Alcaldía de Tuluá","#Gobierno | Alcaldía de Tuluá fortalece la Comisaría de Familia con moderna dotación tecnológica.

Con la dotación de equipos tecnológicos como escáneres, impresoras y computadores de última generación el alcalde Gustavo Vélez fortalece el trabajo de la Comisaría de Familia y la Casa de Justicia. 

Lee la noticia completa: ⬇⬇⬇
",,0,"08/26/2025 09:27",N/A,https://www.facebook.com/AlcaldiaDeTulua/posts/pfbid027XPxzuFeVEEJ9Gsvcgvd5S65JD1BfnBttVo6Cc13NtRR1CUYkHe7yDzcvC7kaSqAl,0,0,Enlaces,,,,,Total,6520,3776,111,94,4,13,279,224,55,,,,,,,
1221858486648148,100064720237286,"Alcaldía de Tuluá","🎉✨ Inició la Semana del Adulto Mayor ✨🎉

Con alegría, juegos y mucha energía, más de 100 abuelitos se dieron cita en el 📍Estadio Doce de Octubre para inaugurar esta celebración con las Olimpiadas del Adulto Mayor 🏅💃. Una semana llena de vida, recreación y sonrisas dedicada a quienes son ejemplo de amor y sabiduría 💙👵👴. #ParaSerFelices",,0,"08/26/2025 09:10",N/A,https://www.facebook.com/AlcaldiaDeTulua/posts/pfbid0JugYLgvJgKQocBiwuTWBjd8M5P1m2yTEnwoWmzgUQg9NwE9pDXARo9WW3Usz1Ujyl,0,0,Fotos,,,,,Total,8430,4859,161,91,1,69,372,,80,292,,,,,,
1221753203325343,100064720237286,"Alcaldía de Tuluá","#obras | Puesto de Salud de San Pedro Claver será remodelado

El alcalde Gustavo Vélez dará inicio a la remodelación del Puesto de Salud del barrio San Pedro Claver.

Lee la nota completa aquí ⬇⬇⬇
",,0,"08/26/2025 06:46",N/A,https://www.facebook.com/AlcaldiaDeTulua/posts/pfbid0MY2jMQmukmCTmvSGnW48WRFCz6sJ9ccG6Ty2VR2dEwF3wE9d91bwGNBbENBiv9oSl,0,0,Enlaces,,,,,Total,1952,1240,46,37,1,8,29,8,21,,,,,,,
1221201096713887,100064720237286,"Alcaldía de Tuluá","250 madres cabeza de hogar conocieron beneficios de Renta Ciudadana ✌🏽💪🏼✅

✨ Reunimos a estas mujeres madres cabeza de hogar de niños y niñas menores de 6 años y de personas con discapacidad, beneficiarias de este  programa en la Comuna 3. 🌸💜 

Un espacio para darles a conocer el programa, sus beneficios y ayudas que reciben, fortaleciendo el lazo entre la comunidad y la Administración Municipal. 🤝🌟 espacios #ParaSerFelices","250 madres cabeza de hogar conocieron beneficios de Renta Ciudadana ✌🏽💪🏼✅

✨ Reunimos a estas mujeres madres cabeza de hogar de niños y niñas menores de 6 años y de personas con discapacidad, beneficiarias de este  programa en la Comuna 3. 🌸💜 

Un espacio para darles a conocer el programa, sus beneficios y ayudas que reciben, fortaleciendo el lazo entre la comunidad y la Administración Municipal. 🤝🌟 espacios #ParaSerFelices",46,"08/25/2025 14:45",uploaded,https://www.facebook.com/reel/1436179840818111/,1,0,Reels,,,,,Total,1736,961,69,52,2,15,12,,12,,,9113.349,5.853,0,0,
1220989063401757,100064720237286,"Alcaldía de Tuluá","#Obras | Todo listo para la apertura de calle que conecta Sajonia con Pueblo Nuevo.

Con la pavimentación de 240 metros cuadrados, ya todo está listo para la apertura del paso en la calle 29A entre carreras 19 y 20, a un costado del  Centro Comercial Bicentenario Plaza, una obra que transforma notablemente este sector de la ciudad y mejora la movilidad en un punto estratégico de Tuluá.

Lee la noticia completa: ⬇⬇⬇
",,0,"08/25/2025 08:44",N/A,https://www.facebook.com/AlcaldiaDeTulua/posts/pfbid0ZmgFP7QLTi3b7tc1gD3gk5v4nWR44QSKBd2PXiuKUryyqpiZcBBHuhuq6qnyVrb1l,0,0,Enlaces,,,,,Total,7887,5320,122,101,5,16,155,95,60,,,,,,,
1220987673401896,100064720237286,"Alcaldía de Tuluá","#Deporte | Piscinas públicas abren sus puertas nuevamente a deportistas.

Con trabajos de mantenimiento y arreglo del motor para la correcta oxigenación del agua, las piscinas públicas del municipio volvieron a abrir sus puertas a deportistas tulueños de los clubes y la Selección Tuluá de Natación, quienes ahora cuentan nuevamente con escenarios en óptimas condiciones para su entrenamiento y formación. 

Lee la noticia completa:⬇⬇⬇
",,0,"08/25/2025 08:43",N/A,https://www.facebook.com/AlcaldiaDeTulua/posts/pfbid02cNc2wyYi31TVYctdHkUnax75fzCs2NMjQgt69KiTVr8J2ec2vS6soNAScRRMnvaFl,0,0,Enlaces,,,,,Total,30644,20217,180,148,17,15,799,211,588,,,,,,,
1220985363402127,100064720237286,"Alcaldía de Tuluá","#Gobierno | Continúa la recuperación y control del espacio público en el río Tuluá

Desde la Secretaría de Gobierno, Convivencia y Seguridad, junto a los Gestores de Convivencia, adelantaron una nueva jornada de recuperación del espacio público en la ribera del río Tuluá, en el tramo comprendido entre el Puente de las Brujas y el Puente del Hotel Juan María, en ambos costados de la vía.

Lee la noticia completa:⬇⬇⬇
",,0,"08/25/2025 08:40",N/A,https://www.facebook.com/AlcaldiaDeTulua/posts/pfbid02mbja8HPUtSEPeHWHYynDkzwRT5eNBDg5bc5QvYv7QJtMbtntsasaoDsrj2J9pF5Al,0,0,Enlaces,,,,,Total,1209,834,30,26,1,3,14,9,5,,,,,,,
1220984693402194,100064720237286,"Alcaldía de Tuluá","#Obras | Alcalde renueva Puesto de Salud en Barragán

Comprometidos con mejorar la infraestructura y garantizar espacios más seguros, cómodos y adecuados para la prestación de los servicios de salud en la zona rural, la Administración Municipal adelanta importantes trabajos de remodelación y adecuación en el Puesto de Salud del corregimiento de Barragán, el cual llevaba 12 años sin ser intervenido y presentaba un notable deterioro.

Lee la noticia completa:⬇⬇⬇
",,0,"08/25/2025 08:39",N/A,https://www.facebook.com/AlcaldiaDeTulua/posts/pfbid0SFvsRheg73xSZj55qtg9H16LyNJDhCLtJvyCqgsVzjxSWba5K7crkGvzmHftiwW4l,0,0,Enlaces,,,,,Total,812,533,29,25,0,4,2,,2,,,,,,,
1220975860069744,100064720237286,"Alcaldía de Tuluá","#Obras | Gustavo Vélez hace inversión histórica en infraestructura para la Primera Infancia.

Los Centros de Desarrollo Infantil Cariñositos y Semillitas del barrio Chiminangos, que anteriormente presentaban un alto estado de deterioro y condiciones no aptas para su óptimo funcionamiento, serán ahora renovados para brindar entornos seguros, modernos y acogedores a la comunidad infantil. 

Lee la noticia completa:⬇⬇⬇
",,0,"08/25/2025 08:26",N/A,https://www.facebook.com/AlcaldiaDeTulua/posts/pfbid0NESNzQ2XFWPb488e9d1Dk7XKx5Np1CT8eGiMixhBMrT6AwQfB5DR1PhnZMNQzj1il,0,0,Enlaces,,,,,Total,1775,1191,37,32,1,4,29,9,20,,,,,,,
1220975233403140,100064720237286,"Alcaldía de Tuluá","#Noticias | Alcaldía llega a Barragán con oferta institucional para más de 300 habitantes.

En una jornada de descentralización institucional, la Administración Municipal trasladó sus servicios hasta el corregimiento de Barragán, donde alrededor de 300 habitantes fueron beneficiados con atenciones en salud, orientación en programas sociales y actividades comunitarias.

Lee la noticia completa: ⬇⬇⬇
",,0,"08/25/2025 08:25",N/A,https://www.facebook.com/AlcaldiaDeTulua/posts/pfbid025BebcDktMuSRK2D1DWeCyeJH9A341WLHtiaJhGbWSx5i6DrJ7nyAZhcBV5hfJfBXl,0,0,Enlaces,,,,,Total,477,336,10,10,0,0,1,1,,,,,,,,
1220974213403242,100064720237286,"Alcaldía de Tuluá","#BienestarSocial | Más de 600 jóvenes vivieron el Joven Fest 2025 en Tuluá.

En el marco de la Semana de la Juventud, más de 600 jóvenes se dieron cita en el Coliseo de Ferias Manuel Victoria Rojas para disfrutar del Joven Fest 2025, un espacio creado especialmente para ellos, que brindó atención integral en salud, cultura, deporte, emprendimiento y formación académica.

Lee la noticia completa: ⬇⬇
",,0,"08/25/2025 08:23",N/A,https://www.facebook.com/AlcaldiaDeTulua/posts/pfbid0YhKRoPT2N4bj1znWgVFCg6BJWhNjcYxJyGM6FB1qqKPKjYLUycxmKoRg4ve6Ugw2l,0,0,Enlaces,,,,,Total,686,481,15,14,0,1,9,4,5,,,,,,,
1219513103549353,100064720237286,"Alcaldía de Tuluá","#Noticias | Conoce las noticias más importantes de la semana en el nuevo episodio de 45 Segundos #ParaSerFelices 🤩✌🏽","#Noticias | Conoce las noticias más importantes de la semana en el nuevo episodio de 45 Segundos #ParaSerFelices 🤩✌🏽",79,"08/23/2025 16:00",N/A,https://www.facebook.com/reel/1461117168259777/,1,0,Reels,,,,,Total,1507,1046,57,47,1,9,17,,17,,,13403.957,9.958,0,0,
1219308270236503,100064720237286,"Alcaldía de Tuluá","🎙️ #ElPodcastdeVélez | Episodio 28. La transformación en cada rincón de Tuluá. En este episodio del podcast de Vélez hablamos de cómo la Administración llega a cada rincón del municipio; además, los escenarios deportivos acuáticos ya están abiertos para nuestros deportistas, y cómo más de 200 personas han encontrado empleo gracias a las ferias de la Secretaría de Bienestar Social.","🎙️ #ElPodcastdeVélez | Episodio 28. La transformación en cada rincón de Tuluá. En este episodio del podcast de Vélez hablamos de cómo la Administración llega a cada rincón del municipio; además, los escenarios deportivos acuáticos ya están abiertos para nuestros deportistas, y cómo más de 200 personas han encontrado empleo gracias a las ferias de la Secretaría de Bienestar Social.",691,"08/23/2025 10:01",N/A,https://www.facebook.com/AlcaldiaDeTulua/videos/779595794568057/,1,0,Videos,,,,,Total,2641,2009,224,106,10,108,76,,76,,,34729.568,14.918,0,0,0
1218665560300774,100064720237286,"Alcaldía de Tuluá",,,0,"08/22/2025 16:27",N/A,https://www.facebook.com/AlcaldiaDeTulua/posts/pfbid0cphzLsU7ByTovpkx9dmTsXcNQiysY7odPMkDEridLzZgErA34sZPsnVnjBXUktCEl,0,1,Texto,,,,,Total,,,,,,,35,1,34,,,,,,,
1218664980300832,100064720237286,"Alcaldía de Tuluá","🚐💚 ¡La Ruta de la Felicidad llegó a Monteloro!

🙌 Atendimos a 180 personas en una gran jornada descentralizada con servicios de salud, deporte, recreación y vacunación para humanos y animales.

📍 En Monteloro unimos esfuerzos con Programas Nacionales, Sisbén, PIC y muchas más iniciativas, transformando a Tuluá en un municipio con más oportunidades y calidad de vida #ParaSerFelices ✨",,0,"08/22/2025 16:27",N/A,https://www.facebook.com/AlcaldiaDeTulua/posts/pfbid02GnGrJTApBvr3fonZVpnm8gR7d8BDLdDZUosgsaVLApwurEwyJnvNeJhXMinAmwCel,0,0,Fotos,,,,,Total,10654,6005,94,71,3,20,423,,154,269,,,,,,
1218580506975946,100064720237286,"Alcaldía de Tuluá","🚦👮‍♂️ Estudiantes tulueños reciben Educación vial💪🏼😎🚸

Con una jornada pedagógica de movilidad y seguridad vial, nuestros agentes de tránsito compartieron con los estudiantes de primaria del Colegio Bilingüe, conocimientos sobre la importancia de usar casco, chaleco y respetar las normas de tránsito. 💪🏼✅

🙌 Estamos formando ciudadanos responsables y con conciencia vial, creando espacios #ParaSerFelices 💙","🚦👮‍♂️ Estudiantes tulueños reciben Educación vial💪🏼😎🚸

Con una jornada pedagógica de movilidad y seguridad vial, nuestros agentes de tránsito compartieron con los estudiantes de primaria del Colegio Bilingüe, conocimientos sobre la importancia de usar casco, chaleco y respetar las normas de tránsito. 💪🏼✅

🙌 Estamos formando ciudadanos responsables y con conciencia vial, creando espacios #ParaSerFelices 💙",38,"08/22/2025 13:40",N/A,https://www.facebook.com/reel/4162453030693107/,1,0,Reels,,,,,Total,1708,1078,68,54,4,10,18,,18,,,8539.385,5.512,0,0,
1218454736988523,100064720237286,"Alcaldía de Tuluá","👑🎉 ¡Agosto es el mes para celebrar la Semana del Adulto Mayor! 🎉👴👵

Prepárate para una programación llena de vida: recreación, arte, cultura, emprendimiento, actividades lúdico-recreativas, bingo ¡y mucho más! ✨

📌 Y no te pierdas el Gran Reinado del Adulto Mayor, un espacio para resaltar la alegría, el talento y la belleza en la tercera edad. 🌟💃🕺

📅 ¡Agéndate y acompáñanos en estos espacios creados #ParaSerFelices!  💙💪🏼",,0,"08/22/2025 10:00",N/A,https://www.facebook.com/AlcaldiaDeTulua/posts/pfbid02dgqKafzVsxZ6nJ1iyjFYzH2pV3RQ1wxxv17YeRQaH6WbHWNoM78dRPYDpH4qV51rl,0,0,Fotos,,,,,Total,2230,1386,36,28,0,8,36,,7,29,,,,,,
1217774543723209,100064720237286,"Alcaldía de Tuluá","🏫🔧 ¡Estudiantes del Occidente tienen espacios seguros!🚧💪🏼

Iniciamos la intervención de un muro que ponía en riesgo la integridad de los estudiantes de la 📍I.E. Técnica Occidente, priorizando la protección de nuestros niños, niñas y adolescentes. 🙌 Con esto, garantizamos espacios seguros y dignos en las instituciones educativas de Tuluá. 💙💪🏼 #ParaSerFelices","🏫🔧 ¡Estudiantes del Occidente tienen espacios seguros!🚧💪🏼

Iniciamos la intervención de un muro que ponía en riesgo la integridad de los estudiantes de la 📍I.E. Técnica Occidente, priorizando la protección de nuestros niños, niñas y adolescentes. 🙌 Con esto, garantizamos espacios seguros y dignos en las instituciones educativas de Tuluá. 💙💪🏼 #ParaSerFelices",47,"08/21/2025 15:18",uploaded,https://www.facebook.com/reel/2931426157050525/,1,0,Reels,,,,,Total,3405,2170,131,100,7,24,55,,55,,,35956.496,11.742,0,0,
1217497953750868,100064720237286,"Alcaldía de Tuluá","🚧✨ ¡La calle 34 ahora une comunas 5 y 6!

Gracias a la obra de topping en más de 20 cuadras, la calle 34 se convierte en una vía estratégica que permitirá el paso directo entre los barrios Progresar, Pueblo Nuevo al Sajonia y Salesianos, conectando de manera segura y eficiente estas comunas.

🙌 Con esta nueva vía que llega hasta la carrera 40, transformamos la movilidad y mejoramos la calidad de vida de los tulueños. ¡Las obras siguen transformando a Tuluá! #ParaSerFelices 💙💪🏼","🚧✨ ¡La calle 34 ahora une comunas 5 y 6!

Gracias a la obra de topping en más de 20 cuadras, la calle 34 se convierte en una vía estratégica que permitirá el paso directo entre los barrios Progresar, Pueblo Nuevo al Sajonia y Salesianos, conectando de manera segura y eficiente estas comunas.

🙌 Con esta nueva vía que llega hasta la carrera 40, transformamos la movilidad y mejoramos la calidad de vida de los tulueños. ¡Las obras siguen transformando a Tuluá! #ParaSerFelices 💙💪🏼",30,"08/21/2025 07:36",uploaded,https://www.facebook.com/reel/1834543160806941/,1,0,Reels,,,,,Total,27292,16079,343,281,21,41,755,213,539,,3,215038.128,8.86,0,0,
1216930867140910,100064720237286,"Alcaldía de Tuluá","🌳✅ ¡Árbol en el barrio Victoria ya no será un riesgo!🚧🏡

Con la SEDAMA, realizamos la intervención y erradicación de un árbol de caucho (ficus elástica) que se encontraba muerto en pie y representaba un riesgo para los habitantes del sector. 🙌 Con estas acciones seguimos trabajando por una Tuluá más segura y responsable con el entorno y la comunidad #ParaSerFelices 💙✨","🌳✅ ¡Árbol en el barrio Victoria ya no será un riesgo!🚧🏡

Con la SEDAMA, realizamos la intervención y erradicación de un árbol de caucho (ficus elástica) que se encontraba muerto en pie y representaba un riesgo para los habitantes del sector. 🙌 Con estas acciones seguimos trabajando por una Tuluá más segura y responsable con el entorno y la comunidad #ParaSerFelices 💙✨",40,"08/20/2025 15:39",auto,https://www.facebook.com/reel/653846723863175/,1,0,Reels,,,,,Total,2297,1558,73,62,2,9,41,,41,,,21235.046,10.644,0,0,
1216788377155159,100064720237286,"Alcaldía de Tuluá","🌟 ¡Habitantes de Barragán tendrán Puesto de Salud renovado! 🏥✨

En articulación con el Hospital Rubén Cruz Vélez, adelantamos la renovación del Puesto de Salud del corregimiento de Barragán, con obras de mantenimiento en cubiertas, muros, instalaciones hidráulicas y sanitarias, fachada y cerrajería.

🙌 Después de años sin intervención, este espacio vuelve a recibir la atención que merece, garantizando un lugar digno, moderno y seguro para la atención en salud de esta comunidad #ParaSerFelices 💙",,0,"08/20/2025 11:01",N/A,https://www.facebook.com/AlcaldiaDeTulua/posts/pfbid02BNQNgkRSDd7TVF4N6iB3tj1phZYQeakh3UoauGWAtYsM7UWMo7J5PpttMcLG2Z4wl,0,0,Fotos,,,,,Total,32407,13771,288,240,8,40,2080,112,1178,790,,,,,,
1216073440559986,100064720237286,"Alcaldía de Tuluá","¡Río Tuluá sin residuos!💙💪🏼😎

🌊 Iniciamos los recorridos con nuestros Gestores de Convivencia para la recolección de residuos en el río Tuluá. Con estas acciones recuperamos espacios que habían sido ocupados y llenos de basura. 🙌 Una labor colectiva para devolverle vida y limpieza a nuestro río y zonas verdes aledañas, pensando en el bienestar de todos los tulueños. 🌱✨ #ParaSerFelices","¡Río Tuluá sin residuos!💙💪🏼😎

🌊 Iniciamos los recorridos con nuestros Gestores de Convivencia para la recolección de residuos en el río Tuluá. Con estas acciones recuperamos espacios que habían sido ocupados y llenos de basura. 🙌 Una labor colectiva para devolverle vida y limpieza a nuestro río y zonas verdes aledañas, pensando en el bienestar de todos los tulueños. 🌱✨ #ParaSerFelices",37,"08/19/2025 14:44",N/A,https://www.facebook.com/reel/1105068081103814/,1,0,Reels,,,,,Total,3195,1840,166,127,21,18,74,,74,,,30160.411,10.737,0,0,
1216054713895192,100064720237286,"Alcaldía de Tuluá","#Gobierno | Alcaldía Realiza Jornada de sensibilización en colegios para prevenir la violencia intrafamiliar

A través de la Secretaría de Gobierno, Convivencia y Seguridad, y su Comisaría de Familia, realizó una jornada de sensibilización en la Institución Educativa Pumarejo – Sede Sindical, dirigida a padres y madres de familia, en el marco de la Ley 2126 de 2021. El objetivo fue abordar temas clave para la prevención de la violencia intrafamiliar y el fortalecimiento de entornos familiares protectores para niñas, niños y adolescentes.

Lee la noticia completa: ⬇⬇⬇
",,0,"08/19/2025 14:03",N/A,https://www.facebook.com/AlcaldiaDeTulua/posts/pfbid04bFPVbv3Mhbp1AjZpYKwGBCuRk1qF3pWsSqeefQSMXbp6yh21wh46zqHBAHz2qcrl,0,0,Enlaces,,,,,Total,1518,923,38,28,0,10,20,18,2,,,,,,,
1216054250561905,100064720237286,"Alcaldía de Tuluá","#Juventud | Con salud y educación se “parcharon” los estudiantes de La Marina

300 estudiantes de la I. E. La Marina recibieron este martes, 12 de agosto, toda la oferta institucional y educativa por parte de la Unidad Central del Valle - UCEVA, la Universidad Latinoamericana y el SENA, la socialización de programas nacionales como Renta Joven y los Puntos INNOVA, jornadas de salud con pruebas rápidas de VIH a cargo del Hospital Rubén Cruz Vélez y charlas de prevención de Profamilia en el marco del Día Internacional de la Juventud.

Lee la noticia completa: ⬇️⬇️⬇️
",,0,"08/19/2025 14:02",N/A,https://www.facebook.com/AlcaldiaDeTulua/posts/pfbid02UdeDg3UKMGkktL976V7SFjZK4iB3XDXCBNBMqMFx1SPQFoacdcJeWbb8n4E9Tr5Zl,0,0,Enlaces,,,,,Total,1544,982,39,31,0,8,8,6,2,,,,,,,
1216054047228592,100064720237286,"Alcaldía de Tuluá","#BienestarSocial | Más de 2.000 millones para atención de adultos mayores.

Más de 400 abuelitos están siendo beneficiados con esta inversión de 2.000 millones de pesos que fortalece la Atención Integral en cuatro importantes centros: La Casa de los Abuelos, el Jardín de los Abuelos, el Centro San Francisco de Asís en La Marina y el Albergue El Buen Samaritano, este último beneficiado por primera vez con una asignación de 100 millones de pesos.

Lee la noticia completa:⬇️⬇️⬇️
",,0,"08/19/2025 14:02",N/A,https://www.facebook.com/AlcaldiaDeTulua/posts/pfbid02L5HKPgZY4ynEPh89BfkCKq9fDzifeUfahuP1BVTSbDToNXpEDMBjLkvjzgvaNrvvl,0,0,Enlaces,,,,,Total,2273,1392,48,38,0,10,25,18,7,,,,,,,
1216051963895467,100064720237286,"Alcaldía de Tuluá","#Obras | Gustavo Vélez hace inversión histórica en infraestructura para la Primera Infancia.

Los Centros de Desarrollo Infantil Cariñositos y Semillitas del barrio Chiminangos, que anteriormente presentaban un alto estado de deterioro y condiciones no aptas para su óptimo funcionamiento, serán ahora renovados para brindar entornos seguros, modernos y acogedores a la comunidad infantil. 

Lee la noticia completa:⬇⬇⬇
",,0,"08/19/2025 13:58",N/A,https://www.facebook.com/AlcaldiaDeTulua/posts/pfbid02PruPeUyQrpqrMqEt21hYYZXEjPtp5D51fP9nEcsXxzroW972YJc75AUHJqp3eJjnl,0,0,Enlaces,,,,,Total,4393,2667,108,77,9,22,80,29,51,,,,,,,
1215823590584971,100064720237286,"Alcaldía de Tuluá","🙌 Más de 300 personas fueron atendidas en Barragán con salud, SISBÉN, vacunación, recreación y cultura.
Además, por primera vez señalizamos las calles para mejorar la movilidad y transitar más seguros. 🚸✨
¡La Ruta de la Felicidad sigue llevando bienestar a cada rincón! 💙 #ParaSerFelices","🙌 Más de 300 personas fueron atendidas en Barragán con salud, SISBÉN, vacunación, recreación y cultura.
Además, por primera vez señalizamos las calles para mejorar la movilidad y transitar más seguros. 🚸✨
¡La Ruta de la Felicidad sigue llevando bienestar a cada rincón! 💙 #ParaSerFelices",66,"08/19/2025 07:35",N/A,https://www.facebook.com/reel/1288352926298093/,1,0,Reels,,,,,Total,1093,689,66,53,1,12,14,,14,,,8829.606,9.093,0,0,
1213592974141366,100064720237286,"Alcaldía de Tuluá","#Noticias | Conoce las noticias más importantes de la semana en el nuevo episodio de 45 Segundos #ParaSerFelices 🤩✌🏽","#Noticias | Conoce las noticias más importantes de la semana en el nuevo episodio de 45 Segundos #ParaSerFelices 🤩✌🏽",69,"08/16/2025 16:03",N/A,https://www.facebook.com/reel/1538142313825720/,1,0,Reels,,,,,Total,4195,2110,164,128,4,32,58,,58,,,44570.901,11.713,0,0,
1213559397478057,100064720237286,"Alcaldía de Tuluá","🔥 2do día del Joven Fest 🔥

💼 Emprendimientos, 🤸‍♂️ show de stunt y 🎭 presentaciones artísticas llenan de energía el Coliseo de Ferias Manuel Victoria Rojas 🎪
🎉 ¡Así se vive el Festival de la Juventud 2025! 🚀🎶",,0,"08/16/2025 14:45",N/A,https://www.facebook.com/AlcaldiaDeTulua/posts/pfbid0271h6K1c3ovSBJp1MUb99agpqDCiqQVex2poKS86rDgt4cBCZeq3sESzFnBXEjRerl,0,0,Fotos,,,,,Total,14400,8607,104,90,0,14,873,,186,687,,,,,,
1213402980827032,100064720237286,"Alcaldía de Tuluá","🎙️ #ElPodcastdeVélez | Episodio 27. Tuluá renace:

📢 En este episodio, el alcalde Gustavo Vélez cuenta cómo Tuluá avanza: obras de infraestructura, acciones sociales, cercanía con la ciudadanía, la reducción de la accidentalidad y muchos temas más. 🚧💙
📈 Descubre en este podcast, cómo nuestra ciudad ha crecido en los últimos meses. #ParaSerFelices💙✌🏽","🎙️ #ElPodcastdeVélez | Episodio 27. Tuluá renace:

📢 En este episodio, el alcalde Gustavo Vélez cuenta cómo Tuluá avanza: obras de infraestructura, acciones sociales, cercanía con la ciudadanía, la reducción de la accidentalidad y muchos temas más. 🚧💙
📈 Descubre en este podcast, cómo nuestra ciudad ha crecido en los últimos meses. #ParaSerFelices💙✌🏽",1236,"08/16/2025 10:00",N/A,https://www.facebook.com/AlcaldiaDeTulua/videos/1387421435692050/,1,0,Videos,,,,,Total,3471,2685,276,162,38,76,182,,182,,,83699.701,27.955,0,0,0
1213198097514187,100064720237286,"Alcaldía de Tuluá","🎉📅 ¡Agéndate para un finde espectacular en Tuluá!

En la zona rural y urbana tenemos una programación cultural y tradicional que no te puedes perder.
✨ Desliza y descubre todos los eventos para que armes plan con tu familia y amigos.

💙 ¡Te esperamos en el mejor parche del fin de semana! #ParaSerFelices",,0,"08/16/2025 05:00",N/A,https://www.facebook.com/AlcaldiaDeTulua/posts/pfbid0rt52MzKUPpZaTdtPDbpVbsUQzpZPt4zM4deM3yDP8ziEoYAET85cwwUktzYsSvYsl,0,0,Fotos,,,,,Total,2037,1236,28,21,0,7,38,,10,28,,,,,,
1212751097558887,100064720237286,"Alcaldía de Tuluá","¡Capturados en Piques Ilegales!❌❌🚨

Gracias a la rápida acción de nuestra Policía Nacional, 3 sujetos que participaban en piques ilegales en el barrio Bosques de Maracabio fueron capturados.
🔹 Acceso carnal abusivo
🔹 Comparendos porte de armas blancas y alucinógenos

💪 Desde la Administración Municipal y la Fuerza Pública seguimos trabajando por la seguridad y tranquilidad de los tulueños. #ParaSerFelices","¡Capturados en Piques Ilegales!❌❌🚨

Gracias a la rápida acción de nuestra Policía Nacional, 3 sujetos que participaban en piques ilegales en el barrio Bosques de Maracabio fueron capturados.
🔹 Acceso carnal abusivo
🔹 Comparendos porte de armas blancas y alucinógenos

💪 Desde la Administración Municipal y la Fuerza Pública seguimos trabajando por la seguridad y tranquilidad de los tulueños. #ParaSerFelices",105,"08/15/2025 16:18",uploaded,https://www.facebook.com/reel/2831726290355030/,1,0,Reels,,,,,Total,5736,3136,252,199,16,37,247,,247,,,133636.08,26.425,0,0,
1212711704229493,100064720237286,"Alcaldía de Tuluá","📚 Foro Educativo Comunidad en Red: ¡educación que transforma!🙌🏼

Junto a los docentes de Tuluá, reflexionamos sobre los retos del futuro: inteligencia artificial, virtualidad, formación emocional y ciudadanía digital. 🌐💡
¡La educación evoluciona para formar ciudadanos integrales! 🚀 #ParaSerFelices",,0,"08/15/2025 14:55",N/A,https://www.facebook.com/AlcaldiaDeTulua/posts/pfbid032zrYhhcP6MWsZ8D2TzgHQvf8gMayECHbMtuxmMFEjRKYnFMyJCU469YtTbdKC33Ll,0,0,Fotos,,,,,Total,7140,3439,112,89,1,22,652,,207,445,,,,,,
1212623784238285,100064720237286,"Alcaldía de Tuluá","🚐✨ ¡La Ruta de la Felicidad llegó a Barragán!

Nos descentralizamos con toda nuestra oferta institucional➡️ Llevamos salud 👩‍⚕️, Sisbén 📋, vacunación 🐶, cultura 🎨, recreación ⚽ y mucho más para los tulueños de esta zona rural alta.🌄
¡Seguimos cumpliendo con bienestar y servicios de calidad! #ParaSerFelices💙",,0,"08/15/2025 12:00",N/A,https://www.facebook.com/AlcaldiaDeTulua/posts/pfbid0eRyPFx1e1xGQPYHutEAMfuPPsEb2i76xJyrrCWALr2vxqxLoVJj5rsat6aLTLaxrl,0,0,Fotos,,,,,Total,7555,4283,115,90,1,24,439,,164,275,,,,,,
1212457324254931,100064720237286,"Alcaldía de Tuluá","🔥🙌 ¡Ya arrancó el primer día del JOVENFEST 2025!

Estamos en el 📍Coliseo de Ferias Manuel Victoria Rojas con actividades como: 🧠 bienestar emocional, 🩺 atención primaria en salud, 💬 atención en salud sexual y reproductiva, 💼 feria de empleabilidad, presentaciones artísticas, rumboterapia, recreación y ¡mucho más! ✌🏽😎

Estaremos hasta las 12:00 m. 💙 ¡Te esperamos para que vivas la juventud al máximo! 😎 #ParaSerFelices",,0,"08/15/2025 07:49",N/A,https://www.facebook.com/AlcaldiaDeTulua/posts/pfbid02qyeXiFWPWQGBYwstnMcggGzThWHGnaKfmjMWF6UTzhenkBJBp4jMjksGegE1CFUZl,0,0,Fotos,,,,,Total,17925,9321,209,170,1,38,1534,,347,1187,,,,,,
1211919754308688,100064720237286,"Alcaldía de Tuluá","✨ ¡Invertimos en el futuro de Tuluá! ✨

Avanzamos con obras que transforman vidas, destinando casi 600 millones de pesos a la adecuación y mejoramiento de:

🏫 Centros de Desarrollo Infantil Cariñositos y Semillitas
🎠 Parque de la Primera Infancia
🏡 Casa de los Abuelos

Espacios renovados, seguros y llenos de vida para nuestros niños, niñas, adolescentes y adultos mayores. 💙

#ParaSerFelices","✨ ¡Invertimos en el futuro de Tuluá! ✨

Avanzamos con obras que transforman vidas, destinando casi 600 millones de pesos a la adecuación y mejoramiento de:

🏫 Centros de Desarrollo Infantil Cariñositos y Semillitas
🎠 Parque de la Primera Infancia
🏡 Casa de los Abuelos

Espacios renovados, seguros y llenos de vida para nuestros niños, niñas, adolescentes y adultos mayores. 💙

#ParaSerFelices",63,"08/14/2025 17:26",uploaded,https://www.facebook.com/reel/4056149427933835/,1,0,Reels,,,,,Total,2542,1398,120,87,7,26,41,,41,,,18988.382,8.35,0,0,
1211646707669326,100064720237286,"Alcaldía de Tuluá","¡En El Diamante ahora se transita con tranquilidad! 🚧💪🏼

Un nuevo muro de contención en piedra, alcantarillado y una vía segura están transformando la movilidad y evitando accidentes en la zona rural alta de nuestro municipio. 💙✌🏽Obras  #ParaSerFelices","¡En El Diamante ahora se transita con tranquilidad! 🚧💪🏼

Un nuevo muro de contención en piedra, alcantarillado y una vía segura están transformando la movilidad y evitando accidentes en la zona rural alta de nuestro municipio. 💙✌🏽Obras  #ParaSerFelices",50,"08/14/2025 09:13",N/A,https://www.facebook.com/reel/1416742522720383/,1,0,Reels,,,,,Total,6205,3113,284,219,15,50,171,,171,,,70504.996,12.795,0,0,
1211049801062350,100064720237286,"Alcaldía de Tuluá","➡️Conoce la historia de María Cruz, la reina del Centro Día “Para Ser Felices” ✨💙

💙👵 Así como María Cruz, 150 abuelitos viven días llenos de cuidado, alegría y amor en nuestro programa Centro Día Para Ser Felices. 🌟
Aquí encuentran 🍽️ alimentación, 🎯 recreación, 🩺 salud, 💬 acompañamiento psicosocial… y sobre todo, cariño y sonrisas que iluminan cada jornada. Aquí transformamos vidas #ParaSerFelices 💙💪🏼","➡️Conoce la historia de María Cruz, la reina del Centro Día “Para Ser Felices” ✨💙

💙👵 Así como María Cruz, 150 abuelitos viven días llenos de cuidado, alegría y amor en nuestro programa Centro Día Para Ser Felices. 🌟
Aquí encuentran 🍽️ alimentación, 🎯 recreación, 🩺 salud, 💬 acompañamiento psicosocial… y sobre todo, cariño y sonrisas que iluminan cada jornada. Aquí transformamos vidas #ParaSerFelices 💙💪🏼",89,"08/13/2025 16:29",auto,https://www.facebook.com/reel/1125341832805496/,1,0,Reels,,,,,Total,4062,2234,163,118,6,39,62,,62,,,51568.418,13.948,0,0,
1210953491071981,100064720237286,"Alcaldía de Tuluá","#salud | Alcaldía brinda atención inmediata a ciudadano en situación de abandono.

La alerta sobre un hombre en delicado estado de salud y aparente abandono en la entrada de la iglesia fue reportada en redes sociales, lo que llevó a la Secretaría de Salud, en coordinación con otras dependencias y Bomberos de Tuluá, a activar de inmediato los protocolos de atención.

Lee la noticia completa: ⬇⬇⬇
",,0,"08/13/2025 13:15",N/A,https://www.facebook.com/AlcaldiaDeTulua/posts/pfbid02HtGgdDSkDULweY5x6rFbRc6iGdsZHpcEw4HJQ5dawWiNvGhL4kRyvvAQDdFdcoPHl,0,0,Enlaces,,,,,Total,6461,3954,74,59,2,13,212,119,93,,,,,,,
1210869257747071,100064720237286,"Alcaldía de Tuluá","#Obras | Alcaldía canaliza Río Tuluá para reducir inundaciones

Con el objetivo de proteger a las familias que habitan cerca del río y prevenir emergencias durante la temporada de lluvias, la Administración Municipal adelanta la canalización de 250 metros del río Tuluá, en un sector que históricamente ha registrado acumulación de sedimentos y riesgo de desbordamiento

Lee la noticia completa:⬇️⬇️⬇️
",,0,"08/13/2025 10:52",N/A,https://www.facebook.com/AlcaldiaDeTulua/posts/pfbid0HHYUMzLaRjjg2Dzv9QdNiHEmNBLoyUVE5ZWMXRSoVMH23yMnVCJxFx53cutFrdgnl,0,0,Enlaces,,,,,Total,2843,1586,76,58,7,11,22,7,15,,,,,,,
1210857231081607,100064720237286,"Alcaldía de Tuluá","🔥🙌 Este fin de semana, el JOVENFEST 2025 será tu parche 💙

Desliza y conoce lo que tenemos programado para celebrar la juventud: 🧠 bienestar emocional, 🩺 salud, 💼 empleabilidad, 🐶🐱 vacunación de mascotas, 🎤 presentaciones artísticas, 🏍️ show de STUNT, 🌈 Color Fest, batallas de Hip-Hop & DJ’s  🎨 concurso de graffiti y mucho más para que parches con tus amigos. 😎

📅 Viernes 15 y sábado 16 de agosto – Coliseo de Ferias Manuel Victoria Rojas

💙🤩 Espacios para crear y vivir la juventud al máximo. #ParaSerFelices",,0,"08/13/2025 10:34",N/A,https://www.facebook.com/AlcaldiaDeTulua/posts/pfbid0d2PkJZDzXPmuJtF5zuZNDY6sNVPqCmLPraeujAcqQ4YNiYVSkazQZh72dbbuX8VUl,0,0,Fotos,,,,,Total,8674,4714,144,105,0,39,194,,40,154,,,,,,
1210784941088836,100064720237286,"Alcaldía de Tuluá","¿Sabías que Tuluá es tierra de humedales y que descubrimos uno recientemente en el corregimiento de Quebrada Grande? 🌿💧

Salimos a preguntarle a los tulueños cuántos tenemos… ¡y las respuestas te van a sorprender!😅

Y tú, ¿conocías toda la riqueza natural que tenemos en nuestro municipio?✌🏽😎 Déjanos tu comentario ⬇️","¿Sabías que Tuluá es tierra de humedales y que descubrimos uno recientemente en el corregimiento de Quebrada Grande? 🌿💧

Salimos a preguntarle a los tulueños cuántos tenemos… ¡y las respuestas te van a sorprender!😅

Y tú, ¿conocías toda la riqueza natural que tenemos en nuestro municipio?✌🏽😎 Déjanos tu comentario ⬇️",57,"08/13/2025 08:42",uploaded,https://www.facebook.com/reel/2020215775178836/,1,0,Reels,,,,,Total,3122,2538,95,76,7,12,89,,89,,,45424.236,16.24,0,0,
1210228767811120,100064720237286,"Alcaldía de Tuluá","🚦💡 ¡En Tuluá no dormimos cuando se trata de tu seguridad vial!Nuestra cuadrilla permanente de semaforización trabaja 24/7 para que la movilidad en la ciudad fluya sin interrupciones.👷‍♂️ Ingenieros y técnicos se encargan de dar mantenimiento preventivo y correctivo a los semáforos, solucionando la mayoría de fallas de inmediato y atendiendo casos complejos con especialistas.✅ Menos accidentes✅ Movilidad más ágil✅ Semáforos confiables en todo momentoLa @alcaldiadetulua sigue firme en su compromiso de cuidarte en cada cruce.#TransformandoATuluá#MovilidadSegura#ParaSerFelices 💙","🚦💡 ¡En Tuluá no dormimos cuando se trata de tu seguridad vial!Nuestra cuadrilla permanente de semaforización trabaja 24/7 para que la movilidad en la ciudad fluya sin interrupciones.👷‍♂️ Ingenieros y técnicos se encargan de dar mantenimiento preventivo y correctivo a los semáforos, solucionando la mayoría de fallas de inmediato y atendiendo casos complejos con especialistas.✅ Menos accidentes✅ Movilidad más ágil✅ Semáforos confiables en todo momentoLa @alcaldiadetulua sigue firme en su compromiso de cuidarte en cada cruce.#TransformandoATuluá#MovilidadSegura#ParaSerFelices 💙",47,"08/12/2025 15:45",N/A,https://www.facebook.com/reel/1295925475246270/,0,0,Reels,,,,,Total,4913,3714,193,158,13,22,210,,210,,,59762.684,13.638,0,0,
1210043877829609,100064720237286,"Alcaldía de Tuluá","¡Canalizamos Río Tuluá: Reducimos inundaciones! 💪🏼🌊❌

Hoy estamos realizando canalización del río Tuluá para proteger las márgenes, evitar desbordamientos y reducir el riesgo de inundaciones. 🛠️🏞️📏 Son 250 metros lineales intervenidos, que aportan al bienestar de los habitantes de barrios aledaños. 💪🌧️
En Tuluá, prevenir es proteger. ✅ #ParaSerFelices",,0,"08/12/2025 09:58",N/A,https://www.facebook.com/AlcaldiaDeTulua/posts/pfbid02oBFcv7rcrxVAnF9d4Pt4mLos3XfsSVozqvTYSLGocWopcfUotNpCQSDSTxEL3Mnfl,0,0,Fotos,,,,,Total,3355,1895,69,49,1,19,91,,26,65,,,,,,
1209361031231227,100064720237286,"Alcaldía de Tuluá","🏫🔨 ¡Nuestras instituciones estrenan techo! 💙

En la I.E. Julia Restrepo y la I.E. María Antonia Ruiz (sede Jesús Maestro) reemplazamos techos y mejoramos los espacios, para que nuestros niños y jóvenes aprendan en aulas más seguras, cómodas y llenas de vida. 👦👧📚
💡✨ En Tuluá, invertir en educación es sembrar futuro. 🌟 Espacios que Transforman a Tuluá. #ParaSerFelices 💪🏼💙","🏫🔨 ¡Nuestras instituciones estrenan techo! 💙

En la I.E. Julia Restrepo y la I.E. María Antonia Ruiz (sede Jesús Maestro) reemplazamos techos y mejoramos los espacios, para que nuestros niños y jóvenes aprendan en aulas más seguras, cómodas y llenas de vida. 👦👧📚
💡✨ En Tuluá, invertir en educación es sembrar futuro. 🌟 Espacios que Transforman a Tuluá. #ParaSerFelices 💪🏼💙",43,"08/11/2025 14:25",N/A,https://www.facebook.com/reel/1818120772461707/,1,0,Reels,,,,,Total,5155,2213,507,308,22,177,43,,43,,,24917.504,5.395,0,0,
1209228521244478,100064720237286,"Alcaldía de Tuluá","#Obras | Cuadrilla de semaforización opera 24/7 para garantizar la movilidad en Tuluá.

En Tuluá ya funciona una cuadrilla permanente de semaforización que trabaja las 24 horas del día para garantizar la seguridad vial y el correcto flujo vehicular en los principales cruces de la ciudad.

Lee la noticia completa: ⬇⬇⬇
",,0,"08/11/2025 10:27",N/A,https://www.facebook.com/AlcaldiaDeTulua/posts/pfbid0d7CT9US5NdvGhW4TzqQ6raq6Dy3918WAvJ5sEErKyMfhu3XJ6H9mCxzBiQEVysHfl,0,0,Enlaces,,,,,Total,3767,2344,74,54,6,14,44,20,24,,,,,,,
1209191227914874,100064720237286,"Alcaldía de Tuluá","🌾🛒 ¡El Mercado Campesino llegó a La Iberia! 💙

👩‍🌾👨‍🌾 22 productores tulueños de 8 asociaciones llevaron lo mejor de sus productos al Mercado Campesino en el 📍Cruce de La Iberia, una jornada que reunió a más de 100 asistentes. 🥦🍅🥔
💉🩺 Además, hubo atención de los Equipos Básicos en Salud y servicios de Renta Ciudadana, acercando oportunidades y bienestar a la comunidad. 🤝✨ #ParaSerFelices","🌾🛒 ¡El Mercado Campesino llegó a La Iberia! 💙

👩‍🌾👨‍🌾 22 productores tulueños de 8 asociaciones llevaron lo mejor de sus productos al Mercado Campesino en el 📍Cruce de La Iberia, una jornada que reunió a más de 100 asistentes. 🥦🍅🥔
💉🩺 Además, hubo atención de los Equipos Básicos en Salud y servicios de Renta Ciudadana, acercando oportunidades y bienestar a la comunidad. 🤝✨ #ParaSerFelices",42,"08/11/2025 09:29",mixed,https://www.facebook.com/reel/1783018978971718/,1,0,Reels,,,,,Total,1640,1127,67,56,1,10,14,,14,,,7925.065,5.333,0,0,
1207686981398632,100064720237286,"Alcaldía de Tuluá","#Noticias | Conoce las noticias más importantes de la semana en el nuevo episodio de 45 Segundos #ParaSerFelices 🤩✌🏽","#Noticias | Conoce las noticias más importantes de la semana en el nuevo episodio de 45 Segundos #ParaSerFelices 🤩✌🏽",78,"08/09/2025 15:52",uploaded,https://www.facebook.com/reel/2129935444082696/,1,0,Reels,,,,,Total,1387,925,59,44,0,15,4,,4,,,6238.332,4.908,0,0,
1207522104748453,100064720237286,"Alcaldía de Tuluá","#Educación | Estudiantes universitarios reciben beneficio alimentario.

Con la puesta en marcha del programa de beneficio alimentario, desarrollado por la Administración Municipal en articulación con la UCEVA, 34 estudiantes de esta universidad recibirán almuerzos diarios durante todo el semestre académico.

Lee la noticia completa:⬇️⬇️⬇️
",,0,"08/09/2025 10:25",N/A,https://www.facebook.com/AlcaldiaDeTulua/posts/pfbid0i7v4AyY8h9WHZ5h7dCzJ9iSeWhwtU9Zqw8pqgUVZ3yCb1k8bFfmp2UMTKbpAQ9hWl,0,0,Enlaces,,,,,Total,2331,1458,51,37,7,7,16,13,3,,,,,,,
1207504588083538,100064720237286,"Alcaldía de Tuluá","🎙️#ElPodcastdeVélez. Episodio 26: Proyectos y soluciones para los tulueños.

En esta entrega, el alcalde Gustavo Vélez conversa con el periodista Israel Arango sobre las obras que avanzan en la zona rural, un gran proyecto que transformará la vida de más de 500 niños en Tuluá y el respaldo que la Administración Municipal brinda a nuestros jóvenes deportistas en los Juegos Departamentales 2025. Un episodio para conocer de primera mano las acciones que impulsan el progreso y el bienestar en Tuluá.","🎙️#ElPodcastdeVélez. Episodio 26: Proyectos y soluciones para los tulueños.

En esta entrega, el alcalde Gustavo Vélez conversa con el periodista Israel Arango sobre las obras que avanzan en la zona rural, un gran proyecto que transformará la vida de más de 500 niños en Tuluá y el respaldo que la Administración Municipal brinda a nuestros jóvenes deportistas en los Juegos Departamentales 2025. Un episodio para conocer de primera mano las acciones que impulsan el progreso y el bienestar en Tuluá.",951,"08/09/2025 10:00",N/A,https://www.facebook.com/AlcaldiaDeTulua/videos/1088964942768561/,1,0,Videos,,,,,Total,4685,3482,398,224,87,87,245,,245,,,122566.755,30.308,0,0,0
1206824908151506,100064720237286,"Alcaldía de Tuluá","#Obras | Más obras para la zona rural

Cientos de familias campesinas del corregimiento de Santa Lucía ahora cuentan con 30 kilómetros de vía mejorada hacia Monteloro, una obra vial que se une también a la de embalastrado de vía del tramo que va desde la vereda El Berlín hasta Quebrada Grande, fortaleciendo la infraestructura vial en diferentes frentes de la zona rural y facilitando la movilidad de los vehículos que transportan los productos campesinos.

Lee la noticia completa: ⬇️⬇️⬇️
",,0,"08/08/2025 15:13",N/A,https://www.facebook.com/AlcaldiaDeTulua/posts/pfbid06dxebuK4Vi4MkXbTBCPFMnLsQs8b2ot18oT2hGtnLjzBiSceTWzaWnQFvm434pkrl,0,0,Enlaces,,,,,Total,3317,2046,58,46,3,9,41,20,21,,,,,,,
1206823074818356,100064720237286,"Alcaldía de Tuluá","#Obras | Estambul cambió de cara

Este sector vivió una transformación total con mejoramiento y embellecimiento de la entrada norte de Tuluá por la carrera 30.

Lee la noticia completa:⬇️⬇️⬇️
",,0,"08/08/2025 15:09",N/A,https://www.facebook.com/AlcaldiaDeTulua/posts/pfbid0NmtdEmPcd6ucFwrDR3jh3NKtqC17R3JzkKjoynxeXZt7d1Gv4WPndarbKoeQLzgdl,0,0,Enlaces,,,,,Total,8364,5276,143,118,12,13,291,142,149,,,,,,,
1206821934818470,100064720237286,"Alcaldía de Tuluá","#Obras | Se renueva el parque del Sajonia

Como parte de un proyecto que contempla limpieza general del área, tratamiento del suelo, control de plagas, reparación de infraestructura existente, instalación de nuevas sillas, iluminación, señalización y paisajismo y una inversión de 750 millones de pesos, los habitantes del barrio Sajonia ahora tendrán una transformación total de su parque.

Lee la noticia completa:⬇️⬇️⬇️
",,0,"08/08/2025 15:06",N/A,https://www.facebook.com/AlcaldiaDeTulua/posts/pfbid02vkc3wT9wh2T6mnzA2uQXto9LxdkzF9LYmmZa2R4bmvhoqZhPPGSVQR6jtdYsLD4Ml,0,0,Enlaces,,,,,Total,1610,998,38,30,1,7,16,14,2,,,,,,,
1206820508151946,100064720237286,"Alcaldía de Tuluá","#Salud | Alcaldía fortalece atención en salud para usuarios de Nueva EPS

Con una Mesa Técnica entre la Administración Municipal, la IPS Disfarma y la Asociación de Usuarios de la Nueva EPS, se realizó esta semana el análisis de las condiciones actuales en la dispensación de medicamentos, un servicio en el que, aunque ya se han despachado más de 60 mil fórmulas médicas, persisten dificultades relacionadas con la comodidad y el bienestar de los usuarios.

Lee la noticia completa:⬇️⬇️⬇️
",,0,"08/08/2025 15:04",N/A,https://www.facebook.com/AlcaldiaDeTulua/posts/pfbid0j5PpdvweJdrZyNRhtcNqZx6deKNGWL4j5DiKFy7f8BU1tEJCAFBV9HKbbD959BPpl,0,0,Enlaces,,,,,Total,3301,2014,55,37,10,8,113,46,67,,,,,,,
1205206321646698,100064720237286,"Alcaldía de Tuluá","🎨🎹 ¡Juan José nos inspira! 💙

🥹 Conoce la historia de este joven de 24 años que, teniendo una discapacidad, encontró en el Centro Cultural Edmundo Arias de Nariño 🎨🖌️ un lugar donde sus sueños no tienen límites. Hoy participa en talleres gratuitos de pintura y piano 🎹, en un espacio seguro, inclusivo y lleno de amor y respeto.

Porque en Tuluá creemos en el poder del arte para transformar vidas #ParaSerFelices 💫","🎨🎹 ¡Juan José nos inspira! 💙

🥹 Conoce la historia de este joven de 24 años que, teniendo una discapacidad, encontró en el Centro Cultural Edmundo Arias de Nariño 🎨🖌️ un lugar donde sus sueños no tienen límites. Hoy participa en talleres gratuitos de pintura y piano 🎹, en un espacio seguro, inclusivo y lleno de amor y respeto.

Porque en Tuluá creemos en el poder del arte para transformar vidas #ParaSerFelices 💫",64,"08/06/2025 16:30",auto,https://www.facebook.com/reel/749464421060696/,1,0,Reels,,,,,Total,9437,4315,551,465,27,59,207,,207,,,109720.727,13.186,0,0,
1205004958333501,100064720237286,"Alcaldía de Tuluá","¡Sajonia tendrá nuevo parque! 🌳✨

Un espacio que será transformado para el disfrute de las familias tulueñas. Con zonas verdes, nuevas sillas e infraestructura, iluminación y embellecimiento floral y ornamental 🌿 ¡Seguimos recuperando espacios #ParaSerFelices!💙","¡Sajonia tendrá nuevo parque! 🌳✨

Un espacio que será transformado para el disfrute de las familias tulueñas. Con zonas verdes, nuevas sillas e infraestructura, iluminación y embellecimiento floral y ornamental 🌿 ¡Seguimos recuperando espacios #ParaSerFelices!💙",47,"08/06/2025 09:49",N/A,https://www.facebook.com/reel/2028994634292130/,1,0,Reels,,,,,Total,8494,5698,342,270,28,44,152,,152,,,77366.407,10.253,0,0,
1204433841723946,100064720237286,"Alcaldía de Tuluá","🌺 ¡Estambul cambió de cara! 🌿

La entrada a la carrera 30 ahora luce más viva y colorida gracias a los 110 metros lineales de nuevas plantas que adornan este sector, con la siembra de 7 especies plantas ornamentales, pasto y vegetación 🌸🚧 ✨ Transformamos los espacios en Tuluá 🌼 #ParaSerFelices 💙","🌺 ¡Estambul cambió de cara! 🌿

La entrada a la carrera 30 ahora luce más viva y colorida gracias a los 110 metros lineales de nuevas plantas que adornan este sector, con la siembra de 7 especies plantas ornamentales, pasto y vegetación 🌸🚧 ✨ Transformamos los espacios en Tuluá 🌼 #ParaSerFelices 💙",59,"08/05/2025 17:47",N/A,https://www.facebook.com/reel/1801651887446826/,1,0,Reels,,,,,Total,6268,4349,277,228,17,32,229,,229,,,81885.762,14.601,0,0,
1204392778394719,100064720237286,"Alcaldía de Tuluá","#Noticias | Concejo Municipal da luz verde a la construcción del CDI “Mar de Ideas”

En el marco de la última sesión ordinaria del Honorable Concejo Municipal de Tuluá, los concejales dieron su respaldo al alcalde Gustavo Adolfo Vélez Román para poner en marcha la construcción del Centro de Desarrollo Infantil (CDI) “Mar de Ideas”, una obra que beneficiará directamente a más de 500 niños y niñas de los barrios San Antonio, La Inmaculada, Aguaclara, San Francisco y sectores aledaños.

Lee la noticia completa:⬇️⬇️⬇️
",,0,"08/05/2025 16:27",N/A,https://www.facebook.com/AlcaldiaDeTulua/posts/pfbid02F9v687SSEyQc26ZfgmjFtnTirnizhXTGZ2eafcepgqv2ZZmG365eogcpYZE53oqtl,0,0,Enlaces,,,,,Total,4872,2612,113,83,23,7,268,49,219,,,,,,,
1204205028413494,100064720237286,"Alcaldía de Tuluá","Estudiantes universitarios reciben beneficio alimentario 🎓🍽️

34 estudiantes de la Unidad Central del Valle, UCEVA, ahora recibirán alimentación diaria.🍛 Con esta nueva iniciativa, que busca evitar la deserción en la educación superior, brindamos apoyo a jóvenes que no cuentan con los recursos económicos suficientes ni redes de apoyo familiares en la ciudad🤝 para que puedan continuar sus estudios sin preocuparse por su alimentación.  Acciones #ParaSerFelices 💙💪🏼","Estudiantes universitarios reciben beneficio alimentario 🎓🍽️

34 estudiantes de la Unidad Central del Valle, UCEVA, ahora recibirán alimentación diaria.🍛 Con esta nueva iniciativa, que busca evitar la deserción en la educación superior, brindamos apoyo a jóvenes que no cuentan con los recursos económicos suficientes ni redes de apoyo familiares en la ciudad🤝 para que puedan continuar sus estudios sin preocuparse por su alimentación.  Acciones #ParaSerFelices 💙💪🏼",86,"08/05/2025 10:28",N/A,https://www.facebook.com/reel/1815040092748084/,1,0,Reels,,,,,Total,4468,2273,232,180,22,30,117,,117,,,42227.431,10.514,0,0,
1204053658428631,100064720237286,"Alcaldía de Tuluá","¡Día Internacional de los Pueblos Indígenas!✌🏽🤩","🧺🌽 ¡El Mercado Campesino llegó a la zona rural! 🐓🥕
Este 10 de agosto, desde las 7:00 a. m., acompáñanos en el Restaurante El Paisa, cruce del corregimiento La Iberia, a 200 metros de Puesta del Sol.

Además de productos frescos del campo, tendremos:
✅ Atención Primaria en Salud
✅ Acceso a Programas Nacionales: Renta Ciudadana, Colombia Mayor y Renta Joven.

 ¡Una jornada para compartir, aprender y apoyar lo nuestro! #ParaSerFelices 💙",36,"08/05/2025 06:42",N/A,https://www.facebook.com/AlcaldiaDeTulua/videos/24897402003180766/,0,0,Videos,,,,,Total,2888,2514,87,71,0,16,28,,28,,,21213.647,8.121,0,0,0
1203576541809676,100064720237286,"Alcaldía de Tuluá","#JornadaDescentralizada | Más de 150 personas beneficiadas en jornada descentralizada en la Balastera

Más de 150 personas del sector de La Balastrera y de las comunidades indígenas Sonsundrúa y Somboricua participaron en una jornada descentralizada liderada por la Alcaldía de Tuluá, donde accedieron a servicios de atención primaria en salud, programas nacionales y oferta institucional.

Lee la noticia completa:⬇⬇⬇",,0,"08/04/2025 16:44",N/A,https://www.facebook.com/AlcaldiaDeTulua/posts/pfbid0V7iAXMLZNZWMnZm1LgVwYRYKWjghRhKr8dE6WGMdBP23NcnAnon4NRF1ukjFWei6l,0,0,Enlaces,,,,,Total,1762,1114,34,28,0,6,11,8,3,,,,,,,
1203574318476565,100064720237286,"Alcaldía de Tuluá","#Comunal | 120 líderes comunales fueron capacitados en liderazgo y emprendimiento

Con ponencias sobre liderazgo, emprendimiento y economía solidaria mas de 120 lideres fueron capacitados por la Administración municipal y Asojuntas en el gran foro comunal 2025.

Lee la noticia completa:⬇⬇⬇",,0,"08/04/2025 16:39",N/A,https://www.facebook.com/AlcaldiaDeTulua/posts/pfbid02YcjMgtVRn3mxKYUF6QXxHWLz9pnErVyZe2373sbdkcaTQV87QDXCgQFFf7E4w4ADl,0,0,Enlaces,,,,,Total,1577,995,29,26,0,3,15,12,3,,,,,,,
1203571655143498,100064720237286,"Alcaldía de Tuluá","#ArteyCultura | Tuluá graduó 27 artistas

27 tulueños se graduaron como la primera promoción de la Escuela Municipal de Artes , recibiendo su certificado técnico laboral por competencias en las áreas de Música, Teatro, Artes Plásticas y Danza, tras culminar un proceso de formación de 15 meses. 

Lee la noticia: ⬇⬇⬇
",,0,"08/04/2025 16:34",N/A,https://www.facebook.com/AlcaldiaDeTulua/posts/pfbid02XCH2Ee2V26DJzBxgnHnHUvsRcGKC46EAy7gtA5LD3zJocbM3eKorHsQb3EBBfVCGl,0,0,Enlaces,,,,,Total,1816,1177,28,24,2,2,23,9,14,,,,,,,
1203565061810824,100064720237286,"Alcaldía de Tuluá","¡Llegamos a Altaflor y La Balastrera!🚐💙

Con atención integral en estos sectores, seguimos llevando servicios esenciales a nuestras comunidades rurales.
👩🏽‍⚕️ Atendiendo a +150 personas con Equipos Básicos de Salud, Programas Nacionales y Sisbén

🎨 Además, llevamos salud, cultura, vacunas antirrábicas y alegría a estos territorios.🌟 Espacios #ParaSerFelices porque en Tuluá... ¡la transformación se vive en cada rincón! ✌🏽💙",,0,"08/04/2025 16:20",N/A,https://www.facebook.com/AlcaldiaDeTulua/posts/pfbid02qPMbWcX9zrStEQQu5ZPDXKCm7pNpqdVoAqP78NFHB3BoW8vF1g8MdD14byXg4mcQl,0,0,Fotos,,,,,Total,1878,1193,38,27,0,11,44,,10,34,,,,,,
1203514885149175,100064720237286,"Alcaldía de Tuluá","🚨 ¡Jóvenes emprendedores de Tuluá, esta es tu oportunidad! 🚨

¿Tienes un emprendimiento y quieres darlo a conocer? 💼✨
En el JovenFest 2025 podrás mostrar tu marca, conectar con nuevos públicos y hacer parte de la Semana de la Juventud. 🛍️🔥

💡 Si eres joven, tulueño y emprendedor, ¡INSCRÍBETE YA!
🗓️ Tienes plazo hasta el 8 de agosto. No dejes pasar esta oportunidad.

¡INSCRÍBETE!
👉 https://docs.google.com/forms/d/e/1FAIpQLSeVTPH8c0yVOmk103DCBhXGgBx28wTpsiaBtMX5ZbLXFdvWpA/viewform",,0,"08/04/2025 14:30",N/A,https://www.facebook.com/AlcaldiaDeTulua/posts/pfbid0EPMoQeQYtvnCLJ1sr4wfEjSknmUDTRU4xjp1xgjghasxsrRUqEz782MTfwxqwsAgl,0,0,Fotos,,,,,Total,1624,1033,23,20,0,3,12,6,2,4,,,,,,
1203514375149226,100064720237286,"Alcaldía de Tuluá","🎤🎨 ¡Atención artistas jóvenes de Tuluá! 🎶💃

¿Tienes talento en la música, el arte, la danza o cualquier expresión artística? 🌟 ¡Esta es tu oportunidad!
Haz parte de la agenda cultural del JovenFest 2025 en la Semana de la Juventud. 🔥

📌 INSCRÍBETE YA y demuestra tu talento en uno de los eventos más esperados del año.
🗓️ Tienes plazo hasta el 8 de agosto. ¡No te quedes por fuera!

👉 https://forms.gle/WFfFPg4jrjkmiNvaA

#JovenFest2025 #ParaSerFelices 💙",,0,"08/04/2025 14:29",N/A,https://www.facebook.com/AlcaldiaDeTulua/posts/pfbid02Sd1JqbR1rH87ZSZjU7Mi76DgXhRjEKPt6Q32A71AxYNQ5XhxDFSs3XGikHmQbdWBl,0,0,Fotos,,,,,Total,3003,1751,37,27,3,7,47,5,24,18,,,,,,
1203383745162289,100064720237286,"Alcaldía de Tuluá","¡Regresan los Juegos Intercolegiados! 🏆🔥

¡La emoción del deporte escolar vuelve con toda! Más de 3.100 estudiantes participan en esta gran fiesta deportiva que reune a lo mejor del talento juvenil en 22 disciplinas. ⚽🏀🏐🥋🎾

💪 ¡Porque en Tuluá, el deporte también es formación! #ParaSerFelices 💙","¡Regresan los Juegos Intercolegiados! 🏆🔥

¡La emoción del deporte escolar vuelve con toda! Más de 3.100 estudiantes participan en esta gran fiesta deportiva que reune a lo mejor del talento juvenil en 22 disciplinas. ⚽🏀🏐🥋🎾

💪 ¡Porque en Tuluá, el deporte también es formación! #ParaSerFelices 💙",50,"08/04/2025 10:28",uploaded,https://www.facebook.com/reel/1497523658081775/,1,0,Reels,,,,,Total,3448,1707,197,163,1,33,39,,39,,,22478.605,7.65,0,0,
1201842511983079,100064720237286,"Alcaldía de Tuluá","#Noticias | Desde el Foro Comunal 2025, te contamos las noticias más importantes de la semana. Nuevo episodio de 45 Segundos #ParaSerFelices 🤩✌🏽","#Noticias | Desde el Foro Comunal 2025, te contamos las noticias más importantes de la semana. Nuevo episodio de 45 Segundos #ParaSerFelices 🤩✌🏽",69,"08/02/2025 15:57",N/A,https://www.facebook.com/reel/4203378243319621/,1,0,Reels,,,,,Total,2762,1679,83,58,8,17,34,,34,,,26579.953,10.726,0,0,
1201737798660217,100064720237286,"Alcaldía de Tuluá","👥 Líderes comunales serán capacitados en Tuluá 💪

Más de 100 representantes de diferentes sectores del municipio participaron este sábado en el Gran Foro Comunal 2025, un espacio diseñado para fortalecer sus capacidades en liderazgo, economía solidaria y emprendimiento.

Un encuentro de formación clave para el fortalecimiento de las Juntas de Acción Comunal. Espacios ParaSerFelices 💙✌🏽",,0,"08/02/2025 12:14",N/A,https://www.facebook.com/AlcaldiaDeTulua/posts/pfbid0Dx2GbdJqWwNGB96pnRuhrLxEpAdBsQYVfYqjoSKfY1GbeEnmX2ky89br2oMQZ35Al,0,0,Fotos,,,,,Total,8058,4075,110,80,10,20,762,,267,495,,,,,,
1201657402001590,100064720237286,"Alcaldía de Tuluá","🎙️#ElPodcastdeVélez | Episodio 25. Obras y vías que conectan a Tuluá.

En este nuevo episodio, el periodista Orlando Rengifo conversa con nuestro alcalde Gustavo Vélez sobre las obras viales que están transformando a Tuluá.

🚧 Conectividad, seguridad y facilidad de acceso son algunas de las mejoras que traerán estas vías que enlazarán diferentes barrios y mejorarán la movilidad de todos los tulueños.","🎙️#ElPodcastdeVélez | Episodio 25. Obras y vías que conectan a Tuluá.

En este nuevo episodio, el periodista Orlando Rengifo conversa con nuestro alcalde Gustavo Vélez sobre las obras viales que están transformando a Tuluá.

🚧 Conectividad, seguridad y facilidad de acceso son algunas de las mejoras que traerán estas vías que enlazarán diferentes barrios y mejorarán la movilidad de todos los tulueños.",1006,"08/02/2025 10:00",N/A,https://www.facebook.com/AlcaldiaDeTulua/videos/625099110214104/,1,0,Videos,,,,,Total,2513,2088,172,105,11,56,74,,74,,,85102.5,38.542,0,0,0
1201023725398291,100064720237286,"Alcaldía de Tuluá","🎉 ¡Así reaccionaron los nuevos artistas! 🎨🎭🎶

Estos talentosos artistas ya hacen parte de la primera promoción de la Escuela Municipal de Arte, formados como Técnicos Laborales en Artes con énfasis en música, danza, teatro y artes plásticas. 💃🖌️🥁 ¡Y estas son sus reacciones! 👏🏽💙

Seguimos apostándole al arte como una verdadera forma de vida. #ParaSerFelices 🎓✨","🎉 ¡Así reaccionaron los nuevos artistas! 🎨🎭🎶

Estos talentosos artistas ya hacen parte de la primera promoción de la Escuela Municipal de Arte, formados como Técnicos Laborales en Artes con énfasis en música, danza, teatro y artes plásticas. 💃🖌️🥁 ¡Y estas son sus reacciones! 👏🏽💙

Seguimos apostándole al arte como una verdadera forma de vida. #ParaSerFelices 🎓✨",63,"08/01/2025 15:32",N/A,https://www.facebook.com/reel/1291181316004094/,1,0,Reels,,,,,Total,1635,1102,57,47,3,7,38,,38,,,13264.524,9.11,0,0,
1200934832073847,100064720237286,"Alcaldía de Tuluá","🥇🏆 ¡Tuluá se mantiene Tercero en Juegos Departamentales! 💥🙌

Con 98 medallas y más de 350 deportistas entregando lo mejor en 33 disciplinas, nuestro municipio se consolida en el tercer lugar del medallero, dejando en alto el nombre de Tuluá. 💚🔥

🏋️‍♀️⚽🎾🏐 Disciplinas como pesas, fútbol femenino, tenis de mesa y voleibol han sido clave en este gran logro. ¡Seguimos demostrando que el talento tulueño no tiene límites! 💪 #ParaSerFelices",,0,"08/01/2025 12:30",N/A,https://www.facebook.com/AlcaldiaDeTulua/posts/pfbid0QTk4EMdgSdxzj3334p1hqnACGLSj3fDBEkaopTr3m2KJg4MemaKME9EKcnpikSCvl,0,0,Fotos,,,,,Total,11140,6068,129,85,12,32,601,,242,359,,,,,,
