"Identificador de la publicación","Identificador de la cuenta","Nombre de usuario de la cuenta","Nombre de la cuenta",Descripción,"Duración (segundos)","Hora de publicación","Enlace permanente","Tipo de publicación","Comentario sobre los datos",Fecha,Alcance,"Me gusta","Veces que se compartió","Visitas al perfil",Respuestas,Navegación,Visualizaciones,Seguimientos,"Toques en stickers","Clics en el enlace"
17922785727118472,17841402591799685,alcaldiadetulua,"Alcaldía de Tuluá","Estamos cocinando algo increíble 😎",15,"09/16/2025 18:05",,"Historia de Instagram",,Total,607,5,0,,0,687,,,,
18096225568636260,17841402591799685,alcaldiadetulua,"Alcaldía de Tuluá",¡MAÑANA!,15,"09/16/2025 18:01",,"Historia de Instagram",,Total,625,3,0,,0,691,,,,
18083038247302966,17841402591799685,alcaldiadetulua,"Alcaldía de Tuluá","Cintahuellas realizadas en la 📍Vereda Balsamar",33,"09/29/2025 13:59",https://instagram.com/stories/alcaldiadetulua/3732591074738171273,"Historia de Instagram",,Total,512,7,0,2,0,588,,,,
18068114777211546,17841402591799685,alcaldiadetulua,"Alcaldía de Tuluá",@supercentrotulua,60,"09/29/2025 13:27",https://instagram.com/stories/alcaldiadetulua/3732590275639374186,"Historia de Instagram",,Total,533,6,1,1,1,570,,,2,
18380515252176886,17841402591799685,alcaldiadetulua,"Alcaldía de Tuluá",,0,"09/29/2025 10:18",https://instagram.com/stories/alcaldiadetulua/3732480007806631963,"Historia de Instagram",,Total,583,2,1,1,0,658,700,,2,
17988530162716309,17841402591799685,alcaldiadetulua,"Alcaldía de Tuluá",,0,"09/29/2025 10:17",https://instagram.com/stories/alcaldiadetulua/3732479653656363142,"Historia de Instagram",,Total,584,6,0,,0,668,,,,
18389829832127164,17841402591799685,alcaldiadetulua,"Alcaldía de Tuluá","NOS VEMOS EL VIERNES 😎✌🏽",11,"09/29/2025 10:17",https://instagram.com/stories/alcaldiadetulua/3732479306216994177,"Historia de Instagram",,Total,1418,7,4,1,1,683,,,,
18065635880359872,17841402591799685,alcaldiadetulua,"Alcaldía de Tuluá",,23,"09/29/2025 09:53",https://instagram.com/stories/alcaldiadetulua/3732467656586955989,"Historia de Instagram",,Total,627,5,0,,0,694,,,,
18042660746410301,17841402591799685,alcaldiadetulua,"Alcaldía de Tuluá",,55,"09/29/2025 08:59",https://instagram.com/stories/alcaldiadetulua/3732440427836508122,"Historia de Instagram",,Total,639,6,0,1,1,700,,,,
18293661175256478,17841402591799685,alcaldiadetulua,"Alcaldía de Tuluá",,34,"09/29/2025 08:59",https://instagram.com/stories/alcaldiadetulua/3732440271330239125,"Historia de Instagram",,Total,672,7,0,1,1,747,,,,
18008342087677859,17841402591799685,alcaldiadetulua,"Alcaldía de Tuluá",,0,"09/29/2025 07:48",,"Historia de Instagram",,Total,711,6,0,2,1,796,,,47,
18101701081529594,17841402591799685,alcaldiadetulua,"Alcaldía de Tuluá","Estamos calentando motores para el Festival María Antonia Ruiz 😎✨",29,"09/29/2025 06:50",,"Historia de Instagram",,Total,840,8,0,3,0,886,,,,
18391469515133382,17841402591799685,alcaldiadetulua,"Alcaldía de Tuluá",,60,"09/28/2025 19:50",,"Historia de Instagram",,Total,811,13,0,3,0,874,,,,
18079144129974413,17841402591799685,alcaldiadetulua,"Alcaldía de Tuluá",,0,"09/27/2025 19:05",,"Historia de Instagram",,Total,692,3,0,,0,723,,,1,
18080933054483052,17841402591799685,alcaldiadetulua,"Alcaldía de Tuluá",,0,"09/27/2025 19:05",,"Historia de Instagram",,Total,713,6,1,,0,639,,,,
18091577599770449,17841402591799685,alcaldiadetulua,"Alcaldía de Tuluá","Desde 📍Pasto, Nariño  KILLAWAYRA",13,"09/27/2025 19:05",,"Historia de Instagram",,Total,726,6,0,1,0,723,,,,
17917311294052445,17841402591799685,alcaldiadetulua,"Alcaldía de Tuluá","Danzares del Lago💃 Desde Chile 🇨🇱 Agrupación",20,"09/27/2025 18:30",,"Historia de Instagram",,Total,650,3,0,,0,668,,,,
18086839543701799,17841402591799685,alcaldiadetulua,"Alcaldía de Tuluá",,18,"09/27/2025 18:06",,"Historia de Instagram",,Total,618,6,1,,0,604,,,,
18113170885535665,17841402591799685,alcaldiadetulua,"Alcaldía de Tuluá","Así se baila el joropo 🤩 Pequeñitos de gran talento💪🏼",17,"09/27/2025 18:04",,"Historia de Instagram",,Total,631,10,0,,0,659,,,,
17879748327400713,17841402591799685,alcaldiadetulua,"Alcaldía de Tuluá","Desde Casanare✨✌🏽 LINAJE AL BORDÓN ✨",3,"09/27/2025 17:59",,"Historia de Instagram",,Total,650,8,0,,0,549,,,,
18532299028056969,17841402591799685,alcaldiadetulua,"Alcaldía de Tuluá",,0,"09/27/2025 17:43",,"Historia de Instagram",,Total,619,5,0,,1,646,,,2,
18083312434740355,17841402591799685,alcaldiadetulua,"Alcaldía de Tuluá",,0,"09/27/2025 17:24",,"Historia de Instagram",,Total,616,6,0,,0,642,689,,,
18088414597887010,17841402591799685,alcaldiadetulua,"Alcaldía de Tuluá","PANAMÁ 🇵🇦 Y LO NUESTRO Academia de Bailes, Danzas y Proyecciones Folklóricas",22,"09/27/2025 17:20",,"Historia de Instagram",,Total,641,4,1,,1,668,,,,
18043043408669087,17841402591799685,alcaldiadetulua,"Alcaldía de Tuluá",,22,"09/27/2025 17:05",,"Historia de Instagram",,Total,630,3,0,,0,652,,,,
17872365579428842,17841402591799685,alcaldiadetulua,"Alcaldía de Tuluá","Desde el departamento de Risaralda  FUNBALLET DE COLOMBIA 🇨🇴",28,"09/27/2025 16:57",,"Historia de Instagram",,Total,638,4,0,1,0,671,,,,
18025332806547054,17841402591799685,alcaldiadetulua,"Alcaldía de Tuluá","Desde México, sí señores🇲🇽",22,"09/27/2025 16:54",,"Historia de Instagram",,Total,660,6,0,,0,685,,,,
17874713769422827,17841402591799685,alcaldiadetulua,"Alcaldía de Tuluá","Compañía de Danza Folklórica Coatitlan 🇲🇽 Desde México nos acompañan:",25,"09/27/2025 16:32",,"Historia de Instagram",,Total,764,7,4,,0,735,,,2,
18529645015026169,17841402591799685,alcaldiadetulua,"Alcaldía de Tuluá","¡Ya iniciamos!🤩✨ Ven ahora✌🏽😌 MÉXICO 🇲🇽",15,"09/27/2025 16:30",,"Historia de Instagram",,Total,700,5,2,2,0,741,,,,
18015675767785164,17841402591799685,alcaldiadetulua,"Alcaldía de Tuluá",,60,"09/27/2025 15:58",,"Historia de Instagram",,Total,716,6,0,1,0,757,,,,
17903672508254930,17841402591799685,alcaldiadetulua,"Alcaldía de Tuluá","Mercado Campesino 🥒🍅🍊 📍Corregimiento San Rafael  En el Cierre de la Semana Ambiental ✌🏽✨🥭",10,"09/27/2025 11:04",,"Historia de Instagram",,Total,678,4,1,2,0,652,,,,
18044272745662359,17841402591799685,alcaldiadetulua,"Alcaldía de Tuluá",,11,"09/27/2025 10:02",,"Historia de Instagram",,Total,615,1,0,,0,653,,,,
18083025649906810,17841402591799685,alcaldiadetulua,"Alcaldía de Tuluá","Panamá 🇵🇦 también presente hoy en Tuluá 🥳",24,"09/27/2025 05:24",,"Historia de Instagram",,Total,1634,6,1,1,0,675,,,,
18105123994588775,17841402591799685,alcaldiadetulua,"Alcaldía de Tuluá","¡Es hoy, es hoy!😎🥳",15,"09/27/2025 05:18",,"Historia de Instagram",,Total,1784,6,0,1,0,705,,,,
18113099704535128,17841402591799685,alcaldiadetulua,"Alcaldía de Tuluá",,0,"09/26/2025 15:41",,"Historia de Instagram",,Total,468,1,0,1,0,501,,,,
18077402017844098,17841402591799685,alcaldiadetulua,"Alcaldía de Tuluá",,0,"09/26/2025 15:41",,"Historia de Instagram",,Total,475,1,0,1,0,484,,,,
18098409589570956,17841402591799685,alcaldiadetulua,"Alcaldía de Tuluá",,0,"09/26/2025 15:41",,"Historia de Instagram",,Total,480,1,0,,0,492,,,2,
18137298136437096,17841402591799685,alcaldiadetulua,"Alcaldía de Tuluá",,0,"09/26/2025 15:41",,"Historia de Instagram",,Total,485,1,0,1,0,498,,,,
18292358314251220,17841402591799685,alcaldiadetulua,"Alcaldía de Tuluá",,15,"09/26/2025 15:40",,"Historia de Instagram",,Total,492,2,0,,0,526,,,,
17846770008572304,17841402591799685,alcaldiadetulua,"Alcaldía de Tuluá",,0,"09/26/2025 15:40",,"Historia de Instagram",,Total,500,2,0,,0,482,,,,
17888584722359191,17841402591799685,alcaldiadetulua,"Alcaldía de Tuluá",,0,"09/26/2025 15:40",,"Historia de Instagram",,Total,508,1,0,,0,535,,,,
18074114717137503,17841402591799685,alcaldiadetulua,"Alcaldía de Tuluá","Mañana nos vemos 🤩",11,"09/26/2025 15:36",,"Historia de Instagram",,Total,531,2,0,1,0,549,,,,
18087693823856868,17841402591799685,alcaldiadetulua,"Alcaldía de Tuluá",,11,"09/26/2025 08:43",,"Historia de Instagram",,Total,558,4,0,1,0,596,,,,3
18105294496593336,17841402591799685,alcaldiadetulua,"Alcaldía de Tuluá","¡No te lo pierdas!😎✌🏽",11,"09/26/2025 08:42",,"Historia de Instagram",,Total,578,2,0,,0,620,,,,
18112833748548248,17841402591799685,alcaldiadetulua,"Alcaldía de Tuluá","MAÑANA NOS VEMOS ✌🏽 😎",15,"09/26/2025 08:27",,"Historia de Instagram",,Total,599,4,1,1,0,648,,,2,
18289310311281534,17841402591799685,alcaldiadetulua,"Alcaldía de Tuluá","Recibiendo la capacitación: “Los Tres Deseos Para Ser Felices” Por nuestro speaker invitado: @aristizabal.jeison",11,"09/26/2025 08:10",,"Historia de Instagram",,Total,625,11,0,,0,639,,,9,
18081624557496243,17841402591799685,alcaldiadetulua,"Alcaldía de Tuluá","Hoy en la Conmemoración del Día del Maestro 👨‍🏫 EXALTANDO 🥇  a directivos docentes y docentes orientadores💪🏼",11,"09/26/2025 08:08",,"Historia de Instagram",,Total,646,8,0,,0,700,,,,
17864959824393334,17841402591799685,alcaldiadetulua,"Alcaldía de Tuluá",,45,"09/26/2025 08:02",,"Historia de Instagram",,Total,695,6,0,,1,754,,,,
18111028330552043,17841402591799685,alcaldiadetulua,"Alcaldía de Tuluá","MAÑANA ✅",11,"09/25/2025 16:23",,"Historia de Instagram",,Total,600,5,0,,2,683,,,,
18142006423425242,17841402591799685,alcaldiadetulua,"Alcaldía de Tuluá",,47,"09/25/2025 16:22",,"Historia de Instagram",,Total,619,6,0,,0,686,,,,
18076477304029536,17841402591799685,alcaldiadetulua,"Alcaldía de Tuluá","@fundacionexito  @alpina",15,"09/25/2025 15:49",,"Historia de Instagram",,Total,621,7,0,2,0,690,,,5,
18079665004984291,17841402591799685,alcaldiadetulua,"Alcaldía de Tuluá",,30,"09/25/2025 15:34",,"Historia de Instagram",,Total,632,6,0,,0,696,,,,
17952119180886603,17841402591799685,alcaldiadetulua,"Alcaldía de Tuluá","También presentes en la",15,"09/25/2025 15:33",,"Historia de Instagram",,Total,670,8,0,2,0,753,,,,
18008688845629660,17841402591799685,alcaldiadetulua,"Alcaldía de Tuluá","En el cuarto día de la Muestra cultural ambiental✨✌🏽🎭",11,"09/25/2025 15:32",,"Historia de Instagram",,Total,696,9,0,,0,766,,,,
18067188764263144,17841402591799685,alcaldiadetulua,"Alcaldía de Tuluá","Cierre vial para la segunda fase del  Intercambiador de la Carrera 40 Con el @supercentrotulua  SOCIALIZACIÓN✅",11,"09/25/2025 08:59",,"Historia de Instagram",,Total,1003,14,0,3,0,1099,,,4,
18076922459051937,17841402591799685,alcaldiadetulua,"Alcaldía de Tuluá","Demolición segundo tramo de 📍La Casona ✅💪🏼🚧",33,"09/25/2025 08:54",,"Historia de Instagram",,Total,1038,15,0,1,1,1139,,,,
18330877948226735,17841402591799685,alcaldiadetulua,"Alcaldía de Tuluá","📍La Casona Recorrido en",10,"09/25/2025 06:30",,"Historia de Instagram",,Total,1117,8,0,,0,1088,,,,
17965858505956211,17841402591799685,alcaldiadetulua,"Alcaldía de Tuluá","Iniciamos la INSPECCIÓN OCULAR🔍 de la Infraestructura del sector 📍La Casona",8,"09/25/2025 06:15",,"Historia de Instagram",,Total,1339,14,0,,0,1047,,,,
18101750884558419,17841402591799685,alcaldiadetulua,"Alcaldía de Tuluá",,56,"09/24/2025 18:48",,"Historia de Instagram",,Total,1068,21,0,4,2,1243,,,,
18366579595147760,17841402591799685,alcaldiadetulua,"Alcaldía de Tuluá","El alcalde @gustavovelezr indicando cómo se está construyendo el Intercambiador Vial de la 40✌🏽✅ A los Honorables Concejales",33,"09/24/2025 14:56",,"Historia de Instagram",,Total,1141,17,1,4,5,1130,,,,
18081851623764223,17841402591799685,alcaldiadetulua,"Alcaldía de Tuluá","Tuluá será el segundo municipio con una obra de esta importancia ✅💪🏼",10,"09/24/2025 14:12",,"Historia de Instagram",,Total,1136,12,0,4,2,1127,,,,
18094553818665718,17841402591799685,alcaldiadetulua,"Alcaldía de Tuluá","📍Intercambiador vial Carrera 40",10,"09/24/2025 14:04",,"Historia de Instagram",,Total,1164,12,0,,2,1211,,,,
18078435925990115,17841402591799685,alcaldiadetulua,"Alcaldía de Tuluá",,0,"09/24/2025 13:23",,"Historia de Instagram",,Total,1138,3,0,3,1,1437,1508,,,
18078311585293459,17841402591799685,alcaldiadetulua,"Alcaldía de Tuluá",,0,"09/24/2025 13:23",,"Historia de Instagram",,Total,1173,7,1,2,1,1442,,,4,
17974268006779238,17841402591799685,alcaldiadetulua,"Alcaldía de Tuluá","Visita de obras  Viendo los proyectos que transformarán a Tuluá💪🏼💙 Con los Honorables Concejales✨",13,"09/24/2025 13:13",,"Historia de Instagram",,Total,1286,15,0,4,3,1215,,1,,
17876899443306276,17841402591799685,alcaldiadetulua,"Alcaldía de Tuluá",,13,"09/24/2025 08:43",,"Historia de Instagram",,Total,961,6,0,1,1,1096,,,6,
18090716461761052,17841402591799685,alcaldiadetulua,"Alcaldía de Tuluá","NOS VEMOS HOY ⬇️⬇️⬇️",11,"09/24/2025 08:37",,"Historia de Instagram",,Total,988,4,0,2,1,1109,,,,
17944049667027632,17841402591799685,alcaldiadetulua,"Alcaldía de Tuluá","TERCER DÍA  Recolección de Residuos Sólidos, Aceite de cocina y Tapatón. ¡Ven ahora!🙌🏼",8,"09/24/2025 08:10",,"Historia de Instagram",,Total,1098,14,0,3,0,1002,,,,
17941143471060456,17841402591799685,alcaldiadetulua,"Alcaldía de Tuluá",,0,"09/23/2025 16:19",,"Historia de Instagram",,Total,743,2,0,3,0,819,857,,,
17944381770048463,17841402591799685,alcaldiadetulua,"Alcaldía de Tuluá","@fundacionlevapan @parquedelaguadua",51,"09/23/2025 16:01",,"Historia de Instagram",,Total,855,5,2,3,0,824,,,2,
18133204153454894,17841402591799685,alcaldiadetulua,"Alcaldía de Tuluá",,0,"09/23/2025 15:47",,"Historia de Instagram",,Total,780,4,0,1,1,789,,1,2,
17984926445893030,17841402591799685,alcaldiadetulua,"Alcaldía de Tuluá",,0,"09/23/2025 15:47",,"Historia de Instagram",,Total,793,3,0,,0,874,,,,
18041617028418583,17841402591799685,alcaldiadetulua,"Alcaldía de Tuluá",,0,"09/23/2025 15:47",,"Historia de Instagram",,Total,819,8,1,1,0,893,,,2,
18104881246596940,17841402591799685,alcaldiadetulua,"Alcaldía de Tuluá",,15,"09/23/2025 11:13",,"Historia de Instagram",,Total,817,7,0,3,0,886,,,,
18311377207170865,17841402591799685,alcaldiadetulua,"Alcaldía de Tuluá","Trabajando juntos por la seguridad de Tuluá. ❤️💚🤍 @gustavovelezr @policiavalledelcauca @col_ejercito",11,"09/23/2025 10:25",,"Historia de Instagram",,Total,2332,11,1,,0,913,,,,
18063660461059800,17841402591799685,alcaldiadetulua,"Alcaldía de Tuluá","Que fortalecerá el trabajo por la seguridad de los tulueños 🚨👮 ENTREGA OFICIAL  De 4 nuevos vehículos para nuestra Fuerza Pública✅🚔 @gustavovelezr @policiavalledelcauca",27,"09/23/2025 10:21",,"Historia de Instagram",,Total,2474,13,0,2,1,892,,,2,
18109524727560293,17841402591799685,alcaldiadetulua,"Alcaldía de Tuluá","Medalla al mérito Policial El alcalde @gustavovelezr  entrega la  BRIGADIER GENERAL FRANCISCO ROJAS SCARPETTA  A la señora Comandante de Policía Valle del Cauca, General Sandra Liliana Rodríguez💪🏼✅",20,"09/23/2025 10:18",,"Historia de Instagram",,Total,2623,10,0,,0,899,,,7,
18098213392572901,17841402591799685,alcaldiadetulua,"Alcaldía de Tuluá","Hoy realizando la entrega del Parque Automotor a nuestra Fuerza Pública 💪🏼✅",14,"09/23/2025 08:37",,"Historia de Instagram",,Total,1049,16,0,3,2,959,,,,
18049867451638104,17841402591799685,alcaldiadetulua,"Alcaldía de Tuluá",,11,"09/22/2025 14:15",,"Historia de Instagram",,Total,506,5,0,,0,585,,,,
17903878260122010,17841402591799685,alcaldiadetulua,"Alcaldía de Tuluá",,11,"09/22/2025 13:53",,"Historia de Instagram",,Total,509,2,1,1,0,560,,,,
18041156336425457,17841402591799685,alcaldiadetulua,"Alcaldía de Tuluá",,41,"09/22/2025 13:01",,"Historia de Instagram",,Total,508,0,0,1,0,568,,,,
18158934178347658,17841402591799685,alcaldiadetulua,"Alcaldía de Tuluá",,15,"09/22/2025 12:40",,"Historia de Instagram",,Total,524,0,0,1,0,590,,,5,10
18039999269690166,17841402591799685,alcaldiadetulua,"Alcaldía de Tuluá",,13,"09/22/2025 10:34",,"Historia de Instagram",,Total,494,3,0,2,0,563,,,12,
18055669505532170,17841402591799685,alcaldiadetulua,"Alcaldía de Tuluá",,47,"09/22/2025 10:25",,"Historia de Instagram",,Total,492,5,2,1,0,552,,,,
18403092625189652,17841402591799685,alcaldiadetulua,"Alcaldía de Tuluá","HOY DIMOS INICIO A LA",11,"09/22/2025 09:10",,"Historia de Instagram",,Total,488,4,0,1,0,559,,,,
18358661398083472,17841402591799685,alcaldiadetulua,"Alcaldía de Tuluá",,60,"09/22/2025 09:01",,"Historia de Instagram",,Total,485,5,0,,0,550,,,,
17855028582536262,17841402591799685,alcaldiadetulua,"Alcaldía de Tuluá",,11,"09/22/2025 08:56",,"Historia de Instagram",,Total,513,1,0,3,0,574,,,,6
18062635205366865,17841402591799685,alcaldiadetulua,"Alcaldía de Tuluá",,0,"09/22/2025 08:21",,"Historia de Instagram",,Total,569,4,0,1,0,634,,,1,
18086499313896224,17841402591799685,alcaldiadetulua,"Alcaldía de Tuluá","Llegaron los 45 😎✌🏽 Desde el @labssummit  Con @frank.ilusionista",60,"09/20/2025 16:20",,"Historia de Instagram",,Total,1178,4,0,1,0,810,,,14,
18028206170518597,17841402591799685,alcaldiadetulua,"Alcaldía de Tuluá",@labssummit,11,"09/20/2025 10:54",,"Historia de Instagram",,Total,1601,1,0,2,0,652,,,2,14
17899591674144082,17841402591799685,alcaldiadetulua,"Alcaldía de Tuluá",,15,"09/20/2025 08:05",,"Historia de Instagram",,Total,609,2,0,,0,647,,,,
18074412586890136,17841402591799685,alcaldiadetulua,"Alcaldía de Tuluá","Hoy participando de",27,"09/20/2025 08:05",,"Historia de Instagram",,Total,660,3,0,1,0,704,,,,
18042544358663789,17841402591799685,alcaldiadetulua,"Alcaldía de Tuluá","En La Marina nuestros estudiantes estrenarán 😎✌🏽",58,"09/19/2025 15:56",,"Historia de Instagram",,Total,380,3,0,,0,401,,,,
17956879377003413,17841402591799685,alcaldiadetulua,"Alcaldía de Tuluá",,15,"09/19/2025 14:09",,"Historia de Instagram",,Total,466,3,0,1,0,526,,,7,
17952156572878307,17841402591799685,alcaldiadetulua,"Alcaldía de Tuluá","Acompañamos a @bomberostulua  Quienes desde hoy tienen 28 unidades Forestales para ser guardianes del medio ambiente.💪🏼✅",46,"09/19/2025 14:05",,"Historia de Instagram",,Total,551,5,0,2,0,523,,,2,
18092234017692724,17841402591799685,alcaldiadetulua,"Alcaldía de Tuluá",,10,"09/19/2025 13:58",,"Historia de Instagram",,Total,480,1,0,,0,515,,,,
18293468932251091,17841402591799685,alcaldiadetulua,"Alcaldía de Tuluá",,15,"09/19/2025 11:55",,"Historia de Instagram",,Total,486,2,0,,0,539,,,,
17862400875416444,17841402591799685,alcaldiadetulua,"Alcaldía de Tuluá",,0,"09/19/2025 07:25",,"Historia de Instagram",,Total,425,2,0,2,0,461,,,,
18421131688128109,17841402591799685,alcaldiadetulua,"Alcaldía de Tuluá",,0,"09/19/2025 07:25",,"Historia de Instagram",,Total,444,1,0,,0,479,515,,,
17882525919261524,17841402591799685,alcaldiadetulua,"Alcaldía de Tuluá",,11,"09/19/2025 06:26",,"Historia de Instagram",,Total,463,1,0,1,0,529,,,,9
18083722003909185,17841402591799685,alcaldiadetulua,"Alcaldía de Tuluá",,18,"09/18/2025 15:51",,"Historia de Instagram",,Total,597,6,0,,0,659,,,,
18050062964640185,17841402591799685,alcaldiadetulua,"Alcaldía de Tuluá",,15,"09/18/2025 15:51",,"Historia de Instagram",,Total,636,7,0,,0,635,,,,
18075284540031471,17841402591799685,alcaldiadetulua,"Alcaldía de Tuluá",,6,"09/18/2025 14:52",,"Historia de Instagram",,Total,622,4,0,,0,649,,,6,
17891043402203927,17841402591799685,alcaldiadetulua,"Alcaldía de Tuluá",,14,"09/18/2025 14:43",,"Historia de Instagram",,Total,627,6,0,1,0,662,,,,
17859520506497179,17841402591799685,alcaldiadetulua,"Alcaldía de Tuluá",,15,"09/18/2025 14:42",,"Historia de Instagram",,Total,636,5,0,,0,692,,,,
18082388653897924,17841402591799685,alcaldiadetulua,"Alcaldía de Tuluá",,33,"09/18/2025 14:42",,"Historia de Instagram",,Total,641,8,0,,0,686,,,,
18110942563555190,17841402591799685,alcaldiadetulua,"Alcaldía de Tuluá",,14,"09/18/2025 14:42",,"Historia de Instagram",,Total,655,7,0,1,0,668,,,12,
18342942385164877,17841402591799685,alcaldiadetulua,"Alcaldía de Tuluá",,12,"09/18/2025 14:41",,"Historia de Instagram",,Total,668,7,0,,0,719,,,7,
18111566560542656,17841402591799685,alcaldiadetulua,"Alcaldía de Tuluá",,15,"09/18/2025 14:40",,"Historia de Instagram",,Total,672,4,0,,0,789,,,15,
17978855138756559,17841402591799685,alcaldiadetulua,"Alcaldía de Tuluá","NOS VEMOS MAÑANA 😎",11,"09/18/2025 14:33",,"Historia de Instagram",,Total,909,6,0,,0,771,,1,,
17925996825129640,17841402591799685,alcaldiadetulua,"Alcaldía de Tuluá",,15,"09/18/2025 11:58",,"Historia de Instagram",,Total,725,9,1,,0,802,,,,
18396082747186654,17841402591799685,alcaldiadetulua,"Alcaldía de Tuluá",,0,"09/18/2025 10:05",,"Historia de Instagram",,Total,830,4,0,1,1,871,,,,
18285320029279884,17841402591799685,alcaldiadetulua,"Alcaldía de Tuluá","@labssummit ✌🏽💙 ¡Este gran evento ya comenzó!🙌🏼 Ven ahora, te esperamos 😎 @gustavovelezr",15,"09/18/2025 09:01",,"Historia de Instagram",,Total,3103,4,0,,0,927,,,30,
18318352108208275,17841402591799685,alcaldiadetulua,"Alcaldía de Tuluá","Ya nuestro alcalde @gustavovelezr está presente en el LABS SUMMIT😎✌🏽",10,"09/18/2025 08:52",,"Historia de Instagram",,Total,2587,12,0,,0,902,,,4,
18160677619342109,17841402591799685,alcaldiadetulua,"Alcaldía de Tuluá",,15,"09/17/2025 17:01",,"Historia de Instagram",,Total,696,5,0,1,0,745,,,,
17898970689274037,17841402591799685,alcaldiadetulua,"Alcaldía de Tuluá","Seguimos en el mejoramiento y conformación de la Vía 📍 Vía Materas - El Crucero",11,"09/17/2025 12:47",,"Historia de Instagram",,Total,640,5,0,3,0,688,,,,
18531180592025016,17841402591799685,alcaldiadetulua,"Alcaldía de Tuluá","TULUÁ VOLVERÁ A CORRER 🏃🏼‍♀️ 🏃🏻",15,"09/17/2025 10:20",,"Historia de Instagram",,Total,530,4,0,,1,553,,,,
17864238072397428,17841402591799685,alcaldiadetulua,"Alcaldía de Tuluá",,0,"09/17/2025 09:34",,"Historia de Instagram",,Total,509,5,0,,0,524,,,,
17864277744395685,17841402591799685,alcaldiadetulua,"Alcaldía de Tuluá",,0,"09/17/2025 09:33",,"Historia de Instagram",,Total,509,6,1,,0,527,,,,
18033220490505773,17841402591799685,alcaldiadetulua,"Alcaldía de Tuluá",,0,"09/17/2025 09:33",,"Historia de Instagram",,Total,530,9,0,,0,529,,,,
18527493850046274,17841402591799685,alcaldiadetulua,"Alcaldía de Tuluá",,27,"09/17/2025 09:28",,"Historia de Instagram",,Total,532,9,0,,0,555,,,,
18025542977736386,17841402591799685,alcaldiadetulua,"Alcaldía de Tuluá","Hoy estamos escuchando a los tulueños, identificando situaciones para brindar soluciones y construir una Tuluá  para todos. 💪🏼💙✌🏽",11,"09/17/2025 08:15",,"Historia de Instagram",,Total,1299,5,0,,0,558,,,,
18062764685069847,17841402591799685,alcaldiadetulua,"Alcaldía de Tuluá","Lanzamiento de la Modificación Excepcional  Hoy estamos con la comunidad en el del Plan de Ordenamiento Territorial 💪🏼",11,"09/17/2025 08:12",,"Historia de Instagram",,Total,615,4,0,,0,571,,,,
18051310952257624,17841402591799685,alcaldiadetulua,"Alcaldía de Tuluá","Agéndate para poner tu granito de arena y hacer de Tuluá una tierra de vida y esperanza ✨🌳 ¡Llegó la Semana Ambiental!✌🏽💪🏼✅",15,"09/17/2025 07:09",,"Historia de Instagram",,Total,863,3,0,,0,613,,,,
17853518970486654,17841402591799685,alcaldiadetulua,"Alcaldía de Tuluá",,0,"09/17/2025 06:06",,"Historia de Instagram",,Total,538,6,2,,2,626,,,4,
18069009281332648,17841402591799685,alcaldiadetulua,"Alcaldía de Tuluá",,15,"09/17/2025 06:05",,"Historia de Instagram",,Total,550,2,0,,2,592,,,,
18056034734440289,17841402591799685,alcaldiadetulua,"Alcaldía de Tuluá","NOS VEMOS HOY✌🏽💪🏼",11,"09/17/2025 06:05",,"Historia de Instagram",,Total,579,1,0,,2,622,,,,
17860895676480128,17841402591799685,alcaldiadetulua,"Alcaldía de Tuluá","@mediamaratontulua  Alcaldía siempre presente apoyando y transformando el deporte en Tuluá💙✌🏽",44,"09/16/2025 18:35",,"Historia de Instagram",,Total,1599,16,0,1,3,691,,,9,
18043438100374754,17841402591799685,alcaldiadetulua,"Alcaldía de Tuluá","Hoy asistiendo al gran Lanzamiento de la @mediamaratontulua 😎",16,"09/16/2025 18:25",,"Historia de Instagram",,Total,1610,10,0,,1,619,,,8,
,,,,,,,,,"An error occurred while computing metadata for content with ID 18116653357520144. Se produjo un error al calcular las métricas.",-,,,,,,,,,,
,,,,,,,,,"An error occurred while computing metadata for content with ID 17895083871313523. Se produjo un error al calcular las métricas.",-,,,,,,,,,,
,,,,,,,,,"An error occurred while computing metadata for content with ID 18077566345990660. Se produjo un error al calcular las métricas.",-,,,,,,,,,,
,,,,,,,,,"An error occurred while computing metadata for content with ID 18114451825520314. Se produjo un error al calcular las métricas.",-,,,,,,,,,,
,,,,,,,,,"An error occurred while computing metadata for content with ID 18369474091197437. Se produjo un error al calcular las métricas.",-,,,,,,,,,,
,,,,,,,,,"An error occurred while computing metadata for content with ID 17899338384269476. Se produjo un error al calcular las métricas.",-,,,,,,,,,,
,,,,,,,,,"An error occurred while computing metadata for content with ID 18095695321727144. Se produjo un error al calcular las métricas.",-,,,,,,,,,,
,,,,,,,,,"An error occurred while computing metadata for content with ID 18125803318477779. Se produjo un error al calcular las métricas.",-,,,,,,,,,,
,,,,,,,,,"An error occurred while computing metadata for content with ID 18053601476545874. Se produjo un error al calcular las métricas.",-,,,,,,,,,,
,,,,,,,,,"An error occurred while computing metadata for content with ID 18522484852021154. Se produjo un error al calcular las métricas.",-,,,,,,,,,,
,,,,,,,,,"An error occurred while computing metadata for content with ID 17954693456859767. Se produjo un error al calcular las métricas.",-,,,,,,,,,,
,,,,,,,,,"An error occurred while computing metadata for content with ID 17906286315100451. Se produjo un error al calcular las métricas.",-,,,,,,,,,,
,,,,,,,,,"An error occurred while computing metadata for content with ID 18327661432231945. Se produjo un error al calcular las métricas.",-,,,,,,,,,,
,,,,,,,,,"An error occurred while computing metadata for content with ID 17884816113365907. Se produjo un error al calcular las métricas.",-,,,,,,,,,,
,,,,,,,,,"An error occurred while computing metadata for content with ID 17895875187162382. Se produjo un error al calcular las métricas.",-,,,,,,,,,,
,,,,,,,,,"An error occurred while computing metadata for content with ID 18058159943618683. Se produjo un error al calcular las métricas.",-,,,,,,,,,,
,,,,,,,,,"An error occurred while computing metadata for content with ID 18108027868553750. Se produjo un error al calcular las métricas.",-,,,,,,,,,,
,,,,,,,,,"An error occurred while computing metadata for content with ID 17960233715988466. Se produjo un error al calcular las métricas.",-,,,,,,,,,,
,,,,,,,,,"An error occurred while computing metadata for content with ID 18078973729787756. Se produjo un error al calcular las métricas.",-,,,,,,,,,,
,,,,,,,,,"An error occurred while computing metadata for content with ID 18070807322131736. Se produjo un error al calcular las métricas.",-,,,,,,,,,,
,,,,,,,,,"An error occurred while computing metadata for content with ID 18071580827125437. Se produjo un error al calcular las métricas.",-,,,,,,,,,,
,,,,,,,,,"An error occurred while computing metadata for content with ID 18325851097225030. Se produjo un error al calcular las métricas.",-,,,,,,,,,,
,,,,,,,,,"An error occurred while computing metadata for content with ID 18309021547174071. Se produjo un error al calcular las métricas.",-,,,,,,,,,,
,,,,,,,,,"An error occurred while computing metadata for content with ID 18317308090212153. Se produjo un error al calcular las métricas.",-,,,,,,,,,,
,,,,,,,,,"An error occurred while computing metadata for content with ID 17893553568301256. Se produjo un error al calcular las métricas.",-,,,,,,,,,,
,,,,,,,,,"An error occurred while computing metadata for content with ID 18136668772438201. Se produjo un error al calcular las métricas.",-,,,,,,,,,,
,,,,,,,,,"An error occurred while computing metadata for content with ID 18026868227519967. Se produjo un error al calcular las métricas.",-,,,,,,,,,,
,,,,,,,,,"An error occurred while computing metadata for content with ID 18057865916126174. Se produjo un error al calcular las métricas.",-,,,,,,,,,,
17850527829542570,17841402591799685,alcaldiadetulua,"Alcaldía de Tuluá",,0,"09/06/2025 15:41",,"Historia de Instagram",,Total,504,3,0,1,0,560,,,,
18386945026122110,17841402591799685,alcaldiadetulua,"Alcaldía de Tuluá","A esta hora la comunidad de 📍Bosques de Maracaibo disfruta una tarde de arte y cultura, con música del DJ Deyner🤩✌🏽😎",47,"09/06/2025 14:12",,"Historia de Instagram",,Total,516,3,0,2,0,583,,,,
17868265848443583,17841402591799685,alcaldiadetulua,"Alcaldía de Tuluá",,59,"09/16/2025 16:17",,"Historia de Instagram",,Total,620,6,0,,0,724,,,,
17986346102851329,17841402591799685,alcaldiadetulua,"Alcaldía de Tuluá","Habilitamos nuevamente acceso a Progresar y Pueblo Nuevo✅💪🏼",13,"09/16/2025 14:57",,"Historia de Instagram",,Total,613,13,0,2,4,683,,,,
18059867558375548,17841402591799685,alcaldiadetulua,"Alcaldía de Tuluá",,0,"09/16/2025 14:47",,"Historia de Instagram",,Total,637,5,0,1,1,732,797,,,
17973272810942368,17841402591799685,alcaldiadetulua,"Alcaldía de Tuluá",,0,"09/16/2025 11:07",,"Historia de Instagram",,Total,615,5,0,,0,699,,,,
17952181697881552,17841402591799685,alcaldiadetulua,"Alcaldía de Tuluá",,0,"09/16/2025 11:03",,"Historia de Instagram",,Total,623,5,0,1,0,715,,,6,
18151762906399205,17841402591799685,alcaldiadetulua,"Alcaldía de Tuluá","Y la gobernadora @dilianfranciscat 💪🏼 Con la Federación Nacional de Cafeteros ✌🏽 Nuestro alcalde @gustavovelezr",11,"09/16/2025 08:55",,"Historia de Instagram",,Total,1770,4,0,3,2,750,,,13,
18541081009018505,17841402591799685,alcaldiadetulua,"Alcaldía de Tuluá","Fortalecimiento al sector Cafetero del Valle del Cauca 💪🏼✅☕️ Proyecto Valle Café 2025 @gustavovelezr",22,"09/16/2025 08:31",,"Historia de Instagram",,Total,1845,5,0,2,0,765,,,,
17856256989517550,17841402591799685,alcaldiadetulua,"Alcaldía de Tuluá","Lanzamiento del Proyecto  VALLE CAFÉ  Nuestro alcalde @gustavovelezr presente en el",30,"09/16/2025 08:26",,"Historia de Instagram",,Total,2044,9,0,1,1,847,,,,
18094886698674005,17841402591799685,alcaldiadetulua,"Alcaldía de Tuluá",,15,"09/15/2025 16:00",,"Historia de Instagram",,Total,634,3,0,2,0,756,,,,
17859393033436488,17841402591799685,alcaldiadetulua,"Alcaldía de Tuluá",,11,"09/15/2025 12:36",,"Historia de Instagram",,Total,629,5,5,1,1,728,,,,
17936005434073603,17841402591799685,alcaldiadetulua,"Alcaldía de Tuluá",,0,"09/15/2025 10:34",,"Historia de Instagram",,Total,595,3,0,,0,660,717,,,
18145744687411952,17841402591799685,alcaldiadetulua,"Alcaldía de Tuluá","Algo se está “cocinando”…😅",11,"09/15/2025 10:34",,"Historia de Instagram",,Total,1337,3,1,,0,643,,,,
17900042370274822,17841402591799685,alcaldiadetulua,"Alcaldía de Tuluá",,15,"09/15/2025 09:16",,"Historia de Instagram",,Total,587,3,0,2,0,618,,,,
17930112233979374,17841402591799685,alcaldiadetulua,"Alcaldía de Tuluá",,0,"09/15/2025 09:15",,"Historia de Instagram",,Total,611,2,0,1,0,635,695,,,
18062740103069594,17841402591799685,alcaldiadetulua,"Alcaldía de Tuluá",,11,"09/15/2025 05:09",,"Historia de Instagram",,Total,575,2,0,,0,628,,,,
17949116430010268,17841402591799685,alcaldiadetulua,"Alcaldía de Tuluá",,15,"09/14/2025 18:05",,"Historia de Instagram",,Total,640,3,0,,0,642,,,,
17941941435058689,17841402591799685,alcaldiadetulua,"Alcaldía de Tuluá","LOS CHAGUALOS💃 Con danzas del Valle del Cauca ✨😎",27,"09/14/2025 17:19",,"Historia de Instagram",,Total,592,13,0,,1,635,,,,
18018950726581135,17841402591799685,alcaldiadetulua,"Alcaldía de Tuluá","Nuestros niños felices 💙✨😎",35,"09/14/2025 17:10",,"Historia de Instagram",,Total,598,5,0,1,0,648,,,,
18104853169580050,17841402591799685,alcaldiadetulua,"Alcaldía de Tuluá",,33,"09/14/2025 16:15",,"Historia de Instagram",,Total,583,6,0,,0,638,,,,
18551551192032672,17841402591799685,alcaldiadetulua,"Alcaldía de Tuluá","Domingo de ser felices 💙✨",6,"09/14/2025 15:03",,"Historia de Instagram",,Total,645,7,0,,0,647,,,,
17989804343846176,17841402591799685,alcaldiadetulua,"Alcaldía de Tuluá","Atención Primaria en Salud 🏥🩺 Presente @hospitalrubencruzvelez",5,"09/14/2025 14:03",,"Historia de Instagram",,Total,813,3,0,1,0,615,,,2,
17913905388194439,17841402591799685,alcaldiadetulua,"Alcaldía de Tuluá","Tenemos Vacunación  PARA MASCOTAS🐾🐶🐈 ¡Ven ahora!😎✌🏽",11,"09/14/2025 13:51",,"Historia de Instagram",,Total,656,7,0,,0,701,,,,
17980810541912666,17841402591799685,alcaldiadetulua,"Alcaldía de Tuluá","RUTA DE LA FELICIDAD ✨✌🏽 Ya las familias empiezan a llegar 🥹💙 Inician las Presentaciones Artísticas 🎶🎶",12,"09/14/2025 13:23",,"Historia de Instagram",,Total,688,4,0,,0,700,,,,
17981640671865537,17841402591799685,alcaldiadetulua,"Alcaldía de Tuluá","Atención Primaria en Salud💪🏼✅ Tenemos nuestros Equipos brindando  @hospitalrubencruzvelez",8,"09/14/2025 13:20",,"Historia de Instagram",,Total,781,4,0,,0,712,,,,
18055290071450121,17841402591799685,alcaldiadetulua,"Alcaldía de Tuluá","Ven ahora✌🏽 Ya estamos en el 📍Parque de la Familia",12,"09/14/2025 13:15",,"Historia de Instagram",,Total,828,9,0,2,0,792,,,,
18146603941410315,17841402591799685,alcaldiadetulua,"Alcaldía de Tuluá","NOS VEMOS HOY 😎 📍Parque de la Familia",11,"09/14/2025 08:01",,"Historia de Instagram",,Total,1138,11,0,1,0,999,,,,
18085586542913079,17841402591799685,alcaldiadetulua,"Alcaldía de Tuluá",,15,"09/13/2025 16:01",,"Historia de Instagram",,Total,1485,10,0,4,0,1546,,,,
18043653347343566,17841402591799685,alcaldiadetulua,"Alcaldía de Tuluá","Gracias @fedemunicipios ✌🏽🙏🏼",15,"09/13/2025 08:07",,"Historia de Instagram",,Total,1585,16,0,,3,1800,,,,
18049806302647942,17841402591799685,alcaldiadetulua,"Alcaldía de Tuluá","Hoy está de cumpleaños nuestro alcalde @gustavovelezr 💙✌🏽",11,"09/13/2025 07:43",,"Historia de Instagram",,Total,2332,48,1,3,12,1867,,,16,
18400557184140713,17841402591799685,alcaldiadetulua,"Alcaldía de Tuluá",,15,"09/12/2025 16:02",,"Historia de Instagram",,Total,823,9,0,2,0,880,,,,
18058475207430984,17841402591799685,alcaldiadetulua,"Alcaldía de Tuluá","¡Te esperamos!💙😎✅",11,"09/12/2025 14:56",,"Historia de Instagram",,Total,1520,7,3,,2,865,,,,
18152691073394239,17841402591799685,alcaldiadetulua,"Alcaldía de Tuluá",,0,"09/12/2025 08:37",,"Historia de Instagram",,Total,730,8,1,1,2,718,,,,
17996086400828696,17841402591799685,alcaldiadetulua,"Alcaldía de Tuluá","@robertposadarosero  @salesianos_tulua",35,"09/12/2025 07:24",,"Historia de Instagram",,Total,1347,16,10,,1,865,,1,,
18050476301279509,17841402591799685,alcaldiadetulua,"Alcaldía de Tuluá","El Hospital Rubén Cruz Vélez ESTRENA LABORATORIO😎",15,"09/11/2025 17:31",,"Historia de Instagram",,Total,634,8,0,2,0,717,,,,
18077910845510966,17841402591799685,alcaldiadetulua,"Alcaldía de Tuluá","Aquí transformamos la salud  #ParaSerFelices 💙✌🏽 @gustavovelezr @hospitalrubencruzvelez",7,"09/11/2025 16:02",,"Historia de Instagram",,Total,1314,7,0,,0,599,,,,
18065453021263246,17841402591799685,alcaldiadetulua,"Alcaldía de Tuluá","Por primera vez en Tuluá El @hospitalrubencruzvelez  Tendrá laboratorio clínico ✅✌🏽🥼🔬",15,"09/11/2025 15:53",,"Historia de Instagram",,Total,817,12,0,,0,652,,,,
18124575421486933,17841402591799685,alcaldiadetulua,"Alcaldía de Tuluá","El alcalde @gustavovelezr ya está en el 📍Hospital Rubén Cruz Vélez  Para la entrega oficial del Laboratorio Clínico ✌🏽💪🏼✅",15,"09/11/2025 15:46",,"Historia de Instagram",,Total,1221,9,0,,0,689,,,,
18093382708672114,17841402591799685,alcaldiadetulua,"Alcaldía de Tuluá",,0,"09/11/2025 13:31",,"Historia de Instagram",,Total,613,8,0,2,0,708,,,,
18136128946443849,17841402591799685,alcaldiadetulua,"Alcaldía de Tuluá","📍 Concejo Municipal de Tuluá Instalación Sesiones Extraordinarias  @gustavovelezr @concejomunicipaltulua",11,"09/11/2025 13:02",,"Historia de Instagram",,Total,1124,9,0,1,0,700,,,,
18074650583079785,17841402591799685,alcaldiadetulua,"Alcaldía de Tuluá","El alcalde @gustavovelezr ya está en el 📍Concejo Municipal  Instalación de Sesiones Extraordinarias ✌🏽✅",6,"09/11/2025 12:57",,"Historia de Instagram",,Total,625,9,1,1,0,580,,,,
18075041923843946,17841402591799685,alcaldiadetulua,"Alcaldía de Tuluá","¡MAÑANA ÚLTIMO DÍA DE INSCRIPCIONES!😎💪🏼",11,"09/11/2025 10:09",,"Historia de Instagram",,Total,564,2,0,3,0,651,,,,8
18112438378523312,17841402591799685,alcaldiadetulua,"Alcaldía de Tuluá",,15,"09/11/2025 09:37",,"Historia de Instagram",,Total,564,4,0,,0,651,,,4,
17980369928744829,17841402591799685,alcaldiadetulua,"Alcaldía de Tuluá",,15,"09/11/2025 09:36",,"Historia de Instagram",,Total,887,4,1,,1,646,,,5,
18478912828072581,17841402591799685,alcaldiadetulua,"Alcaldía de Tuluá",,0,"09/11/2025 09:35",,"Historia de Instagram",,Total,580,3,2,,0,639,,,2,
18085988878698688,17841402591799685,alcaldiadetulua,"Alcaldía de Tuluá",,0,"09/11/2025 09:35",,"Historia de Instagram",,Total,596,3,1,1,0,666,,,,
18076707229840000,17841402591799685,alcaldiadetulua,"Alcaldía de Tuluá","NOS VEMOS EL DOMINGO 😎🤩",11,"09/11/2025 08:35",,"Historia de Instagram",,Total,1593,7,2,,1,674,,,,
18012495761610448,17841402591799685,alcaldiadetulua,"Alcaldía de Tuluá",,0,"09/11/2025 08:31",,"Historia de Instagram",,Total,599,4,0,4,0,608,,,2,
18527211319022510,17841402591799685,alcaldiadetulua,"Alcaldía de Tuluá",HOY✌🏽⬇️,11,"09/11/2025 08:31",,"Historia de Instagram",,Total,626,5,0,,0,670,,,,
18071349362279280,17841402591799685,alcaldiadetulua,"Alcaldía de Tuluá",,5,"09/10/2025 18:17",,"Historia de Instagram",,Total,1216,6,0,,0,597,,,,
17941630449050463,17841402591799685,alcaldiadetulua,"Alcaldía de Tuluá","Atención ‼️🚨",11,"09/10/2025 15:59",,"Historia de Instagram",,Total,572,3,0,,2,655,,,,
18124536826486647,17841402591799685,alcaldiadetulua,"Alcaldía de Tuluá",,11,"09/10/2025 15:26",,"Historia de Instagram",,Total,1198,6,3,2,0,663,,,,
17941477884058021,17841402591799685,alcaldiadetulua,"Alcaldía de Tuluá","🧺Picnic Literario 📚",15,"09/10/2025 11:12",,"Historia de Instagram",,Total,561,7,0,,0,674,,,2,
18051048965266879,17841402591799685,alcaldiadetulua,"Alcaldía de Tuluá","El alcalde @gustavovelezr reunido con el  Gremio de Taxistas🚕 Hablando de la movilidad segura en Tuluá🚖 ✅ Departamento de Movilidad y Seguridad Vial
✅ Central de Transportes de Tuluá  Nos acompañan: @central_de_transportes_tulua_ @fernandapasmin",8,"09/10/2025 11:12",,"Historia de Instagram",,Total,709,4,0,,0,628,,,,
18091365979775839,17841402591799685,alcaldiadetulua,"Alcaldía de Tuluá","Licenciado Gustavo Bermúdez  A la trayectoria y al trabajo de más de 45 años al servicio de la comunidad educativa.💪🏼💙 ✅ Ex rector de la I. E. Gimnasio del Pacífico 
✅ Ex Secretario de Educación de Tuluá @robertposadarosero",11,"09/10/2025 11:05",,"Historia de Instagram",,Total,681,8,0,1,0,703,,,,
18155148082391897,17841402591799685,alcaldiadetulua,"Alcaldía de Tuluá",,0,"09/10/2025 11:01",,"Historia de Instagram",,Total,585,4,0,,0,699,,,2,
18040147895432038,17841402591799685,alcaldiadetulua,"Alcaldía de Tuluá",,11,"09/10/2025 08:22",,"Historia de Instagram",,Total,557,4,0,1,0,652,,,,
17853489051534525,17841402591799685,alcaldiadetulua,"Alcaldía de Tuluá",,11,"09/10/2025 07:59",,"Historia de Instagram",,Total,561,6,0,,0,640,,,,
18040562906419184,17841402591799685,alcaldiadetulua,"Alcaldía de Tuluá","Travel Update 2025✈️💪🏼 Turismo inteligente y conectado aplicadas en Marketing Turístico ✌🏽🤩 Hoy participando del",11,"09/10/2025 07:39",,"Historia de Instagram",,Total,569,6,1,,0,644,,,,
18089684293809493,17841402591799685,alcaldiadetulua,"Alcaldía de Tuluá",,15,"09/10/2025 05:12",,"Historia de Instagram",,Total,575,4,0,,0,640,,,,
18042977915344610,17841402591799685,alcaldiadetulua,"Alcaldía de Tuluá","Siguen nuestras Caravanas por la vida ✅💪🏼",13,"09/10/2025 03:59",,"Historia de Instagram",,Total,628,6,0,1,1,632,,,,
18355779232081421,17841402591799685,alcaldiadetulua,"Alcaldía de Tuluá",M,15,"09/09/2025 14:48",,"Historia de Instagram",,Total,539,5,0,1,0,595,,,,
18112371346471283,17841402591799685,alcaldiadetulua,"Alcaldía de Tuluá","Nos vemos mañana 😎✌🏽💙",15,"09/09/2025 14:33",,"Historia de Instagram",,Total,548,6,0,,0,621,,,,
18293362657270830,17841402591799685,alcaldiadetulua,"Alcaldía de Tuluá",,0,"09/09/2025 14:30",,"Historia de Instagram",,Total,597,6,0,,0,663,,,,
17945845734030718,17841402591799685,alcaldiadetulua,"Alcaldía de Tuluá",,0,"09/09/2025 14:29",,"Historia de Instagram",,Total,609,8,0,,0,694,,,,
18075358817121965,17841402591799685,alcaldiadetulua,"Alcaldía de Tuluá",,0,"09/09/2025 14:29",,"Historia de Instagram",,Total,623,7,0,1,0,671,,,,
18174829534343114,17841402591799685,alcaldiadetulua,"Alcaldía de Tuluá",,0,"09/09/2025 14:29",,"Historia de Instagram",,Total,646,11,0,4,0,729,,,4,
18056339366576258,17841402591799685,alcaldiadetulua,"Alcaldía de Tuluá",,15,"09/09/2025 14:20",,"Historia de Instagram",,Total,713,11,0,3,1,690,,,,
18092645938738153,17841402591799685,alcaldiadetulua,"Alcaldía de Tuluá","Picnic 📍",18,"09/08/2025 17:00",,"Historia de Instagram",,Total,660,6,0,,0,720,,,,
18059909681579310,17841402591799685,alcaldiadetulua,"Alcaldía de Tuluá",,17,"09/08/2025 14:08",,"Historia de Instagram",,Total,615,3,0,1,0,679,,,2,
18059690825454109,17841402591799685,alcaldiadetulua,"Alcaldía de Tuluá",,15,"09/08/2025 11:38",,"Historia de Instagram",,Total,559,6,0,1,1,601,,,,
17975625533921394,17841402591799685,alcaldiadetulua,"Alcaldía de Tuluá","Conoce los talleres que tenemos para ti 🤩😎",5,"09/08/2025 08:41",,"Historia de Instagram",,Total,504,2,0,,1,623,,,,
18039070652445375,17841402591799685,alcaldiadetulua,"Alcaldía de Tuluá",,0,"09/08/2025 08:40",,"Historia de Instagram",,Total,522,6,0,,0,583,,,,
18024820190529740,17841402591799685,alcaldiadetulua,"Alcaldía de Tuluá",,0,"09/08/2025 08:40",,"Historia de Instagram",,Total,551,4,0,1,0,603,,,2,
17881579689265007,17841402591799685,alcaldiadetulua,"Alcaldía de Tuluá",,0,"09/07/2025 16:07",,"Historia de Instagram",,Total,474,6,0,,0,543,,,,
18125706517470891,17841402591799685,alcaldiadetulua,"Alcaldía de Tuluá",,0,"09/07/2025 16:07",,"Historia de Instagram",,Total,481,6,1,,0,562,,,,
17971689740928030,17841402591799685,alcaldiadetulua,"Alcaldía de Tuluá","Nuestros niños y las familias felices ✨🤩",33,"09/07/2025 15:31",,"Historia de Instagram",,Total,547,9,0,,0,614,,,,
18122121097438342,17841402591799685,alcaldiadetulua,"Alcaldía de Tuluá","Así se vive la RUTA DE LA FELICIDAD🤩",11,"09/07/2025 15:30",,"Historia de Instagram",,Total,581,7,0,,0,645,,,,
18344295769162251,17841402591799685,alcaldiadetulua,"Alcaldía de Tuluá",,15,"09/07/2025 12:21",,"Historia de Instagram",,Total,559,6,0,2,0,634,,,,
17944476243022099,17841402591799685,alcaldiadetulua,"Alcaldía de Tuluá","Hoy en el 📍Lago Chilicote 🤩 Nos vemos ✌🏽",11,"09/07/2025 06:22",,"Historia de Instagram",,Total,556,5,2,,0,637,,,,
18525380803026769,17841402591799685,alcaldiadetulua,"Alcaldía de Tuluá",,15,"09/07/2025 06:04",,"Historia de Instagram",,Total,579,7,0,,0,620,,,,
18099621187612433,17841402591799685,alcaldiadetulua,"Alcaldía de Tuluá",,15,"09/06/2025 20:17",,"Historia de Instagram",,Total,524,3,0,,0,606,,,2,
18057269321161841,17841402591799685,alcaldiadetulua,"Alcaldía de Tuluá","Caravanas por la Vida 💪🏼✅",37,"09/06/2025 19:46",,"Historia de Instagram",,Total,619,6,2,,1,613,,,,
18077812561952017,17841402591799685,alcaldiadetulua,"Alcaldía de Tuluá",,0,"09/06/2025 19:20",,"Historia de Instagram",,Total,525,7,0,1,1,610,,,4,
18075096971082323,17841402591799685,alcaldiadetulua,"Alcaldía de Tuluá",,0,"09/06/2025 19:20",,"Historia de Instagram",,Total,547,6,0,,0,593,,,,
18090168388774799,17841402591799685,alcaldiadetulua,"Alcaldía de Tuluá",,15,"09/06/2025 17:26",,"Historia de Instagram",,Total,478,6,0,2,0,503,,,,
17995235027676573,17841402591799685,alcaldiadetulua,"Alcaldía de Tuluá",,15,"09/06/2025 16:48",,"Historia de Instagram",,Total,471,3,0,,0,512,,,7,
18287199400286248,17841402591799685,alcaldiadetulua,"Alcaldía de Tuluá",,15,"09/06/2025 16:41",,"Historia de Instagram",,Total,478,4,0,,0,521,,,5,
18220907935306678,17841402591799685,alcaldiadetulua,"Alcaldía de Tuluá",,10,"09/06/2025 16:39",,"Historia de Instagram",,Total,479,5,0,1,0,543,,,3,
17909479881215233,17841402591799685,alcaldiadetulua,"Alcaldía de Tuluá",,15,"09/06/2025 16:38",,"Historia de Instagram",,Total,483,4,0,,0,547,,,4,
18099540700554373,17841402591799685,alcaldiadetulua,"Alcaldía de Tuluá",,0,"09/06/2025 16:38",,"Historia de Instagram",,Total,484,6,0,,0,522,,,,
17976319568919344,17841402591799685,alcaldiadetulua,"Alcaldía de Tuluá",,0,"09/06/2025 16:38",,"Historia de Instagram",,Total,488,6,0,,0,533,,,,
17881935627259156,17841402591799685,alcaldiadetulua,"Alcaldía de Tuluá",,0,"09/06/2025 16:38",,"Historia de Instagram",,Total,498,5,0,3,0,551,,,,
18083128252906016,17841402591799685,alcaldiadetulua,"Alcaldía de Tuluá",,0,"09/06/2025 16:38",,"Historia de Instagram",,Total,503,6,0,,0,561,,,,
18078195557069703,17841402591799685,alcaldiadetulua,"Alcaldía de Tuluá",,0,"09/06/2025 16:38",,"Historia de Instagram",,Total,509,8,1,,0,527,,,,
18060391967090631,17841402591799685,alcaldiadetulua,"Alcaldía de Tuluá","💫FESTIVAL DE COMETAS🪁  Con éxito terminamos nuestro gran ¡Gracias, Tuluá!😎✌🏽 @labakana103.1 @central_de_transportes_tulua_",7,"09/06/2025 16:37",,"Historia de Instagram",,Total,593,7,0,,0,529,,,,
17875562856407960,17841402591799685,alcaldiadetulua,"Alcaldía de Tuluá","Tuluá siempre ✨ARRIBA Y FELIZ💙✌🏽",12,"09/06/2025 16:35",,"Historia de Instagram",,Total,524,5,0,,0,550,,,,
18161610271335465,17841402591799685,alcaldiadetulua,"Alcaldía de Tuluá","Gracias Bosques de Maracaibo 💙✨ Comuna 8 en movimiento regresó con toda ✌🏽🤩",11,"09/06/2025 15:43",,"Historia de Instagram",,Total,500,5,0,,0,559,,,,
18081218785743833,17841402591799685,alcaldiadetulua,"Alcaldía de Tuluá",,0,"09/06/2025 15:41",,"Historia de Instagram",,Total,504,7,0,,0,564,,,2,
,,,,,,,,,"An error occurred while computing metadata for content with ID 17866677420444149. Se produjo un error al calcular las métricas.",-,,,,,,,,,,
,,,,,,,,,"An error occurred while computing metadata for content with ID 18089878981785725. Se produjo un error al calcular las métricas.",-,,,,,,,,,,
,,,,,,,,,"An error occurred while computing metadata for content with ID 18307834474170463. Se produjo un error al calcular las métricas.",-,,,,,,,,,,
,,,,,,,,,"An error occurred while computing metadata for content with ID 18063925019349726. Se produjo un error al calcular las métricas.",-,,,,,,,,,,
,,,,,,,,,"An error occurred while computing metadata for content with ID 18032660231506427. Se produjo un error al calcular las métricas.",-,,,,,,,,,,
,,,,,,,,,"An error occurred while computing metadata for content with ID 18070131332147122. Se produjo un error al calcular las métricas.",-,,,,,,,,,,
,,,,,,,,,"An error occurred while computing metadata for content with ID 17941055766053055. Se produjo un error al calcular las métricas.",-,,,,,,,,,,
,,,,,,,,,"An error occurred while computing metadata for content with ID 18065601764264717. Se produjo un error al calcular las métricas.",-,,,,,,,,,,
,,,,,,,,,"An error occurred while computing metadata for content with ID 18065503823220370. Se produjo un error al calcular las métricas.",-,,,,,,,,,,
,,,,,,,,,"An error occurred while computing metadata for content with ID 18048394055299098. Se produjo un error al calcular las métricas.",-,,,,,,,,,,
,,,,,,,,,"An error occurred while computing metadata for content with ID 17855710392458122. Se produjo un error al calcular las métricas.",-,,,,,,,,,,
,,,,,,,,,"An error occurred while computing metadata for content with ID 18382854988126525. Se produjo un error al calcular las métricas.",-,,,,,,,,,,
,,,,,,,,,"An error occurred while computing metadata for content with ID 17934872583072663. Se produjo un error al calcular las métricas.",-,,,,,,,,,,
,,,,,,,,,"An error occurred while computing metadata for content with ID 18021162536741894. Se produjo un error al calcular las métricas.",-,,,,,,,,,,
,,,,,,,,,"An error occurred while computing metadata for content with ID 18414419041105757. Se produjo un error al calcular las métricas.",-,,,,,,,,,,
,,,,,,,,,"An error occurred while computing metadata for content with ID 18110240170542263. Se produjo un error al calcular las métricas.",-,,,,,,,,,,
18054153197400676,17841402591799685,alcaldiadetulua,"Alcaldía de Tuluá",,0,"08/29/2025 15:08",,"Historia de Instagram",,Total,429,2,0,,0,448,,,,
17945944377016892,17841402591799685,alcaldiadetulua,"Alcaldía de Tuluá",,0,"08/29/2025 15:08",,"Historia de Instagram",,Total,431,2,0,,0,445,,,,
18091551901690987,17841402591799685,alcaldiadetulua,"Alcaldía de Tuluá",,0,"09/06/2025 13:48",,"Historia de Instagram",,Total,521,6,0,1,0,587,,,,
17963246234966972,17841402591799685,alcaldiadetulua,"Alcaldía de Tuluá","Nuestras cometas listas para volar 🪁 @labakana103.1",15,"09/06/2025 13:45",,"Historia de Instagram",,Total,1322,5,0,,0,585,,,,
17915022171053961,17841402591799685,alcaldiadetulua,"Alcaldía de Tuluá","¡Listos! 😎✌🏽 En minutos iniciamos con nuestro gran FESTIVAL DE COMETAS🪁💫",8,"09/06/2025 13:16",,"Historia de Instagram",,Total,537,5,0,,0,534,,,,
17916729801176795,17841402591799685,alcaldiadetulua,"Alcaldía de Tuluá","Mucha cultura en este espacio para las familias 💙🤩✨ 📍 Bosques de Maracaibo",17,"09/06/2025 13:15",,"Historia de Instagram",,Total,539,2,0,,0,583,,,,
18530141881050560,17841402591799685,alcaldiadetulua,"Alcaldía de Tuluá","Comuna 8 en movimiento ✌🏽😎 Ya iniciamos… 📍Bosques de Maracaibo",60,"09/06/2025 13:14",,"Historia de Instagram",,Total,550,5,0,,0,620,,,,
18084827476859527,17841402591799685,alcaldiadetulua,"Alcaldía de Tuluá",,15,"09/06/2025 12:16",,"Historia de Instagram",,Total,550,2,0,,0,621,,,,
17901536601255496,17841402591799685,alcaldiadetulua,"Alcaldía de Tuluá","Trabajo con la comunidad de la zona rural  Mejoramiento de Vía🚧🚜 📍El Retiro y el Guayabito",19,"09/06/2025 12:15",,"Historia de Instagram",,Total,1238,3,0,1,0,635,,,,
18070805032936524,17841402591799685,alcaldiadetulua,"Alcaldía de Tuluá",,11,"09/06/2025 10:00",,"Historia de Instagram",,Total,1005,4,0,,0,646,,,,
18101407489606273,17841402591799685,alcaldiadetulua,"Alcaldía de Tuluá",,0,"09/06/2025 05:56",,"Historia de Instagram",,Total,566,3,0,,0,635,,,,
18386321326124512,17841402591799685,alcaldiadetulua,"Alcaldía de Tuluá","Así vivimos Cultura al Parque en 📍 Nariño😎",15,"09/05/2025 22:04",,"Historia de Instagram",,Total,578,3,0,,0,667,,,,
17863284720394126,17841402591799685,alcaldiadetulua,"Alcaldía de Tuluá",,0,"09/05/2025 21:26",,"Historia de Instagram",,Total,567,3,0,,0,658,,,,
18020339813754606,17841402591799685,alcaldiadetulua,"Alcaldía de Tuluá",,0,"09/05/2025 21:17",,"Historia de Instagram",,Total,584,5,1,1,0,674,,,,
18110447611480544,17841402591799685,alcaldiadetulua,"Alcaldía de Tuluá","Nuestros talentosos jóvenes😎✨🎶 📍 Corregimiento Nariño En Cultura al Parque🤩 @tuluaculturacol_",11,"09/05/2025 21:17",,"Historia de Instagram",,Total,714,6,0,,0,753,,,,
17866126251446130,17841402591799685,alcaldiadetulua,"Alcaldía de Tuluá",,11,"09/05/2025 18:30",,"Historia de Instagram",,Total,1054,3,0,,0,768,,,,84
18058170626378664,17841402591799685,alcaldiadetulua,"Alcaldía de Tuluá","The Proyect Blues✨🔵 En este momento en",15,"09/05/2025 17:05",,"Historia de Instagram",,Total,564,4,0,1,0,635,,,,
18074056127011420,17841402591799685,alcaldiadetulua,"Alcaldía de Tuluá","con los prestadores de servicios públicos @centroaguas.sa.esp  Planificando ciudad✌🏽 🏙️",11,"09/05/2025 16:58",,"Historia de Instagram",,Total,567,4,0,,0,672,,,,
18075461993100878,17841402591799685,alcaldiadetulua,"Alcaldía de Tuluá",@yomellamoamaiamontero2025,0,"09/05/2025 16:47",,"Historia de Instagram",,Total,782,5,0,,0,676,954,,,
18077011988482100,17841402591799685,alcaldiadetulua,"Alcaldía de Tuluá",,0,"09/05/2025 16:44",,"Historia de Instagram",,Total,581,8,0,,0,672,,,,
17917603509171806,17841402591799685,alcaldiadetulua,"Alcaldía de Tuluá","Cultura al Parque🎶💃 Ya iniciamos",11,"09/05/2025 16:22",,"Historia de Instagram",,Total,588,5,0,1,0,691,,,,
17859471882483848,17841402591799685,alcaldiadetulua,"Alcaldía de Tuluá",,15,"09/05/2025 16:21",,"Historia de Instagram",,Total,595,5,0,,0,676,,,,
17884550937238836,17841402591799685,alcaldiadetulua,"Alcaldía de Tuluá",,15,"09/05/2025 16:19",,"Historia de Instagram",,Total,612,5,1,,0,630,,,,
18088296541744741,17841402591799685,alcaldiadetulua,"Alcaldía de Tuluá",,15,"09/05/2025 15:41",,"Historia de Instagram",,Total,605,4,0,1,0,689,,,,
18128795380415570,17841402591799685,alcaldiadetulua,"Alcaldía de Tuluá",,0,"09/05/2025 15:08",,"Historia de Instagram",,Total,605,7,0,1,0,723,,,2,
18100121830720144,17841402591799685,alcaldiadetulua,"Alcaldía de Tuluá",,15,"09/05/2025 14:00",,"Historia de Instagram",,Total,601,6,0,,0,540,,,,
18174267718355901,17841402591799685,alcaldiadetulua,"Alcaldía de Tuluá",,48,"09/05/2025 11:57",,"Historia de Instagram",,Total,518,7,0,2,1,583,,,2,
17936751771069701,17841402591799685,alcaldiadetulua,"Alcaldía de Tuluá",,56,"09/05/2025 11:57",,"Historia de Instagram",,Total,526,7,0,1,0,594,,,,
18085827910847473,17841402591799685,alcaldiadetulua,"Alcaldía de Tuluá",,15,"09/05/2025 11:57",,"Historia de Instagram",,Total,525,4,0,,0,620,,,,
18019301408564513,17841402591799685,alcaldiadetulua,"Alcaldía de Tuluá",,5,"09/05/2025 11:56",,"Historia de Instagram",,Total,538,2,0,,0,593,,,9,
18397329277190738,17841402591799685,alcaldiadetulua,"Alcaldía de Tuluá",,0,"09/05/2025 11:56",,"Historia de Instagram",,Total,555,5,0,,0,589,623,,7,
18089259574768823,17841402591799685,alcaldiadetulua,"Alcaldía de Tuluá","NOS VEMOS HOY NARIÑO💪🏼🤩",11,"09/05/2025 11:09",,"Historia de Instagram",,Total,542,5,0,,0,616,,,,
17921406621114294,17841402591799685,alcaldiadetulua,"Alcaldía de Tuluá",,57,"09/05/2025 10:23",,"Historia de Instagram",,Total,544,7,0,,0,623,,,,
18532099273047820,17841402591799685,alcaldiadetulua,"Alcaldía de Tuluá",,60,"09/05/2025 10:23",,"Historia de Instagram",,Total,556,10,0,,1,605,,,,
18085469302872171,17841402591799685,alcaldiadetulua,"Alcaldía de Tuluá",,11,"09/05/2025 09:23",,"Historia de Instagram",,Total,599,4,0,1,0,671,,,,2
18100257835546060,17841402591799685,alcaldiadetulua,"Alcaldía de Tuluá",,8,"09/04/2025 17:51",,"Historia de Instagram",,Total,485,4,0,,0,493,,,3,
18398686303142329,17841402591799685,alcaldiadetulua,"Alcaldía de Tuluá",,0,"09/04/2025 17:51",,"Historia de Instagram",,Total,494,4,0,,0,519,,,,
17914415877056698,17841402591799685,alcaldiadetulua,"Alcaldía de Tuluá",,0,"09/04/2025 16:34",,"Historia de Instagram",,Total,486,6,0,,0,515,,,,
17881264833264929,17841402591799685,alcaldiadetulua,"Alcaldía de Tuluá",,0,"09/04/2025 16:31",,"Historia de Instagram",,Total,490,4,1,,0,501,,,,
18148088290365119,17841402591799685,alcaldiadetulua,"Alcaldía de Tuluá",,0,"09/04/2025 16:31",,"Historia de Instagram",,Total,498,5,0,1,0,531,,,,
18077695783798333,17841402591799685,alcaldiadetulua,"Alcaldía de Tuluá",,15,"09/04/2025 14:46",,"Historia de Instagram",,Total,509,3,0,,0,564,,,,
17992511468827243,17841402591799685,alcaldiadetulua,"Alcaldía de Tuluá","NOS VEMOS MAÑANA NARIÑO 😎✌🏽",11,"09/04/2025 12:30",,"Historia de Instagram",,Total,819,3,0,1,1,552,,1,,
18037230821479752,17841402591799685,alcaldiadetulua,"Alcaldía de Tuluá",,0,"09/04/2025 11:23",,"Historia de Instagram",,Total,516,3,0,,0,551,,,,
18123981010427867,17841402591799685,alcaldiadetulua,"Alcaldía de Tuluá","Y tú… ¿Cuál es tu color favorito? 🤩💚",15,"09/04/2025 10:01",,"Historia de Instagram",,Total,1249,2,0,1,0,565,,,,
18104697418585474,17841402591799685,alcaldiadetulua,"Alcaldía de Tuluá","Nos vemos hoy en el",11,"09/04/2025 07:31",,"Historia de Instagram",,Total,563,4,0,,0,611,,,,
17970539720943486,17841402591799685,alcaldiadetulua,"Alcaldía de Tuluá","Conoce la historia de Laura Valentina",15,"09/03/2025 17:06",,"Historia de Instagram",,Total,499,11,0,,0,540,,,,
17956955708844715,17841402591799685,alcaldiadetulua,"Alcaldía de Tuluá",,15,"09/03/2025 14:23",,"Historia de Instagram",,Total,500,7,0,1,0,496,,,,
18115372735510267,17841402591799685,alcaldiadetulua,"Alcaldía de Tuluá","Este fin de semana 😎 Nos vemos",15,"09/03/2025 14:15",,"Historia de Instagram",,Total,510,6,0,1,0,572,,,,
18124956511484423,17841402591799685,alcaldiadetulua,"Alcaldía de Tuluá",,15,"09/03/2025 09:36",,"Historia de Instagram",,Total,464,2,0,2,0,503,,,,
17958092174842166,17841402591799685,alcaldiadetulua,"Alcaldía de Tuluá",,15,"09/03/2025 09:34",,"Historia de Instagram",,Total,475,7,0,,0,529,,,,
17872327188422449,17841402591799685,alcaldiadetulua,"Alcaldía de Tuluá",,15,"09/03/2025 09:33",,"Historia de Instagram",,Total,483,3,0,,0,550,,,,
17854536336518084,17841402591799685,alcaldiadetulua,"Alcaldía de Tuluá",,0,"09/03/2025 09:32",,"Historia de Instagram",,Total,488,5,0,1,0,558,626,,2,
18406838347118813,17841402591799685,alcaldiadetulua,"Alcaldía de Tuluá",,10,"09/03/2025 09:32",,"Historia de Instagram",,Total,499,5,0,,0,551,,,4,
18073891739092938,17841402591799685,alcaldiadetulua,"Alcaldía de Tuluá",,0,"09/03/2025 09:31",,"Historia de Instagram",,Total,557,0,0,3,1,587,627,,,
18008485088619020,17841402591799685,alcaldiadetulua,"Alcaldía de Tuluá","¿Lo entendiste?😎✌🏽",15,"09/02/2025 15:48",,"Historia de Instagram",,Total,593,5,0,7,2,708,,,,
18088102648641949,17841402591799685,alcaldiadetulua,"Alcaldía de Tuluá",,15,"09/02/2025 11:54",,"Historia de Instagram",,Total,585,6,0,2,0,644,,,,
18533534767055444,17841402591799685,alcaldiadetulua,"Alcaldía de Tuluá",,15,"09/02/2025 11:48",,"Historia de Instagram",,Total,607,2,10,1,0,686,,,3,
18070818866136378,17841402591799685,alcaldiadetulua,"Alcaldía de Tuluá",,14,"09/02/2025 09:11",,"Historia de Instagram",,Total,559,2,0,,0,618,,,3,
18056116679451672,17841402591799685,alcaldiadetulua,"Alcaldía de Tuluá",,6,"09/02/2025 09:10",,"Historia de Instagram",,Total,577,1,1,,0,605,,,,
17858236053490565,17841402591799685,alcaldiadetulua,"Alcaldía de Tuluá",,38,"09/02/2025 08:21",,"Historia de Instagram",,Total,552,0,2,1,0,609,,,2,
18055572950178052,17841402591799685,alcaldiadetulua,"Alcaldía de Tuluá",,15,"09/02/2025 08:19",,"Historia de Instagram",,Total,561,2,0,1,0,618,,,,
18021025865558852,17841402591799685,alcaldiadetulua,"Alcaldía de Tuluá",,15,"09/02/2025 07:45",,"Historia de Instagram",,Total,596,4,0,1,0,620,,,,
18070742084130994,17841402591799685,alcaldiadetulua,"Alcaldía de Tuluá","Así avanza el EL INTERCAMBIADOR😎✌🏽",15,"09/01/2025 15:36",,"Historia de Instagram",,Total,1031,1,0,1,1,519,,,,
17874281358409284,17841402591799685,alcaldiadetulua,"Alcaldía de Tuluá",,11,"09/01/2025 14:25",,"Historia de Instagram",,Total,506,2,0,,0,554,,,,19
18130497712456087,17841402591799685,alcaldiadetulua,"Alcaldía de Tuluá",,15,"09/01/2025 14:16",,"Historia de Instagram",,Total,531,3,0,,0,639,,,,
17925020783997016,17841402591799685,alcaldiadetulua,"Alcaldía de Tuluá",,11,"09/01/2025 13:49",,"Historia de Instagram",,Total,564,9,8,,1,638,,,,
18079416445946829,17841402591799685,alcaldiadetulua,"Alcaldía de Tuluá",,31,"09/01/2025 11:34",,"Historia de Instagram",,Total,587,4,0,4,0,625,,,,
17924916581999931,17841402591799685,alcaldiadetulua,"Alcaldía de Tuluá",,15,"09/01/2025 06:50",,"Historia de Instagram",,Total,719,5,0,2,0,739,,,,
18030369200651477,17841402591799685,alcaldiadetulua,"Alcaldía de Tuluá",,0,"08/31/2025 10:57",,"Historia de Instagram",,Total,738,2,1,,0,790,,,,
17884780800360619,17841402591799685,alcaldiadetulua,"Alcaldía de Tuluá",,0,"08/31/2025 10:56",,"Historia de Instagram",,Total,770,5,2,1,0,798,,,,
18081647581942690,17841402591799685,alcaldiadetulua,"Alcaldía de Tuluá",,0,"08/31/2025 10:56",,"Historia de Instagram",,Total,788,5,1,,0,843,,,,
18074728181094796,17841402591799685,alcaldiadetulua,"Alcaldía de Tuluá","Atención Programas Nacionales ✅ Colombia Mayor 
Renta Ciudadana - Renta Joven",11,"08/31/2025 08:06",,"Historia de Instagram",,Total,665,4,0,1,0,639,,,,
18321434851239142,17841402591799685,alcaldiadetulua,"Alcaldía de Tuluá",,0,"08/31/2025 07:50",,"Historia de Instagram",,Total,638,6,1,,0,678,,,,
17970067292927985,17841402591799685,alcaldiadetulua,"Alcaldía de Tuluá",,12,"08/31/2025 07:42",,"Historia de Instagram",,Total,640,7,0,,0,685,,,4,
18367804909146214,17841402591799685,alcaldiadetulua,"Alcaldía de Tuluá",,15,"08/31/2025 07:41",,"Historia de Instagram",,Total,646,6,0,,0,738,,,,
17865021060451630,17841402591799685,alcaldiadetulua,"Alcaldía de Tuluá","Ven y visita nuestros  PUNTOS INNOVA✌🏽 ¿Quieres aprender a volar dron?😎 @puntosinnova",14,"08/31/2025 07:33",,"Historia de Instagram",,Total,724,5,0,,0,702,,,4,
18063386264585463,17841402591799685,alcaldiadetulua,"Alcaldía de Tuluá",,0,"08/31/2025 07:27",,"Historia de Instagram",,Total,733,5,1,,0,656,,,,
18137076598385911,17841402591799685,alcaldiadetulua,"Alcaldía de Tuluá","Una mañana de mucha diversión y recreación para las familias ✨💙 @tuluaculturacol_",9,"08/31/2025 07:27",,"Historia de Instagram",,Total,744,8,0,,0,678,,,,
17947028556012504,17841402591799685,alcaldiadetulua,"Alcaldía de Tuluá",,15,"08/31/2025 07:01",,"Historia de Instagram",,Total,682,7,0,1,0,781,,,5,
18126683842465537,17841402591799685,alcaldiadetulua,"Alcaldía de Tuluá",,46,"08/31/2025 06:51",,"Historia de Instagram",,Total,809,8,0,2,4,783,,,7,
18109230268555697,17841402591799685,alcaldiadetulua,"Alcaldía de Tuluá","Estamos embelleciendo los espacios en 📍La Marina  @EMTULUA",11,"08/31/2025 06:46",,"Historia de Instagram",,Total,749,5,0,,0,689,,,2,
17982045932735108,17841402591799685,alcaldiadetulua,"Alcaldía de Tuluá","Atención Primaria en Salud y Plan de Intervenciones Colectivas ✅🙌🏼 Al servicio de la comunidad ✨😎",4,"08/31/2025 06:39",,"Historia de Instagram",,Total,849,4,1,,0,657,,,,
18077657650824613,17841402591799685,alcaldiadetulua,"Alcaldía de Tuluá","¡Y mucho más! ✅Atención Primaria en Salud
✅SISBÉN
✅Arte y Cultura
✅Puntos INNOVA 
✅Música",21,"08/31/2025 06:28",,"Historia de Instagram",,Total,945,5,0,1,1,773,,1,,
17931522909086369,17841402591799685,alcaldiadetulua,"Alcaldía de Tuluá","Mercado Campesino🍅🍊🍋 Ven y visita nuestro 📍 Polideportivo Central La Marina",5,"08/31/2025 06:18",,"Historia de Instagram",,Total,1038,6,1,,1,706,,,,
18072099227122236,17841402591799685,alcaldiadetulua,"Alcaldía de Tuluá","¡Ya estamos activos!  Ven ahora🙌🏼",7,"08/31/2025 06:11",,"Historia de Instagram",,Total,985,8,0,,1,708,,,,
18036745196466716,17841402591799685,alcaldiadetulua,"Alcaldía de Tuluá",,15,"08/30/2025 16:11",,"Historia de Instagram",,Total,577,3,0,2,0,620,,,,
18046396844642898,17841402591799685,alcaldiadetulua,"Alcaldía de Tuluá","¡Seguimos en nuestros talleres de creación de cometas! 💫 🪁 Aún estás a tiempo de llegar✌🏽😎 @labakana103.1 ¡Todavía puedes inscribirte! ✌🏽🤩",24,"08/30/2025 14:05",,"Historia de Instagram",,Total,538,4,0,,0,596,,,,
18078513959298180,17841402591799685,alcaldiadetulua,"Alcaldía de Tuluá",,15,"08/30/2025 13:22",,"Historia de Instagram",,Total,538,5,0,,0,596,,,,
17929831833007935,17841402591799685,alcaldiadetulua,"Alcaldía de Tuluá","GRAN FESTIVAL DE COMETAS 🪁💫 Este 6 de septiembre ✌🏽✌🏽 Creando las cometas que vamos a volar en el",21,"08/30/2025 13:18",,"Historia de Instagram",,Total,1328,10,0,,0,610,,,2,
18517496788039315,17841402591799685,alcaldiadetulua,"Alcaldía de Tuluá",,11,"08/30/2025 09:49",,"Historia de Instagram",,Total,724,3,0,,0,596,,,,
17956537508995610,17841402591799685,alcaldiadetulua,"Alcaldía de Tuluá",,5,"08/30/2025 08:34",,"Historia de Instagram",,Total,483,3,0,,0,526,,,8,
18063133571048526,17841402591799685,alcaldiadetulua,"Alcaldía de Tuluá",,18,"08/30/2025 08:29",,"Historia de Instagram",,Total,485,4,0,,0,525,,,,
18058473659110768,17841402591799685,alcaldiadetulua,"Alcaldía de Tuluá",,17,"08/30/2025 08:29",,"Historia de Instagram",,Total,497,3,0,,0,541,,,,
18067019687227669,17841402591799685,alcaldiadetulua,"Alcaldía de Tuluá","NOS VEMOS MAÑANA ✌🏽😎",11,"08/30/2025 06:00",,"Historia de Instagram",,Total,462,3,0,,0,522,,,,
17980880459861790,17841402591799685,alcaldiadetulua,"Alcaldía de Tuluá","Encuentro comunitario por la Convivencia ✌🏽✅💪🏼",15,"08/30/2025 05:53",,"Historia de Instagram",,Total,497,4,0,1,0,559,,,,
18093266032672597,17841402591799685,alcaldiadetulua,"Alcaldía de Tuluá",,15,"08/29/2025 16:58",,"Historia de Instagram",,Total,639,2,0,1,0,496,,,,
17850726075539222,17841402591799685,alcaldiadetulua,"Alcaldía de Tuluá",,0,"08/29/2025 16:11",,"Historia de Instagram",,Total,430,1,0,,0,498,,,,
18091543150688626,17841402591799685,alcaldiadetulua,"Alcaldía de Tuluá",,0,"08/29/2025 16:11",,"Historia de Instagram",,Total,428,3,0,,0,454,,,,
18338893288167472,17841402591799685,alcaldiadetulua,"Alcaldía de Tuluá","Nuestras candidatas desfilando trajes realizados con materiales Totalmente reciclados y ecológicos ♻️",25,"08/29/2025 16:11",,"Historia de Instagram",,Total,441,4,0,,0,465,,,,
18203541964309629,17841402591799685,alcaldiadetulua,"Alcaldía de Tuluá",,0,"08/29/2025 15:10",,"Historia de Instagram",,Total,400,1,0,,0,432,,,,
17979387617745767,17841402591799685,alcaldiadetulua,"Alcaldía de Tuluá",,0,"08/29/2025 15:10",,"Historia de Instagram",,Total,401,4,1,,0,432,,,,
18291778435250382,17841402591799685,alcaldiadetulua,"Alcaldía de Tuluá",,0,"08/29/2025 15:10",,"Historia de Instagram",,Total,404,3,1,,0,430,,,,
18524352754004597,17841402591799685,alcaldiadetulua,"Alcaldía de Tuluá",,0,"08/29/2025 15:09",,"Historia de Instagram",,Total,403,4,0,,0,421,,,,
17891102388333186,17841402591799685,alcaldiadetulua,"Alcaldía de Tuluá",,0,"08/29/2025 15:09",,"Historia de Instagram",,Total,401,2,1,,0,425,,,,
18155005636378399,17841402591799685,alcaldiadetulua,"Alcaldía de Tuluá",,0,"08/29/2025 15:09",,"Historia de Instagram",,Total,406,2,0,,0,439,,,,
18052512233630546,17841402591799685,alcaldiadetulua,"Alcaldía de Tuluá",,0,"08/29/2025 15:09",,"Historia de Instagram",,Total,407,3,0,,0,426,,,,
18012227543782347,17841402591799685,alcaldiadetulua,"Alcaldía de Tuluá",,0,"08/29/2025 15:09",,"Historia de Instagram",,Total,403,3,0,,0,420,,,,
18529856617010007,17841402591799685,alcaldiadetulua,"Alcaldía de Tuluá",,0,"08/29/2025 15:09",,"Historia de Instagram",,Total,415,2,0,,0,436,,,,
18173280604358500,17841402591799685,alcaldiadetulua,"Alcaldía de Tuluá",,0,"08/29/2025 15:09",,"Historia de Instagram",,Total,424,3,0,,0,436,,,,
18530984596021583,17841402591799685,alcaldiadetulua,"Alcaldía de Tuluá",,0,"08/29/2025 15:09",,"Historia de Instagram",,Total,424,1,0,,0,438,,,,
17859559731473388,17841402591799685,alcaldiadetulua,"Alcaldía de Tuluá",,0,"08/29/2025 15:09",,"Historia de Instagram",,Total,425,2,0,,0,442,,,,
18413494057110340,17841402591799685,alcaldiadetulua,"Alcaldía de Tuluá",,0,"08/29/2025 15:09",,"Historia de Instagram",,Total,428,2,0,,0,444,,,,
18472950967077439,17841402591799685,alcaldiadetulua,"Alcaldía de Tuluá",,33,"08/20/2025 11:11",,"Historia de Instagram",,Total,650,8,0,,1,719,,,,
18056940737375446,17841402591799685,alcaldiadetulua,"Alcaldía de Tuluá",,0,"08/20/2025 11:11",,"Historia de Instagram",,Total,631,4,0,1,0,721,,,,
17966984741951828,17841402591799685,alcaldiadetulua,"Alcaldía de Tuluá",,15,"08/20/2025 11:14",,"Historia de Instagram",,Total,963,2,0,,0,729,,,,
18280614037273557,17841402591799685,alcaldiadetulua,"Alcaldía de Tuluá",,40,"08/20/2025 19:23",,"Historia de Instagram",,Total,627,6,2,1,0,689,,,,
17860472448410716,17841402591799685,alcaldiadetulua,"Alcaldía de Tuluá","Conoce la nueva App 😎✌🏽",0,"08/20/2025 19:24",,"Historia de Instagram",,Total,592,3,0,,0,667,685,,,
17868433740354541,17841402591799685,alcaldiadetulua,"Alcaldía de Tuluá",,15,"08/20/2025 19:24",,"Historia de Instagram",,Total,577,2,0,,0,669,,,,
18384993535124956,17841402591799685,alcaldiadetulua,"Alcaldía de Tuluá",,0,"08/20/2025 19:25",,"Historia de Instagram",,Total,565,3,0,1,0,654,,,,
18021578504746306,17841402591799685,alcaldiadetulua,"Alcaldía de Tuluá",,15,"08/20/2025 19:25",,"Historia de Instagram",,Total,552,6,0,1,0,608,,,,
17864410905448000,17841402591799685,alcaldiadetulua,"Alcaldía de Tuluá",,11,"08/21/2025 06:40",,"Historia de Instagram",,Total,972,6,0,1,0,608,,,,
18064989785465449,17841402591799685,alcaldiadetulua,"Alcaldía de Tuluá","NO TE PIERDAS EL Festival de Cometas 🪁💫 @labakana103.1",15,"08/21/2025 07:06",,"Historia de Instagram",,Total,529,4,0,1,0,580,,,,
18029027279687555,17841402591799685,alcaldiadetulua,"Alcaldía de Tuluá","¡Hoy!🙌🏼 No te lo pierdas 🤩",11,"08/21/2025 07:23",,"Historia de Instagram",,Total,515,3,0,1,0,594,,,,
17977922594860520,17841402591799685,alcaldiadetulua,"Alcaldía de Tuluá",,15,"08/21/2025 07:24",,"Historia de Instagram",,Total,515,3,0,,0,604,,,,
18236161075290530,17841402591799685,alcaldiadetulua,"Alcaldía de Tuluá","Nuevo Paso de la 34 Conectará comuna 5 y 6😎✅",15,"08/21/2025 07:38",,"Historia de Instagram",,Total,502,3,0,,0,519,,,,
17901239298250203,17841402591799685,alcaldiadetulua,"Alcaldía de Tuluá",,15,"08/21/2025 07:41",,"Historia de Instagram",,Total,498,4,0,1,0,554,,,,
18039503384392236,17841402591799685,alcaldiadetulua,"Alcaldía de Tuluá",,0,"08/21/2025 07:42",,"Historia de Instagram",,Total,481,3,0,2,0,542,,,6,
18068144419948528,17841402591799685,alcaldiadetulua,"Alcaldía de Tuluá",,11,"08/21/2025 10:21",,"Historia de Instagram",,Total,525,5,0,5,1,572,,,,
17904587439238245,17841402591799685,alcaldiadetulua,"Alcaldía de Tuluá",,0,"08/21/2025 10:31",,"Historia de Instagram",,Total,515,2,0,,0,581,,,,
18041725520650057,17841402591799685,alcaldiadetulua,"Alcaldía de Tuluá",,0,"08/21/2025 10:31",,"Historia de Instagram",,Total,518,3,0,,0,580,607,,,
18283567714259622,17841402591799685,alcaldiadetulua,"Alcaldía de Tuluá",¡MAÑANA!😎✌🏽,11,"08/21/2025 12:59",,"Historia de Instagram",,Total,537,2,0,,0,597,,,,
18093657508723464,17841402591799685,alcaldiadetulua,"Alcaldía de Tuluá",,10,"08/21/2025 15:18",,"Historia de Instagram",,Total,544,3,0,,2,575,,,7,
17851934847531162,17841402591799685,alcaldiadetulua,"Alcaldía de Tuluá",,15,"08/21/2025 15:27",,"Historia de Instagram",,Total,519,2,0,1,0,552,,,,
17880620982376518,17841402591799685,alcaldiadetulua,"Alcaldía de Tuluá","Hoy nos vemos en",11,"08/22/2025 05:44",,"Historia de Instagram",,Total,566,5,0,1,0,607,,,,
18094943197653922,17841402591799685,alcaldiadetulua,"Alcaldía de Tuluá",,15,"08/22/2025 06:15",,"Historia de Instagram",,Total,541,3,0,,0,610,,,,
17931528452964253,17841402591799685,alcaldiadetulua,"Alcaldía de Tuluá",,20,"08/22/2025 06:15",,"Historia de Instagram",,Total,525,4,1,,0,591,,,5,
18058884935595022,17841402591799685,alcaldiadetulua,"Alcaldía de Tuluá",,15,"08/22/2025 06:16",,"Historia de Instagram",,Total,513,2,0,,2,541,,,,
18089463739796691,17841402591799685,alcaldiadetulua,"Alcaldía de Tuluá",,15,"08/22/2025 06:16",,"Historia de Instagram",,Total,507,3,1,1,0,552,,,1,
18146904874405402,17841402591799685,alcaldiadetulua,"Alcaldía de Tuluá",,11,"08/22/2025 08:28",,"Historia de Instagram",,Total,548,2,0,1,0,584,,,,
17968630202937803,17841402591799685,alcaldiadetulua,"Alcaldía de Tuluá",,15,"08/22/2025 12:08",,"Historia de Instagram",,Total,559,7,0,3,0,547,,,,
18132902680399901,17841402591799685,alcaldiadetulua,"Alcaldía de Tuluá",,15,"08/22/2025 12:52",,"Historia de Instagram",,Total,539,7,0,1,0,623,,,,
17906534439216500,17841402591799685,alcaldiadetulua,"Alcaldía de Tuluá",,0,"08/22/2025 12:53",,"Historia de Instagram",,Total,518,5,0,,0,610,,,,
18109226329534853,17841402591799685,alcaldiadetulua,"Alcaldía de Tuluá",,0,"08/22/2025 12:59",,"Historia de Instagram",,Total,509,5,0,1,0,581,,,3,
18079980967933189,17841402591799685,alcaldiadetulua,"Alcaldía de Tuluá",,15,"08/22/2025 12:59",,"Historia de Instagram",,Total,502,6,0,,0,569,,,11,
18051232985223749,17841402591799685,alcaldiadetulua,"Alcaldía de Tuluá",,11,"08/22/2025 13:47",,"Historia de Instagram",,Total,506,4,1,,0,550,,,,5
18102484477602171,17841402591799685,alcaldiadetulua,"Alcaldía de Tuluá",,15,"08/22/2025 14:49",,"Historia de Instagram",,Total,507,3,0,,0,551,,,,
17870526189423046,17841402591799685,alcaldiadetulua,"Alcaldía de Tuluá",,0,"08/22/2025 14:49",,"Historia de Instagram",,Total,488,3,0,2,0,537,,,,
17852625030530510,17841402591799685,alcaldiadetulua,"Alcaldía de Tuluá","Llegamos a 📍Monteloro Con la Ruta de la Felicidad💙🤩",15,"08/22/2025 16:30",,"Historia de Instagram",,Total,492,4,0,,0,539,,,,
18116913796502203,17841402591799685,alcaldiadetulua,"Alcaldía de Tuluá","Hoy en 📍Porvenir",11,"08/23/2025 06:54",,"Historia de Instagram",,Total,539,4,0,1,0,577,,,,
18050162132546561,17841402591799685,alcaldiadetulua,"Alcaldía de Tuluá",,0,"08/23/2025 09:19",,"Historia de Instagram",,Total,584,7,0,,0,601,,,,
17967724826793879,17841402591799685,alcaldiadetulua,"Alcaldía de Tuluá",,0,"08/23/2025 09:19",,"Historia de Instagram",,Total,564,4,0,,0,595,,,,
17930133882095098,17841402591799685,alcaldiadetulua,"Alcaldía de Tuluá",,0,"08/23/2025 09:19",,"Historia de Instagram",,Total,548,5,0,,0,595,,,6,
17931945918091488,17841402591799685,alcaldiadetulua,"Alcaldía de Tuluá",,0,"08/23/2025 09:19",,"Historia de Instagram",,Total,544,5,0,2,0,583,,,3,
17960344844823256,17841402591799685,alcaldiadetulua,"Alcaldía de Tuluá",,9,"08/23/2025 09:24",,"Historia de Instagram",,Total,526,1,0,,0,569,,,9,
17941225662048480,17841402591799685,alcaldiadetulua,"Alcaldía de Tuluá",,11,"08/23/2025 10:05",,"Historia de Instagram",,Total,804,3,0,,0,583,,,,
17928144797981175,17841402591799685,alcaldiadetulua,"Alcaldía de Tuluá",,5,"08/23/2025 10:06",,"Historia de Instagram",,Total,959,2,0,1,0,547,,,,2
18340299442160535,17841402591799685,alcaldiadetulua,"Alcaldía de Tuluá","Capacitando a los Vocales de Control✅",15,"08/23/2025 10:30",,"Historia de Instagram",,Total,515,0,0,2,0,545,,,,
17916212976168715,17841402591799685,alcaldiadetulua,"Alcaldía de Tuluá",,0,"08/23/2025 11:38",,"Historia de Instagram",,Total,621,8,0,1,0,609,,,,
18073481651020239,17841402591799685,alcaldiadetulua,"Alcaldía de Tuluá",,0,"08/23/2025 14:40",,"Historia de Instagram",,Total,742,5,0,2,0,794,,,2,
18065024767992874,17841402591799685,alcaldiadetulua,"Alcaldía de Tuluá",,0,"08/23/2025 14:40",,"Historia de Instagram",,Total,705,5,0,,0,723,,,,
18040023719401057,17841402591799685,alcaldiadetulua,"Alcaldía de Tuluá",,0,"08/23/2025 14:40",,"Historia de Instagram",,Total,692,3,0,,0,726,,,,
18054817001622693,17841402591799685,alcaldiadetulua,"Alcaldía de Tuluá","Conoce las noticias de esta Semana ✅✌🏽",15,"08/23/2025 16:00",,"Historia de Instagram",,Total,779,4,0,3,0,813,,,,
18095321734652148,17841402591799685,alcaldiadetulua,"Alcaldía de Tuluá",,0,"08/23/2025 20:59",,"Historia de Instagram",,Total,990,8,0,2,0,1070,,,2,
18076807786795437,17841402591799685,alcaldiadetulua,"Alcaldía de Tuluá",,11,"08/24/2025 12:01",,"Historia de Instagram",,Total,1264,13,0,,0,1401,,,,
17969076992937990,17841402591799685,alcaldiadetulua,"Alcaldía de Tuluá",,11,"08/24/2025 12:05",,"Historia de Instagram",,Total,2249,18,3,2,0,1388,,,,
18153558010391728,17841402591799685,alcaldiadetulua,"Alcaldía de Tuluá",,0,"08/24/2025 16:16",,"Historia de Instagram",,Total,1016,4,0,3,0,1135,,,7,
18291585877254132,17841402591799685,alcaldiadetulua,"Alcaldía de Tuluá","Acompañando al FESTIVAL DE COMETAS 🪁💫 📍Barrio Popular",52,"08/24/2025 17:25",,"Historia de Instagram",,Total,1243,3,0,,0,1009,,,,
18478832281075509,17841402591799685,alcaldiadetulua,"Alcaldía de Tuluá","Desde mañana 😎✌🏽",15,"08/25/2025 07:29",,"Historia de Instagram",,Total,639,5,0,2,0,688,,,,
17895274740297204,17841402591799685,alcaldiadetulua,"Alcaldía de Tuluá","@policiavalledelcauca  @policiadecolombia ✌🏽🙏🏼💙 ¡Gracias!",34,"08/25/2025 08:10",,"Historia de Instagram",,Total,599,2,0,,0,656,,,4,
18054441485427284,17841402591799685,alcaldiadetulua,"Alcaldía de Tuluá",,15,"08/25/2025 09:39",,"Historia de Instagram",,Total,569,6,0,1,0,598,,,,
18066505150983989,17841402591799685,alcaldiadetulua,"Alcaldía de Tuluá","¡Nos vemos!😎",11,"08/25/2025 13:47",,"Historia de Instagram",,Total,607,7,0,,1,680,,,,
18153875239387177,17841402591799685,alcaldiadetulua,"Alcaldía de Tuluá","RENTA CIUDADANA ✅✌🏽 Madres beneficiarias conocieron",15,"08/25/2025 14:46",,"Historia de Instagram",,Total,583,5,0,,0,651,,,,
18091430941739302,17841402591799685,alcaldiadetulua,"Alcaldía de Tuluá",,11,"08/25/2025 14:52",,"Historia de Instagram",,Total,560,4,0,1,2,619,,,,13
18088437793696322,17841402591799685,alcaldiadetulua,"Alcaldía de Tuluá",,60,"08/25/2025 16:17",,"Historia de Instagram",,Total,563,4,0,1,1,638,,,,
17894273850292579,17841402591799685,alcaldiadetulua,"Alcaldía de Tuluá",,15,"08/25/2025 16:52",,"Historia de Instagram",,Total,573,2,0,,0,625,,,,
18049743854555372,17841402591799685,alcaldiadetulua,"Alcaldía de Tuluá","Estamos conformando la vía🚧 📍El Paraíso - Los Caímos",11,"08/25/2025 16:59",,"Historia de Instagram",,Total,552,5,0,,0,619,,,,
18054377663574206,17841402591799685,alcaldiadetulua,"Alcaldía de Tuluá","Celebremos la semana del ADULTO MAYOR✌🏽💙",15,"08/26/2025 06:21",,"Historia de Instagram",,Total,585,2,0,,0,621,,,,
18092374060680903,17841402591799685,alcaldiadetulua,"Alcaldía de Tuluá","Después de ser golpeado por vehículo 🚗  Realizando reinstalación y mantenimiento a semáforo de la zona céntrica 🚦",11,"08/26/2025 08:36",,"Historia de Instagram",,Total,679,5,1,,0,654,,,,
18075761566996936,17841402591799685,alcaldiadetulua,"Alcaldía de Tuluá",,15,"08/26/2025 10:05",,"Historia de Instagram",,Total,540,6,0,,0,597,,,,
18049110869280493,17841402591799685,alcaldiadetulua,"Alcaldía de Tuluá",,15,"08/26/2025 11:36",,"Historia de Instagram",,Total,511,4,0,1,0,557,,,,
18054371171452539,17841402591799685,alcaldiadetulua,"Alcaldía de Tuluá",,0,"08/26/2025 11:36",,"Historia de Instagram",,Total,494,4,0,,0,536,551,,,
18064618349252857,17841402591799685,alcaldiadetulua,"Alcaldía de Tuluá",,16,"08/26/2025 11:36",,"Historia de Instagram",,Total,490,4,2,,0,546,,,7,
17982639680849615,17841402591799685,alcaldiadetulua,"Alcaldía de Tuluá",,15,"08/26/2025 11:36",,"Historia de Instagram",,Total,480,7,0,,0,526,,,,
18113700553516940,17841402591799685,alcaldiadetulua,"Alcaldía de Tuluá",,15,"08/26/2025 11:37",,"Historia de Instagram",,Total,475,6,3,,0,532,,,,
18075872189053321,17841402591799685,alcaldiadetulua,"Alcaldía de Tuluá",,0,"08/26/2025 12:48",,"Historia de Instagram",,Total,466,5,0,1,0,535,,,,
18077379410299430,17841402591799685,alcaldiadetulua,"Alcaldía de Tuluá",,0,"08/26/2025 12:48",,"Historia de Instagram",,Total,450,5,1,,0,510,,,,
18047114099642669,17841402591799685,alcaldiadetulua,"Alcaldía de Tuluá",,0,"08/26/2025 12:51",,"Historia de Instagram",,Total,426,4,1,1,0,496,,,6,
18052207535216775,17841402591799685,alcaldiadetulua,"Alcaldía de Tuluá","Hoy la cita es en el Nos vemos 😎✌🏽",15,"08/27/2025 05:41",,"Historia de Instagram",,Total,479,1,0,3,0,531,,1,,
18084098152715405,17841402591799685,alcaldiadetulua,"Alcaldía de Tuluá","¡Inscríbete ahora!",15,"08/27/2025 06:48",,"Historia de Instagram",,Total,451,1,0,,0,476,,,,
18042340382351360,17841402591799685,alcaldiadetulua,"Alcaldía de Tuluá","Celebramos la SEMANA DEL ADULTO MAYOR💙✌🏽",15,"08/27/2025 07:14",,"Historia de Instagram",,Total,435,2,0,1,0,457,,,,
18049572554276081,17841402591799685,alcaldiadetulua,"Alcaldía de Tuluá",,0,"08/27/2025 07:51",,"Historia de Instagram",,Total,436,2,0,,0,469,499,,,
18075183290001783,17841402591799685,alcaldiadetulua,"Alcaldía de Tuluá","Hoy estamos en el ENCUENTRO DEPARTAMENTAL DE AUTORIDADES EL TURISMO✌🏽💪🏼 Con la Secretaria de Turismo del Valle del Cauca @miyerlandit ✌🏽",15,"08/27/2025 08:20",,"Historia de Instagram",,Total,794,8,0,1,0,471,,,5,
18075530468479539,17841402591799685,alcaldiadetulua,"Alcaldía de Tuluá","Hablando de desarrollo y turismo en Tuluá✅💪🏼 @miyerlandit",8,"08/27/2025 08:26",,"Historia de Instagram",,Total,434,4,0,,0,469,,,1,
18352749529086536,17841402591799685,alcaldiadetulua,"Alcaldía de Tuluá","¡Nos vemos este sábado, 6 de septiembre!💪🏼😎",15,"08/27/2025 08:26",,"Historia de Instagram",,Total,419,4,0,,0,496,,,,
18075301376008782,17841402591799685,alcaldiadetulua,"Alcaldía de Tuluá","Con arte y cultura💃🎶 Mostramos a Tuluá como epicentro del turismo✌🏽💙",26,"08/27/2025 10:04",,"Historia de Instagram",,Total,438,6,0,,0,507,,,,
18068909203911185,17841402591799685,alcaldiadetulua,"Alcaldía de Tuluá",,15,"08/27/2025 10:23",,"Historia de Instagram",,Total,444,3,0,,0,532,,,,
17914932036179274,17841402591799685,alcaldiadetulua,"Alcaldía de Tuluá",,0,"08/27/2025 10:28",,"Historia de Instagram",,Total,444,5,0,,0,511,,,2,
18031423958651481,17841402591799685,alcaldiadetulua,"Alcaldía de Tuluá",,0,"08/27/2025 10:28",,"Historia de Instagram",,Total,438,4,0,,0,505,,,4,
17874216786407889,17841402591799685,alcaldiadetulua,"Alcaldía de Tuluá",,0,"08/27/2025 10:28",,"Historia de Instagram",,Total,431,4,0,,0,522,,,2,
17937388152065657,17841402591799685,alcaldiadetulua,"Alcaldía de Tuluá",,0,"08/27/2025 10:29",,"Historia de Instagram",,Total,429,2,0,,0,495,,,,
17875283886407232,17841402591799685,alcaldiadetulua,"Alcaldía de Tuluá",,0,"08/27/2025 10:29",,"Historia de Instagram",,Total,429,11,0,,0,474,,,,
18098742250616077,17841402591799685,alcaldiadetulua,"Alcaldía de Tuluá",,0,"08/27/2025 10:29",,"Historia de Instagram",,Total,428,7,0,,0,458,,,3,
18305105425223393,17841402591799685,alcaldiadetulua,"Alcaldía de Tuluá",,15,"08/27/2025 10:30",,"Historia de Instagram",,Total,422,5,0,,0,458,,,,
18045271004328455,17841402591799685,alcaldiadetulua,"Alcaldía de Tuluá",,11,"08/27/2025 13:54",,"Historia de Instagram",,Total,542,5,0,2,0,626,,,,
18066028030984730,17841402591799685,alcaldiadetulua,"Alcaldía de Tuluá",,59,"08/27/2025 14:12",,"Historia de Instagram",,Total,503,6,0,,0,597,,,25,
18110026432553753,17841402591799685,alcaldiadetulua,"Alcaldía de Tuluá","ESTE DOMINGO ⬇️",11,"08/27/2025 14:37",,"Historia de Instagram",,Total,498,3,0,,0,566,,,,
18073750739015115,17841402591799685,alcaldiadetulua,"Alcaldía de Tuluá","Conoce la historia de  ALEJANDRO ✨✌🏽",15,"08/27/2025 18:00",,"Historia de Instagram",,Total,1374,7,0,1,0,610,,,,
17849094678542006,17841402591799685,alcaldiadetulua,"Alcaldía de Tuluá","Caravanas por la Vida✅✌🏽💪🏼",23,"08/27/2025 21:22",,"Historia de Instagram",,Total,706,6,0,1,0,679,,,,
18059915312093671,17841402591799685,alcaldiadetulua,"Alcaldía de Tuluá",,15,"08/28/2025 08:38",,"Historia de Instagram",,Total,636,5,1,2,0,690,,,,
18174273064350967,17841402591799685,alcaldiadetulua,"Alcaldía de Tuluá",,11,"08/28/2025 10:00",,"Historia de Instagram",,Total,636,3,0,,0,714,,,,
18160338343375639,17841402591799685,alcaldiadetulua,"Alcaldía de Tuluá",,15,"08/28/2025 10:01",,"Historia de Instagram",,Total,612,4,0,1,0,709,,,9,
18528620125020129,17841402591799685,alcaldiadetulua,"Alcaldía de Tuluá","Conoce el nuevo CAMBIO VIAL‼️",15,"08/28/2025 17:05",,"Historia de Instagram",,Total,643,4,2,4,0,709,,,,
17846604954555407,17841402591799685,alcaldiadetulua,"Alcaldía de Tuluá",,0,"08/28/2025 18:06",,"Historia de Instagram",,Total,587,6,0,2,1,657,,,,
18075861551063499,17841402591799685,alcaldiadetulua,"Alcaldía de Tuluá",,0,"08/28/2025 18:06",,"Historia de Instagram",,Total,572,4,0,,1,624,,,,
17851450911537644,17841402591799685,alcaldiadetulua,"Alcaldía de Tuluá",,0,"08/28/2025 18:06",,"Historia de Instagram",,Total,569,8,1,1,0,618,,,2,
18495262699066745,17841402591799685,alcaldiadetulua,"Alcaldía de Tuluá",,0,"08/28/2025 18:06",,"Historia de Instagram",,Total,556,3,0,,0,613,,,2,
17891670771315422,17841402591799685,alcaldiadetulua,"Alcaldía de Tuluá",,0,"08/28/2025 18:06",,"Historia de Instagram",,Total,556,4,0,1,0,592,,,8,
18041333051670475,17841402591799685,alcaldiadetulua,"Alcaldía de Tuluá",,0,"08/28/2025 18:07",,"Historia de Instagram",,Total,551,5,0,,1,615,,,4,
17974816607919225,17841402591799685,alcaldiadetulua,"Alcaldía de Tuluá",,0,"08/28/2025 18:07",,"Historia de Instagram",,Total,537,9,0,3,1,597,624,,4,
17917826829153459,17841402591799685,alcaldiadetulua,"Alcaldía de Tuluá",,11,"08/29/2025 04:56",,"Historia de Instagram",,Total,548,4,0,,0,610,,,,
18039458885416575,17841402591799685,alcaldiadetulua,"Alcaldía de Tuluá","Hoy hoy hoy ⬇️⬇️⬇️",15,"08/29/2025 05:01",,"Historia de Instagram",,Total,521,6,0,,1,621,,,,
17904152388239331,17841402591799685,alcaldiadetulua,"Alcaldía de Tuluá","Estamos pavimentando 📍El Intercambiador de la Carrera 40 Obras  #ParaSerFelices 💙",11,"08/29/2025 09:16",,"Historia de Instagram",,Total,540,7,0,,0,630,,,,
18095889664567226,17841402591799685,alcaldiadetulua,"Alcaldía de Tuluá","Los habitantes de Siete Vueltas  ESTRENAN CASAS🏠",15,"08/29/2025 10:57",,"Historia de Instagram",,Total,539,6,0,,0,611,,,,
17936465804949052,17841402591799685,alcaldiadetulua,"Alcaldía de Tuluá",,15,"08/29/2025 11:02",,"Historia de Instagram",,Total,517,3,0,,0,576,,,,
17858558598480510,17841402591799685,alcaldiadetulua,"Alcaldía de Tuluá",,15,"08/29/2025 11:02",,"Historia de Instagram",,Total,509,5,0,,0,549,,,,
18041903714655699,17841402591799685,alcaldiadetulua,"Alcaldía de Tuluá",,0,"08/29/2025 11:02",,"Historia de Instagram",,Total,498,2,1,,0,562,592,,,
17862764514398295,17841402591799685,alcaldiadetulua,"Alcaldía de Tuluá","HOY ÚLTIMO DÍA ⬇️⬇️⬇️",0,"08/29/2025 11:10",,"Historia de Instagram",,Total,480,3,0,,0,565,581,,,
18071379107469672,17841402591799685,alcaldiadetulua,"Alcaldía de Tuluá","¡ÚLTIMO DÍA PARA INSCRIBIRTE! Nos vemos mañana 😎",15,"08/29/2025 11:13",,"Historia de Instagram",,Total,466,4,0,1,0,556,,,,
18011163497789941,17841402591799685,alcaldiadetulua,"Alcaldía de Tuluá","Cooperación Internacional ✈️🤝🏼 Construcción de Capacidades para Fomentar la Proyecto: Encuentro con aliados de Guatemala 🇬🇹 y Colombia 🇨🇴 junto a @apccolombia, @usbcali, @gobiernousbcali, @ugalileo_edu, @segeplan y @sedecvalle 🤝💼",7,"08/29/2025 13:25",,"Historia de Instagram",,Total,593,4,0,3,0,495,,,,
18099210979720587,17841402591799685,alcaldiadetulua,"Alcaldía de Tuluá","Con @apccolombia, @usbcali, @gobiernousbcali @ugalileo_edu @segeplan y @sedecvalle 🤝🏼🧳",6,"08/29/2025 13:31",,"Historia de Instagram",,Total,931,4,0,,0,501,,,2,
18137939821438181,17841402591799685,alcaldiadetulua,"Alcaldía de Tuluá",,0,"08/29/2025 14:57",,"Historia de Instagram",,Total,473,2,2,,0,562,,,2,
18217867429307208,17841402591799685,alcaldiadetulua,"Alcaldía de Tuluá",,0,"08/29/2025 14:57",,"Historia de Instagram",,Total,469,2,0,,0,519,,,1,
18122583466485264,17841402591799685,alcaldiadetulua,"Alcaldía de Tuluá",,0,"08/29/2025 14:57",,"Historia de Instagram",,Total,457,4,0,,0,443,,,,
18016311041777508,17841402591799685,alcaldiadetulua,"Alcaldía de Tuluá",,0,"08/29/2025 14:58",,"Historia de Instagram",,Total,449,5,0,,0,473,,,2,
18180511915327258,17841402591799685,alcaldiadetulua,"Alcaldía de Tuluá","Mucha alegría en el Reinado del  ADULTO MAYOR 💫✨",11,"08/29/2025 15:05",,"Historia de Instagram",,Total,454,4,0,,0,482,,,,
18088965385793543,17841402591799685,alcaldiadetulua,"Alcaldía de Tuluá","Nuestras candidatas ✨👑",27,"08/29/2025 15:07",,"Historia de Instagram",,Total,452,10,0,,0,447,,,,
18056200133434404,17841402591799685,alcaldiadetulua,"Alcaldía de Tuluá",,33,"08/29/2025 15:08",,"Historia de Instagram",,Total,447,2,0,1,1,489,,,2,
18238345624292104,17841402591799685,alcaldiadetulua,"Alcaldía de Tuluá",,0,"08/29/2025 15:08",,"Historia de Instagram",,Total,439,1,0,,0,460,,,2,
18061780121057238,17841402591799685,alcaldiadetulua,"Alcaldía de Tuluá",,15,"08/20/2025 11:10",,"Historia de Instagram",,Total,700,4,0,2,1,762,,,,
18313468915240927,17841402591799685,alcaldiadetulua,"Alcaldía de Tuluá",,0,"08/20/2025 11:10",,"Historia de Instagram",,Total,683,10,0,,1,743,,,,
17930891039961612,17841402591799685,alcaldiadetulua,"Alcaldía de Tuluá","Nuevo Episodio ⬇️⬇️⬇️ Escucha el",5,"08/02/2025 11:34",,"Historia de Instagram",,Total,1066,1,0,2,0,712,,,,
18078618448933442,17841402591799685,alcaldiadetulua,"Alcaldía de Tuluá","Liderazgo Transformador para Emprendimientos ✌🏽💪🏼",11,"08/02/2025 09:41",,"Historia de Instagram",,Total,658,6,0,,0,723,,,,
17850387996536482,17841402591799685,alcaldiadetulua,"Alcaldía de Tuluá","Árbol especie: Por solicitud de la comunidad, y buscando el bienestar de los habitantes del sector💪🏼✅ FICUS ELÁSTICA o 
Árbol de Caucho 🌳",11,"08/20/2025 08:50",,"Historia de Instagram",,Total,917,6,0,,0,1029,,,,
18066656470951079,17841402591799685,alcaldiadetulua,"Alcaldía de Tuluá","📍 Barrio Victoria  Intervención de árbol 🌳 🚧  Que representaba peligro para la comunidad ‼️🚨",13,"08/20/2025 08:48",,"Historia de Instagram",,Total,962,10,1,2,1,1057,,,,
18084326269894676,17841402591799685,alcaldiadetulua,"Alcaldía de Tuluá",,11,"08/20/2025 07:35",,"Historia de Instagram",,Total,1029,6,0,1,0,1177,,,,
17852065539530018,17841402591799685,alcaldiadetulua,"Alcaldía de Tuluá","¿Qué esperas para participar?😎✌🏽 Plazo hasta el 29 de agosto🗓️",11,"08/19/2025 09:20",,"Historia de Instagram",,Total,948,4,0,5,0,1098,,,,
17963665247958505,17841402591799685,alcaldiadetulua,"Alcaldía de Tuluá","Barragán recibió la Ruta de la Felicidad 💙",15,"08/19/2025 07:37",,"Historia de Instagram",,Total,1225,6,0,,0,1287,,,,
17911000383191130,17841402591799685,alcaldiadetulua,"Alcaldía de Tuluá",,0,"08/17/2025 15:39",,"Historia de Instagram",,Total,1478,7,1,4,0,1546,,,12,
18101227039605457,17841402591799685,alcaldiadetulua,"Alcaldía de Tuluá",,0,"08/17/2025 15:38",,"Historia de Instagram",,Total,1558,7,0,3,0,1665,,,2,
18164642773362422,17841402591799685,alcaldiadetulua,"Alcaldía de Tuluá",,0,"08/17/2025 15:38",,"Historia de Instagram",,Total,1599,7,0,,0,1669,,,2,
18038269868426543,17841402591799685,alcaldiadetulua,"Alcaldía de Tuluá",,0,"08/17/2025 15:38",,"Historia de Instagram",,Total,1782,8,0,7,0,1786,,,,
18520022950002200,17841402591799685,alcaldiadetulua,"Alcaldía de Tuluá",,0,"08/16/2025 16:00",,"Historia de Instagram",,Total,1169,7,0,5,0,1259,,,5,
18086940943830815,17841402591799685,alcaldiadetulua,"Alcaldía de Tuluá",,0,"08/16/2025 16:00",,"Historia de Instagram",,Total,1280,10,0,1,0,1362,,,,
18497041009068230,17841402591799685,alcaldiadetulua,"Alcaldía de Tuluá",,0,"08/16/2025 14:42",,"Historia de Instagram",,Total,1044,12,1,,0,1059,,,,
18051984341617754,17841402591799685,alcaldiadetulua,"Alcaldía de Tuluá","¿Qué esperas para venir con tus amigos al Coliseo de Ferias? 😏🏍️",19,"08/16/2025 13:56",,"Historia de Instagram",,Total,764,11,1,,0,833,,,,
18089661790707092,17841402591799685,alcaldiadetulua,"Alcaldía de Tuluá",,23,"08/16/2025 13:45",,"Historia de Instagram",,Total,1256,8,0,1,1,786,,,,
18185379451325228,17841402591799685,alcaldiadetulua,"Alcaldía de Tuluá",,0,"08/16/2025 13:32",,"Historia de Instagram",,Total,690,10,0,,0,717,,,2,
17890496523311670,17841402591799685,alcaldiadetulua,"Alcaldía de Tuluá",,0,"08/16/2025 13:16",,"Historia de Instagram",,Total,661,2,0,,0,686,,,,
17980687460899322,17841402591799685,alcaldiadetulua,"Alcaldía de Tuluá",,0,"08/16/2025 13:16",,"Historia de Instagram",,Total,684,0,0,,0,717,,,,
18072590267030049,17841402591799685,alcaldiadetulua,"Alcaldía de Tuluá",,0,"08/16/2025 13:16",,"Historia de Instagram",,Total,721,5,0,,0,724,,,,
18079956925931625,17841402591799685,alcaldiadetulua,"Alcaldía de Tuluá","¡NUEVO EPISODIO!😎",5,"08/16/2025 10:13",,"Historia de Instagram",,Total,1337,5,0,4,0,691,,,,
18055496234611623,17841402591799685,alcaldiadetulua,"Alcaldía de Tuluá","@mundo89tulua  @alertatulua  @gustavovelezr  Disponible también en:",11,"08/16/2025 05:33",,"Historia de Instagram",,Total,1038,3,0,,0,735,,,,
18085614145657477,17841402591799685,alcaldiadetulua,"Alcaldía de Tuluá","Hoy @tito07flow  en nuestro JOVEN FEST 2025💙",15,"08/15/2025 18:00",,"Historia de Instagram",,Total,975,3,0,3,0,678,,1,2,
18112636477517692,17841402591799685,alcaldiadetulua,"Alcaldía de Tuluá","Capturado en  Piques ilegales ❌🚨‼️",15,"08/15/2025 16:19",,"Historia de Instagram",,Total,592,2,0,5,1,626,,,,
17988202310839894,17841402591799685,alcaldiadetulua,"Alcaldía de Tuluá",,23,"08/15/2025 13:55",,"Historia de Instagram",,Total,567,4,0,1,0,626,,,,
18016810388578709,17841402591799685,alcaldiadetulua,"Alcaldía de Tuluá",,0,"08/15/2025 12:47",,"Historia de Instagram",,Total,560,3,0,1,0,626,,,,
18055393664133975,17841402591799685,alcaldiadetulua,"Alcaldía de Tuluá","Estuvimos en 📍Barragán😎✌🏽 ¡NOS DESCENTRALIZAMOS!",15,"08/15/2025 12:07",,"Historia de Instagram",,Total,1243,4,0,,0,643,,,,
18036744152458077,17841402591799685,alcaldiadetulua,"Alcaldía de Tuluá",,16,"08/15/2025 11:37",,"Historia de Instagram",,Total,569,4,0,,0,648,,,21,
18084565150848510,17841402591799685,alcaldiadetulua,"Alcaldía de Tuluá",,15,"08/15/2025 11:35",,"Historia de Instagram",,Total,580,3,0,,0,675,,,4,
17959270523975818,17841402591799685,alcaldiadetulua,"Alcaldía de Tuluá",,0,"08/15/2025 11:35",,"Historia de Instagram",,Total,588,2,0,,0,655,,,4,
18021489632737409,17841402591799685,alcaldiadetulua,"Alcaldía de Tuluá",,23,"08/15/2025 11:35",,"Historia de Instagram",,Total,591,5,6,,0,674,,,4,
17891369025182352,17841402591799685,alcaldiadetulua,"Alcaldía de Tuluá",,0,"08/15/2025 11:34",,"Historia de Instagram",,Total,600,7,0,,0,712,,,,
17896480215270951,17841402591799685,alcaldiadetulua,"Alcaldía de Tuluá",,60,"08/15/2025 11:34",,"Historia de Instagram",,Total,613,4,0,,0,688,,,2,
17919850746112470,17841402591799685,alcaldiadetulua,"Alcaldía de Tuluá",,0,"08/15/2025 09:10",,"Historia de Instagram",,Total,599,3,0,,0,676,,,2,
17869970760421638,17841402591799685,alcaldiadetulua,"Alcaldía de Tuluá",,0,"08/15/2025 09:10",,"Historia de Instagram",,Total,604,6,0,,0,698,,,,
18077728273758242,17841402591799685,alcaldiadetulua,"Alcaldía de Tuluá",,0,"08/15/2025 09:10",,"Historia de Instagram",,Total,609,7,4,,1,688,,,2,
18035525201468039,17841402591799685,alcaldiadetulua,"Alcaldía de Tuluá",,0,"08/15/2025 09:10",,"Historia de Instagram",,Total,616,11,3,,0,708,,,,
17906476830090281,17841402591799685,alcaldiadetulua,"Alcaldía de Tuluá","Joven Fest 2025 😎",15,"08/15/2025 09:09",,"Historia de Instagram",,Total,628,3,0,3,1,761,,,,
18311712772243981,17841402591799685,alcaldiadetulua,"Alcaldía de Tuluá",,0,"08/15/2025 08:11",,"Historia de Instagram",,Total,617,4,0,1,0,694,,,,
18103100029594394,17841402591799685,alcaldiadetulua,"Alcaldía de Tuluá",🎸🤘🏼,18,"08/15/2025 08:07",,"Historia de Instagram",,Total,615,4,0,,0,698,,,3,
18072810143474519,17841402591799685,alcaldiadetulua,"Alcaldía de Tuluá",🎶💃,20,"08/15/2025 08:05",,"Historia de Instagram",,Total,628,5,0,,0,688,,,,
18070295879135182,17841402591799685,alcaldiadetulua,"Alcaldía de Tuluá","Presentaciones  Artísticas🎶🎤 Hoy en el 📍 Coliseo de Ferias Manuel Victoria Rojas",11,"08/15/2025 08:04",,"Historia de Instagram",,Total,642,1,0,1,0,687,,,,
18085143769873175,17841402591799685,alcaldiadetulua,"Alcaldía de Tuluá","Ven ahora al Semana de la Juventud 🤩",7,"08/15/2025 07:58",,"Historia de Instagram",,Total,651,5,3,2,0,658,,,,
18133893829431627,17841402591799685,alcaldiadetulua,"Alcaldía de Tuluá",,15,"08/15/2025 05:53",,"Historia de Instagram",,Total,638,0,1,,0,768,,,8,
18074812625293378,17841402591799685,alcaldiadetulua,"Alcaldía de Tuluá",,0,"08/15/2025 05:52",,"Historia de Instagram",,Total,656,0,2,,0,819,857,,,
18085158154834509,17841402591799685,alcaldiadetulua,"Alcaldía de Tuluá","HOY EN EL ¡Te esperamos! ✌🏽💪🏼",11,"08/15/2025 05:29",,"Historia de Instagram",,Total,1079,1,3,,0,843,,1,,
18034675778480698,17841402591799685,alcaldiadetulua,"Alcaldía de Tuluá",,11,"08/14/2025 18:25",,"Historia de Instagram",,Total,723,6,1,2,0,893,,,,
17893205715296775,17841402591799685,alcaldiadetulua,"Alcaldía de Tuluá",,15,"08/14/2025 17:27",,"Historia de Instagram",,Total,733,9,0,1,0,849,,,,
18518757325054794,17841402591799685,alcaldiadetulua,"Alcaldía de Tuluá","¡MAÑANA!⬇️ ¡Te esperamos!✌🏽😎",11,"08/14/2025 15:23",,"Historia de Instagram",,Total,706,5,0,,0,894,,,,
18111151282464435,17841402591799685,alcaldiadetulua,"Alcaldía de Tuluá","Nos vemos este fin de semana en 📍 Barragán",11,"08/14/2025 15:14",,"Historia de Instagram",,Total,736,10,3,,0,876,,,,
18022690343719045,17841402591799685,alcaldiadetulua,"Alcaldía de Tuluá","Nos vemos mañana y el sábado 😎✌🏽",15,"08/14/2025 10:55",,"Historia de Instagram",,Total,697,7,0,1,0,818,,,,
18013521395768767,17841402591799685,alcaldiadetulua,"Alcaldía de Tuluá",💙💪🏼,11,"08/14/2025 09:39",,"Historia de Instagram",,Total,697,6,0,,0,786,,,,
17854122510456486,17841402591799685,alcaldiadetulua,"Alcaldía de Tuluá","📍 Vereda El Diamate Nuevas y seguras vías💪🏼🚧",11,"08/14/2025 09:17",,"Historia de Instagram",,Total,709,11,0,,0,789,,,,
18425398270097377,17841402591799685,alcaldiadetulua,"Alcaldía de Tuluá","Vías seguras en la 📍Zona Rural✨",15,"08/14/2025 09:15",,"Historia de Instagram",,Total,719,8,0,,0,768,,,,
18060846479353372,17841402591799685,alcaldiadetulua,"Alcaldía de Tuluá",,15,"08/14/2025 09:13",,"Historia de Instagram",,Total,741,7,0,,0,911,,,14,
18074046887069475,17841402591799685,alcaldiadetulua,"Alcaldía de Tuluá","📍 Sector Estambul Transformamos espacios💙 En nuestro municipio",11,"08/14/2025 07:54",,"Historia de Instagram",,Total,1360,16,0,,2,828,,,,
18061283471371299,17841402591799685,alcaldiadetulua,"Alcaldía de Tuluá","Conoce a María Cruz ✨La Reina del Centro Día✨",15,"08/13/2025 16:31",,"Historia de Instagram",,Total,945,6,0,2,0,687,,,,
18080006719903508,17841402591799685,alcaldiadetulua,"Alcaldía de Tuluá","Lee la historia completa⬇️",27,"08/13/2025 15:43",,"Historia de Instagram",,Total,1038,7,0,1,0,765,,,,16
18077504506941392,17841402591799685,alcaldiadetulua,"Alcaldía de Tuluá",,11,"08/13/2025 15:31",,"Historia de Instagram",,Total,654,3,0,,0,819,,,,
18396232300189492,17841402591799685,alcaldiadetulua,"Alcaldía de Tuluá",,11,"08/13/2025 15:31",,"Historia de Instagram",,Total,676,4,0,1,0,810,,,,
18073535660088217,17841402591799685,alcaldiadetulua,"Alcaldía de Tuluá","AGÉNDATE ESTE FIN DE SEMANA ⬇️⬇️",15,"08/13/2025 11:21",,"Historia de Instagram",,Total,835,6,0,1,1,728,,,,
18231435325292436,17841402591799685,alcaldiadetulua,"Alcaldía de Tuluá","¿Sabes cuántos humedales tenemos en Tuluá?💧🌿 Aquí te lo contamos ☝🏽",15,"08/13/2025 09:07",,"Historia de Instagram",,Total,638,3,0,2,0,702,,,,
18351923188090525,17841402591799685,alcaldiadetulua,"Alcaldía de Tuluá","¡Participa Ahora!",5,"08/13/2025 08:35",,"Historia de Instagram",,Total,667,1,0,1,0,730,,,,4
18089012665701966,17841402591799685,alcaldiadetulua,"Alcaldía de Tuluá",,15,"08/12/2025 16:27",,"Historia de Instagram",,Total,684,7,1,1,0,794,,,2,9
17954205539993133,17841402591799685,alcaldiadetulua,"Alcaldía de Tuluá",,15,"08/12/2025 15:14",,"Historia de Instagram",,Total,714,8,0,,0,718,,,,
18065720819232544,17841402591799685,alcaldiadetulua,"Alcaldía de Tuluá","Nuestros abuelitos del CentroDía Para Ser Felices",16,"08/12/2025 12:46",,"Historia de Instagram",,Total,709,7,0,,1,759,,,8,
18064025807465875,17841402591799685,alcaldiadetulua,"Alcaldía de Tuluá",,0,"08/12/2025 10:08",,"Historia de Instagram",,Total,623,4,0,4,0,718,,,6,
18378766897130518,17841402591799685,alcaldiadetulua,"Alcaldía de Tuluá","Obras  #ParaSerFelices",15,"08/12/2025 10:02",,"Historia de Instagram",,Total,640,8,0,1,0,717,,,,
18517664692062071,17841402591799685,alcaldiadetulua,"Alcaldía de Tuluá",,11,"08/12/2025 08:47",,"Historia de Instagram",,Total,638,4,0,,0,721,,,,
18054132710409975,17841402591799685,alcaldiadetulua,"Alcaldía de Tuluá",,0,"08/12/2025 08:34",,"Historia de Instagram",,Total,647,5,0,1,0,711,,,,
17855602677493376,17841402591799685,alcaldiadetulua,"Alcaldía de Tuluá",,0,"08/12/2025 08:34",,"Historia de Instagram",,Total,653,6,0,,0,810,,,,
18124257370481871,17841402591799685,alcaldiadetulua,"Alcaldía de Tuluá",,0,"08/12/2025 08:33",,"Historia de Instagram",,Total,672,8,1,2,0,794,,,2,
18084247273677187,17841402591799685,alcaldiadetulua,"Alcaldía de Tuluá",,15,"08/12/2025 08:07",,"Historia de Instagram",,Total,678,10,0,,0,700,,,,
18117706507494637,17841402591799685,alcaldiadetulua,"Alcaldía de Tuluá",,0,"08/12/2025 08:07",,"Historia de Instagram",,Total,700,5,0,2,1,794,,,,
18021099359721454,17841402591799685,alcaldiadetulua,"Alcaldía de Tuluá",,0,"08/12/2025 08:04",,"Historia de Instagram",,Total,768,4,0,2,0,865,,,7,
17851539891523469,17841402591799685,alcaldiadetulua,"Alcaldía de Tuluá",,15,"08/11/2025 14:27",,"Historia de Instagram",,Total,940,5,0,3,0,771,,,,
18061725980342765,17841402591799685,alcaldiadetulua,"Alcaldía de Tuluá",,0,"08/11/2025 12:33",,"Historia de Instagram",,Total,758,7,0,,0,844,,,7,
17962990718808180,17841402591799685,alcaldiadetulua,"Alcaldía de Tuluá",,11,"08/11/2025 10:17",,"Historia de Instagram",,Total,1063,2,0,2,1,883,,,,34
18055014128622725,17841402591799685,alcaldiadetulua,"Alcaldía de Tuluá",,15,"08/11/2025 09:30",,"Historia de Instagram",,Total,884,7,0,3,1,910,,,,
18123257206471745,17841402591799685,alcaldiadetulua,"Alcaldía de Tuluá","Ya estamos aquí💪🏼 Desde las 7:00 a. m.",36,"08/10/2025 06:48",,"Historia de Instagram",,Total,1907,5,1,3,0,1282,,,,
17976163577750732,17841402591799685,alcaldiadetulua,"Alcaldía de Tuluá",,15,"08/09/2025 18:45",,"Historia de Instagram",,Total,1360,5,0,3,0,951,,,,
18067567072929646,17841402591799685,alcaldiadetulua,"Alcaldía de Tuluá",,36,"08/09/2025 11:01",,"Historia de Instagram",,Total,762,4,0,5,1,817,,,,
18050010176237637,17841402591799685,alcaldiadetulua,"Alcaldía de Tuluá",,18,"08/09/2025 10:53",,"Historia de Instagram",,Total,754,4,0,,0,782,,,,
17851163373478530,17841402591799685,alcaldiadetulua,"Alcaldía de Tuluá","¡Celebramos nuestras raíces!✌🏽💪🏼",0,"08/09/2025 10:51",,"Historia de Instagram",,Total,770,3,0,,0,796,795,,,
17917212810149149,17841402591799685,alcaldiadetulua,"Alcaldía de Tuluá","📍 Coliseo de Ferias Manuel Victoria Rojas Juzgamiento de Deportistas Mini, Aficionados y Junior.✅✌🏽",11,"08/09/2025 10:41",,"Historia de Instagram",,Total,774,4,0,2,0,813,,,,
18478532602072451,17841402591799685,alcaldiadetulua,"Alcaldía de Tuluá","Nuestros niños participando de la TERCERA VÁLIDA  de Equitación en Caballos de Paso Fino 🐎🐴",20,"08/09/2025 10:32",,"Historia de Instagram",,Total,795,6,3,1,0,821,,,,
18044512664320203,17841402591799685,alcaldiadetulua,"Alcaldía de Tuluá",,11,"08/09/2025 09:31",,"Historia de Instagram",,Total,1083,5,0,1,0,854,,,,
18040827515361314,17841402591799685,alcaldiadetulua,"Alcaldía de Tuluá","¡Ven ahora!✌🏽🐴",11,"08/09/2025 09:08",,"Historia de Instagram",,Total,778,5,0,,0,847,,,,
17888810760321521,17841402591799685,alcaldiadetulua,"Alcaldía de Tuluá","Tercera Válida de Equitación de Caballos de Paso🐴🐎 ¡Te esperamos!✌🏽🤩",21,"08/09/2025 08:55",,"Historia de Instagram",,Total,816,9,0,1,0,876,,,,
18164158240362748,17841402591799685,alcaldiadetulua,"Alcaldía de Tuluá","Hoy no te pierdas este gran evento✌🏽💪🏼🐴",11,"08/09/2025 08:54",,"Historia de Instagram",,Total,870,3,0,,0,888,,,,
17864136801378740,17841402591799685,alcaldiadetulua,"Alcaldía de Tuluá","Recuperación del espacio público en diferentes sectores de nuestro municipio ✌🏽✅",28,"08/08/2025 16:07",,"Historia de Instagram",,Total,781,14,0,3,2,806,,,,
18069805445142230,17841402591799685,alcaldiadetulua,"Alcaldía de Tuluá",,0,"08/08/2025 12:29",,"Historia de Instagram",,Total,579,8,0,,0,596,,,2,
17993176853821246,17841402591799685,alcaldiadetulua,"Alcaldía de Tuluá",,0,"08/08/2025 12:29",,"Historia de Instagram",,Total,587,8,0,,0,645,,,,
18048044375553744,17841402591799685,alcaldiadetulua,"Alcaldía de Tuluá",,0,"08/08/2025 12:29",,"Historia de Instagram",,Total,591,9,0,,0,702,,,,
17872846614304593,17841402591799685,alcaldiadetulua,"Alcaldía de Tuluá","Último día 😎 Inscríbete ⬇️",11,"08/08/2025 11:50",,"Historia de Instagram",,Total,630,3,0,1,1,691,,,,2
18015175109760796,17841402591799685,alcaldiadetulua,"Alcaldía de Tuluá","ÚLTIMO DÍA PARA INSCRIBIRTE⬇️",11,"08/08/2025 11:40",,"Historia de Instagram",,Total,1256,3,4,,1,679,,,,5
17978080862910710,17841402591799685,alcaldiadetulua,"Alcaldía de Tuluá",,22,"08/08/2025 08:07",,"Historia de Instagram",,Total,601,3,0,,0,652,,,,
17947056000000970,17841402591799685,alcaldiadetulua,"Alcaldía de Tuluá","Nos vemos hoy ✌🏽 📍 Plaza Cívica Boyacá",11,"08/08/2025 06:39",,"Historia de Instagram",,Total,595,2,0,,0,654,,,,
18039602351651529,17841402591799685,alcaldiadetulua,"Alcaldía de Tuluá","HOY 🤩",32,"08/08/2025 06:38",,"Historia de Instagram",,Total,615,4,0,,0,676,,,,
17993473250818389,17841402591799685,alcaldiadetulua,"Alcaldía de Tuluá","Nos vemos el domingo ⬇️",11,"08/08/2025 06:17",,"Historia de Instagram",,Total,625,4,0,,0,695,,,,
18048930632553130,17841402591799685,alcaldiadetulua,"Alcaldía de Tuluá",,11,"08/08/2025 04:48",,"Historia de Instagram",,Total,1048,5,1,,0,880,,,,5
18085216204866689,17841402591799685,alcaldiadetulua,"Alcaldía de Tuluá",,11,"08/07/2025 06:59",,"Historia de Instagram",,Total,1254,8,0,,0,848,,,,
18174239698339485,17841402591799685,alcaldiadetulua,"Alcaldía de Tuluá","Conoce la historia de Juan José
 Y su proceso en el Centro Cultural de Nariño🤩",15,"08/06/2025 16:31",,"Historia de Instagram",,Total,1294,3,0,1,0,1025,,,,
18020346497539994,17841402591799685,alcaldiadetulua,"Alcaldía de Tuluá",,15,"08/06/2025 10:45",,"Historia de Instagram",,Total,1056,12,0,2,0,1057,,,,
18083972320872575,17841402591799685,alcaldiadetulua,"Alcaldía de Tuluá",,15,"08/05/2025 17:47",,"Historia de Instagram",,Total,813,9,0,4,0,819,,,,
18146811910402410,17841402591799685,alcaldiadetulua,"Alcaldía de Tuluá",,15,"08/05/2025 11:21",,"Historia de Instagram",,Total,686,3,0,,0,731,,,,
17990906786821913,17841402591799685,alcaldiadetulua,"Alcaldía de Tuluá",,0,"08/05/2025 11:04",,"Historia de Instagram",,Total,692,3,0,1,0,760,739,,,
18035904872444602,17841402591799685,alcaldiadetulua,"Alcaldía de Tuluá",,15,"08/05/2025 10:29",,"Historia de Instagram",,Total,627,5,0,,0,643,,,,
18047078846283353,17841402591799685,alcaldiadetulua,"Alcaldía de Tuluá","Hoy último día 💪🏼",11,"08/05/2025 08:46",,"Historia de Instagram",,Total,657,3,0,1,0,714,,,,1
17920259157132230,17841402591799685,alcaldiadetulua,"Alcaldía de Tuluá","Nuestro Centro Día Para Ser Felices💙",23,"08/05/2025 08:29",,"Historia de Instagram",,Total,682,5,0,,0,731,,,8,
18083193625852498,17841402591799685,alcaldiadetulua,"Alcaldía de Tuluá",,36,"08/05/2025 06:40",,"Historia de Instagram",,Total,634,6,0,,0,713,,,,
17954531273993301,17841402591799685,alcaldiadetulua,"Alcaldía de Tuluá",,32,"08/05/2025 06:39",,"Historia de Instagram",,Total,653,7,0,1,0,723,,,,
18053073713563860,17841402591799685,alcaldiadetulua,"Alcaldía de Tuluá",,15,"08/05/2025 04:00",,"Historia de Instagram",,Total,609,3,0,2,0,696,,,,
17930320620085585,17841402591799685,alcaldiadetulua,"Alcaldía de Tuluá","C L A U S U R A Sesiones Ordinarias del ✅",11,"08/04/2025 17:12",,"Historia de Instagram",,Total,1770,5,0,1,0,664,,,,
18360564775146251,17841402591799685,alcaldiadetulua,"Alcaldía de Tuluá",,11,"08/04/2025 15:10",,"Historia de Instagram",,Total,586,5,1,,0,648,,,,7
18135812932427209,17841402591799685,alcaldiadetulua,"Alcaldía de Tuluá",,32,"08/04/2025 14:56",,"Historia de Instagram",,Total,607,10,1,,1,671,,,,
18524093416042716,17841402591799685,alcaldiadetulua,"Alcaldía de Tuluá",,14,"08/04/2025 13:48",,"Historia de Instagram",,Total,605,3,0,2,0,636,,,3,
17855865240482240,17841402591799685,alcaldiadetulua,"Alcaldía de Tuluá",,15,"08/04/2025 10:30",,"Historia de Instagram",,Total,653,7,2,,3,704,,,,
17890224255182116,17841402591799685,alcaldiadetulua,"Alcaldía de Tuluá",,14,"08/04/2025 09:50",,"Historia de Instagram",,Total,664,4,1,,0,775,,,,
18153762895344972,17841402591799685,alcaldiadetulua,"Alcaldía de Tuluá",,15,"08/04/2025 09:50",,"Historia de Instagram",,Total,687,8,0,1,0,806,,,,
18522298633059901,17841402591799685,alcaldiadetulua,"Alcaldía de Tuluá",,15,"08/04/2025 09:49",,"Historia de Instagram",,Total,695,4,0,,0,736,,,10,
18060442946196692,17841402591799685,alcaldiadetulua,"Alcaldía de Tuluá",,15,"08/04/2025 09:47",,"Historia de Instagram",,Total,709,7,0,,0,766,,,,
18499029460066331,17841402591799685,alcaldiadetulua,"Alcaldía de Tuluá",,11,"08/04/2025 08:31",,"Historia de Instagram",,Total,1046,4,6,,2,927,,,,9
18036972398419185,17841402591799685,alcaldiadetulua,"Alcaldía de Tuluá","¡Hoy vence el plazo!😱 INSCRÍBETE EN EL",15,"08/04/2025 07:25",,"Historia de Instagram",,Total,953,9,0,3,0,978,,,,
18137321890422013,17841402591799685,alcaldiadetulua,"Alcaldía de Tuluá",,13,"08/02/2025 14:50",,"Historia de Instagram",,Total,865,7,4,1,0,917,,,,
18043244429324767,17841402591799685,alcaldiadetulua,"Alcaldía de Tuluá","📍 La Balastrera",15,"08/02/2025 14:50",,"Historia de Instagram",,Total,942,4,0,,0,1034,,,2,
18403618615118087,17841402591799685,alcaldiadetulua,"Alcaldía de Tuluá",,15,"08/02/2025 12:57",,"Historia de Instagram",,Total,755,3,0,,0,818,,,,
18101916565512594,17841402591799685,alcaldiadetulua,"Alcaldía de Tuluá",,60,"08/01/2025 10:00",,"Historia de Instagram",,Total,649,4,0,,0,733,
18035563364461789,17841402591799685,alcaldiadetulua,"Alcaldía de Tuluá",,15,"08/01/2025 07:21",,"Historia de Instagram",,Total,915,11,0,2,1,748,
18100562332595386,17841402591799685,alcaldiadetulua,"Alcaldía de Tuluá",,15,"08/02/2025 09:04",,"Historia de Instagram",,Total,650,6,0,1,0,715,
18051784283440136,17841402591799685,alcaldiadetulua,"Alcaldía de Tuluá",,15,"08/02/2025 09:04",,"Historia de Instagram",,Total,677,8,0,,0,726,
18063593690266293,17841402591799685,alcaldiadetulua,"Alcaldía de Tuluá","Más de 100 líderes comunales hoy participando del GRAN FORO COMUNAL✌🏽✅",11,"08/02/2025 08:57",,"Historia de Instagram",,Total,693,7,1,,0,768,
18053651222620819,17841402591799685,alcaldiadetulua,"Alcaldía de Tuluá","Jornada descentralizada  La Balastrera 📍",15,"08/02/2025 08:55",,"Historia de Instagram",,Total,709,8,0,,0,803,
18074347598480630,17841402591799685,alcaldiadetulua,"Alcaldía de Tuluá","Iniciamos el gran FORO COMUNAL 2025💪🏼✅ Con líderes de Juntas de Acción Comunal",11,"08/02/2025 08:30",,"Historia de Instagram",,Total,717,5,0,,0,747,
18072561584070881,17841402591799685,alcaldiadetulua,"Alcaldía de Tuluá",,0,"08/02/2025 08:21",,"Historia de Instagram",,Total,762,5,0,2,0,797,815
18075706927791525,17841402591799685,alcaldiadetulua,"Alcaldía de Tuluá",,27,"08/01/2025 17:43",,"Historia de Instagram",,Total,757,6,0,,0,785,
17869325031334575,17841402591799685,alcaldiadetulua,"Alcaldía de Tuluá","✨Transformación ✨ Así se ve la de Tuluá💙🤩",44,"08/01/2025 15:55",,"Historia de Instagram",,Total,693,25,1,1,2,785,
17989782380827379,17841402591799685,alcaldiadetulua,"Alcaldía de Tuluá","Así luce hoy nuestra entrada a la carrera 30 ✨ Con nuevas plantas que embellecen el paso 🌸🌷 📍 Sector Estambul",3,"08/01/2025 15:53",,"Historia de Instagram",,Total,707,7,0,,0,457,
18395812969187194,17841402591799685,alcaldiadetulua,"Alcaldía de Tuluá",,15,"08/01/2025 15:32",,"Historia de Instagram",,Total,634,10,1,,0,718,
18008741603788226,17841402591799685,alcaldiadetulua,"Alcaldía de Tuluá","Mañana ⬇️",11,"08/01/2025 15:16",,"Historia de Instagram",,Total,660,3,0,,0,754,
17975938016863518,17841402591799685,alcaldiadetulua,"Alcaldía de Tuluá",,43,"08/01/2025 12:58",,"Historia de Instagram",,Total,628,4,2,1,0,708,
18102477217559698,17841402591799685,alcaldiadetulua,"Alcaldía de Tuluá",,11,"08/01/2025 12:55",,"Historia de Instagram",,Total,645,3,0,,0,733,
17945940366001526,17841402591799685,alcaldiadetulua,"Alcaldía de Tuluá","Nos vemos mañana 😎✌🏽",11,"08/01/2025 12:48",,"Historia de Instagram",,Total,661,3,0,,0,731,
18067791695515344,17841402591799685,alcaldiadetulua,"Alcaldía de Tuluá",,15,"08/01/2025 11:42",,"Historia de Instagram",,Total,674,5,0,,0,736,
