"Identificador de la publicación","Identificador de la cuenta","Nombre de usuario de la cuenta","Nombre de la cuenta",Descripción,"Duración (segundos)","Hora de publicación","Enlace permanente","Tipo de publicación","Comentario sobre los datos",Fecha,Visualizaciones,Alcance,"Me gusta","Veces que se compartió","Visitas al perfil",Respuestas,Navegación,"Toques en stickers","Clics en el enlace",Seguimientos
17947028556012504,17841402591799685,alcaldiadetulua,"Alcaldía de Tuluá",,15,"08/31/2025 07:01",,"Historia de Instagram",,Total,800,682,7,0,1,0,781,5,,
17960233715988466,17841402591799685,alcaldiadetulua,"Alcaldía de Tuluá",,0,"09/07/2025 16:24",https://instagram.com/stories/alcaldiadetulua/3716719197419425502,"Historia de Instagram",,Total,474,407,5,1,,0,457,,,
17881579689265007,17841402591799685,alcaldiadetulua,"Alcaldía de Tuluá",,0,"09/07/2025 16:07",https://instagram.com/stories/alcaldiadetulua/3716710836149895902,"Historia de Instagram",,Total,494,422,6,0,,0,484,,,
18125706517470891,17841402591799685,alcaldiadetulua,"Alcaldía de Tuluá",,0,"09/07/2025 16:07",https://instagram.com/stories/alcaldiadetulua/3716710800783521439,"Historia de Instagram",,Total,517,420,6,1,,0,502,,,
18078973729787756,17841402591799685,alcaldiadetulua,"Alcaldía de Tuluá",,0,"09/07/2025 15:56",https://instagram.com/stories/alcaldiadetulua/3716705255217392505,"Historia de Instagram",,Total,523,438,6,0,,0,481,,,
18070807322131736,17841402591799685,alcaldiadetulua,"Alcaldía de Tuluá",,0,"09/07/2025 15:56",https://instagram.com/stories/alcaldiadetulua/3716704978854725748,"Historia de Instagram",,Total,513,445,8,0,,0,497,,,
18071580827125437,17841402591799685,alcaldiadetulua,"Alcaldía de Tuluá",,0,"09/07/2025 15:37",https://instagram.com/stories/alcaldiadetulua/3716695670930785216,"Historia de Instagram",,Total,515,448,7,0,1,0,504,,,
18325851097225030,17841402591799685,alcaldiadetulua,"Alcaldía de Tuluá",,0,"09/07/2025 15:37",https://instagram.com/stories/alcaldiadetulua/3716695639674832717,"Historia de Instagram",,Total,516,454,6,0,,0,489,,,
18309021547174071,17841402591799685,alcaldiadetulua,"Alcaldía de Tuluá",,0,"09/07/2025 15:37",https://instagram.com/stories/alcaldiadetulua/3716695525572949940,"Historia de Instagram",,Total,521,463,8,0,,0,490,,,
18317308090212153,17841402591799685,alcaldiadetulua,"Alcaldía de Tuluá",,0,"09/07/2025 15:35",https://instagram.com/stories/alcaldiadetulua/3716694596626875549,"Historia de Instagram",,Total,556,475,7,0,,0,525,2,,
17893553568301256,17841402591799685,alcaldiadetulua,"Alcaldía de Tuluá",,0,"09/07/2025 15:32",https://instagram.com/stories/alcaldiadetulua/3716693006692099264,"Historia de Instagram",,Total,575,488,9,0,,0,551,3,,
17971689740928030,17841402591799685,alcaldiadetulua,"Alcaldía de Tuluá","Nuestros niños y las familias felices ✨🤩",33,"09/07/2025 15:31",https://instagram.com/stories/alcaldiadetulua/3716693061083853358,"Historia de Instagram",,Total,569,493,9,0,,0,559,,,
18122121097438342,17841402591799685,alcaldiadetulua,"Alcaldía de Tuluá","Así se vive la RUTA DE LA FELICIDAD🤩",11,"09/07/2025 15:30",https://instagram.com/stories/alcaldiadetulua/3716692041800834686,"Historia de Instagram",,Total,599,509,7,0,,0,582,,,
18344295769162251,17841402591799685,alcaldiadetulua,"Alcaldía de Tuluá",,15,"09/07/2025 12:21",https://instagram.com/stories/alcaldiadetulua/3716596658873509736,"Historia de Instagram",,Total,668,539,6,0,1,0,613,,,
17944476243022099,17841402591799685,alcaldiadetulua,"Alcaldía de Tuluá","Hoy en el 📍Lago Chilicote 🤩 Nos vemos ✌🏽",11,"09/07/2025 06:22",,"Historia de Instagram",,Total,679,556,5,2,,0,637,,,
18525380803026769,17841402591799685,alcaldiadetulua,"Alcaldía de Tuluá",,15,"09/07/2025 06:04",,"Historia de Instagram",,Total,662,579,7,0,,0,620,,,
18099621187612433,17841402591799685,alcaldiadetulua,"Alcaldía de Tuluá",,15,"09/06/2025 20:17",,"Historia de Instagram",,Total,621,524,3,0,,0,606,2,,
18057269321161841,17841402591799685,alcaldiadetulua,"Alcaldía de Tuluá","Caravanas por la Vida 💪🏼✅",37,"09/06/2025 19:46",,"Historia de Instagram",,Total,779,617,6,2,,1,613,,,
18077812561952017,17841402591799685,alcaldiadetulua,"Alcaldía de Tuluá",,0,"09/06/2025 19:20",,"Historia de Instagram",,Total,627,525,7,0,1,1,610,4,,
18075096971082323,17841402591799685,alcaldiadetulua,"Alcaldía de Tuluá",,0,"09/06/2025 19:20",,"Historia de Instagram",,Total,617,547,6,0,,0,593,,,
18090168388774799,17841402591799685,alcaldiadetulua,"Alcaldía de Tuluá",,15,"09/06/2025 17:26",,"Historia de Instagram",,Total,557,478,6,0,2,0,503,,,
17995235027676573,17841402591799685,alcaldiadetulua,"Alcaldía de Tuluá",,15,"09/06/2025 16:48",,"Historia de Instagram",,Total,521,471,3,0,,0,512,7,,
18287199400286248,17841402591799685,alcaldiadetulua,"Alcaldía de Tuluá",,15,"09/06/2025 16:41",,"Historia de Instagram",,Total,531,478,4,0,,0,521,5,,
18220907935306678,17841402591799685,alcaldiadetulua,"Alcaldía de Tuluá",,10,"09/06/2025 16:39",,"Historia de Instagram",,Total,553,479,5,0,1,0,543,3,,
17909479881215233,17841402591799685,alcaldiadetulua,"Alcaldía de Tuluá",,15,"09/06/2025 16:38",,"Historia de Instagram",,Total,559,483,4,0,,0,547,4,,
18099540700554373,17841402591799685,alcaldiadetulua,"Alcaldía de Tuluá",,0,"09/06/2025 16:38",,"Historia de Instagram",,Total,535,484,6,0,,0,522,,,
17976319568919344,17841402591799685,alcaldiadetulua,"Alcaldía de Tuluá",,0,"09/06/2025 16:38",,"Historia de Instagram",,Total,542,488,6,0,,0,533,,,
17881935627259156,17841402591799685,alcaldiadetulua,"Alcaldía de Tuluá",,0,"09/06/2025 16:38",,"Historia de Instagram",,Total,557,498,5,0,3,0,551,,,
18083128252906016,17841402591799685,alcaldiadetulua,"Alcaldía de Tuluá",,0,"09/06/2025 16:38",,"Historia de Instagram",,Total,572,503,6,0,,0,561,,,
18078195557069703,17841402591799685,alcaldiadetulua,"Alcaldía de Tuluá",,0,"09/06/2025 16:38",,"Historia de Instagram",,Total,558,509,8,1,,0,527,,,
18060391967090631,17841402591799685,alcaldiadetulua,"Alcaldía de Tuluá","💫FESTIVAL DE COMETAS🪁  Con éxito terminamos nuestro gran ¡Gracias, Tuluá!😎✌🏽 @labakana103.1 @central_de_transportes_tulua_",7,"09/06/2025 16:37",,"Historia de Instagram",,Total,721,593,7,0,,0,529,,,
17875562856407960,17841402591799685,alcaldiadetulua,"Alcaldía de Tuluá","Tuluá siempre ✨ARRIBA Y FELIZ💙✌🏽",12,"09/06/2025 16:35",,"Historia de Instagram",,Total,591,524,5,0,,0,550,,,
18161610271335465,17841402591799685,alcaldiadetulua,"Alcaldía de Tuluá","Gracias Bosques de Maracaibo 💙✨ Comuna 8 en movimiento regresó con toda ✌🏽🤩",11,"09/06/2025 15:43",,"Historia de Instagram",,Total,561,500,5,0,,0,559,,,
18081218785743833,17841402591799685,alcaldiadetulua,"Alcaldía de Tuluá",,0,"09/06/2025 15:41",,"Historia de Instagram",,Total,587,504,7,0,,0,564,2,,
17850527829542570,17841402591799685,alcaldiadetulua,"Alcaldía de Tuluá",,0,"09/06/2025 15:41",,"Historia de Instagram",,Total,577,504,3,0,1,0,560,,,
18136668772438201,17841402591799685,alcaldiadetulua,"Alcaldía de Tuluá",,0,"09/06/2025 15:41",,"Historia de Instagram",,Total,561,508,3,0,,0,530,,,
18026868227519967,17841402591799685,alcaldiadetulua,"Alcaldía de Tuluá",,0,"09/06/2025 15:41",,"Historia de Instagram",,Total,571,513,4,0,1,0,527,,,
18057865916126174,17841402591799685,alcaldiadetulua,"Alcaldía de Tuluá",,0,"09/06/2025 15:41",,"Historia de Instagram",,Total,591,539,3,1,,0,562,,,
18386945026122110,17841402591799685,alcaldiadetulua,"Alcaldía de Tuluá","A esta hora la comunidad de 📍Bosques de Maracaibo disfruta una tarde de arte y cultura, con música del DJ Deyner🤩✌🏽😎",47,"09/06/2025 14:12",,"Historia de Instagram",,Total,593,516,3,0,2,0,583,,,
18091551901690987,17841402591799685,alcaldiadetulua,"Alcaldía de Tuluá",,0,"09/06/2025 13:48",,"Historia de Instagram",,Total,601,521,6,0,1,0,587,,,
17963246234966972,17841402591799685,alcaldiadetulua,"Alcaldía de Tuluá","Nuestras cometas listas para volar 🪁 @labakana103.1",15,"09/06/2025 13:45",,"Historia de Instagram",,Total,1515,1322,5,0,,0,585,,,
17915022171053961,17841402591799685,alcaldiadetulua,"Alcaldía de Tuluá","¡Listos! 😎✌🏽 En minutos iniciamos con nuestro gran FESTIVAL DE COMETAS🪁💫",8,"09/06/2025 13:16",,"Historia de Instagram",,Total,617,537,5,0,,0,534,,,
17916729801176795,17841402591799685,alcaldiadetulua,"Alcaldía de Tuluá","Mucha cultura en este espacio para las familias 💙🤩✨ 📍 Bosques de Maracaibo",17,"09/06/2025 13:15",,"Historia de Instagram",,Total,602,539,2,0,,0,583,,,
18530141881050560,17841402591799685,alcaldiadetulua,"Alcaldía de Tuluá","Comuna 8 en movimiento ✌🏽😎 Ya iniciamos… 📍Bosques de Maracaibo",60,"09/06/2025 13:14",,"Historia de Instagram",,Total,635,550,5,0,,0,620,,,
18084827476859527,17841402591799685,alcaldiadetulua,"Alcaldía de Tuluá",,15,"09/06/2025 12:16",,"Historia de Instagram",,Total,640,550,2,0,,0,621,,,
17901536601255496,17841402591799685,alcaldiadetulua,"Alcaldía de Tuluá","Trabajo con la comunidad de la zona rural  Mejoramiento de Vía🚧🚜 📍El Retiro y el Guayabito",19,"09/06/2025 12:15",,"Historia de Instagram",,Total,1669,1238,3,0,1,0,635,,,
18070805032936524,17841402591799685,alcaldiadetulua,"Alcaldía de Tuluá",,11,"09/06/2025 10:00",,"Historia de Instagram",,Total,1387,1005,4,0,,0,646,,,
17866677420444149,17841402591799685,alcaldiadetulua,"Alcaldía de Tuluá","ES HOY ES HOY 😎",15,"09/06/2025 09:09",,"Historia de Instagram",,Total,676,564,3,0,,0,628,,,
18101407489606273,17841402591799685,alcaldiadetulua,"Alcaldía de Tuluá",,0,"09/06/2025 05:56",,"Historia de Instagram",,Total,643,566,3,0,,0,635,,,
18386321326124512,17841402591799685,alcaldiadetulua,"Alcaldía de Tuluá","Así vivimos Cultura al Parque en 📍 Nariño😎",15,"09/05/2025 22:04",,"Historia de Instagram",,Total,675,578,3,0,,0,667,,,
17863284720394126,17841402591799685,alcaldiadetulua,"Alcaldía de Tuluá",,0,"09/05/2025 21:26",,"Historia de Instagram",,Total,690,567,3,0,,0,658,,,
18020339813754606,17841402591799685,alcaldiadetulua,"Alcaldía de Tuluá",,0,"09/05/2025 21:17",,"Historia de Instagram",,Total,689,584,5,1,1,0,674,,,
18110447611480544,17841402591799685,alcaldiadetulua,"Alcaldía de Tuluá","Nuestros talentosos jóvenes😎✨🎶 📍 Corregimiento Nariño En Cultura al Parque🤩 @tuluaculturacol_",11,"09/05/2025 21:17",,"Historia de Instagram",,Total,968,714,6,0,,0,753,,,
17866126251446130,17841402591799685,alcaldiadetulua,"Alcaldía de Tuluá",,11,"09/05/2025 18:30",,"Historia de Instagram",,Total,1738,1054,3,0,,0,768,,84,
18058170626378664,17841402591799685,alcaldiadetulua,"Alcaldía de Tuluá","The Proyect Blues✨🔵 En este momento en",15,"09/05/2025 17:05",,"Historia de Instagram",,Total,666,564,4,0,1,0,635,,,
18074056127011420,17841402591799685,alcaldiadetulua,"Alcaldía de Tuluá","con los prestadores de servicios públicos @centroaguas.sa.esp  Planificando ciudad✌🏽 🏙️",11,"09/05/2025 16:58",,"Historia de Instagram",,Total,685,567,4,0,,0,672,,,
18075461993100878,17841402591799685,alcaldiadetulua,"Alcaldía de Tuluá",@yomellamoamaiamontero2025,0,"09/05/2025 16:47",,"Historia de Instagram",,Total,954,782,5,0,,0,676,,,
18077011988482100,17841402591799685,alcaldiadetulua,"Alcaldía de Tuluá",,0,"09/05/2025 16:44",,"Historia de Instagram",,Total,687,581,8,0,,0,672,,,
17917603509171806,17841402591799685,alcaldiadetulua,"Alcaldía de Tuluá","Cultura al Parque🎶💃 Ya iniciamos",11,"09/05/2025 16:22",,"Historia de Instagram",,Total,716,588,5,0,1,0,691,,,
17859471882483848,17841402591799685,alcaldiadetulua,"Alcaldía de Tuluá",,15,"09/05/2025 16:21",,"Historia de Instagram",,Total,763,595,5,0,,0,676,,,
17884550937238836,17841402591799685,alcaldiadetulua,"Alcaldía de Tuluá",,15,"09/05/2025 16:19",,"Historia de Instagram",,Total,764,612,5,1,,0,630,,,
18088296541744741,17841402591799685,alcaldiadetulua,"Alcaldía de Tuluá",,15,"09/05/2025 15:41",,"Historia de Instagram",,Total,719,605,4,0,1,0,689,,,
18128795380415570,17841402591799685,alcaldiadetulua,"Alcaldía de Tuluá",,0,"09/05/2025 15:08",,"Historia de Instagram",,Total,757,605,7,0,1,0,723,2,,
18100121830720144,17841402591799685,alcaldiadetulua,"Alcaldía de Tuluá",,15,"09/05/2025 14:00",,"Historia de Instagram",,Total,747,601,6,0,,0,540,,,
18174267718355901,17841402591799685,alcaldiadetulua,"Alcaldía de Tuluá",,48,"09/05/2025 11:57",,"Historia de Instagram",,Total,596,518,7,0,2,1,583,2,,
17936751771069701,17841402591799685,alcaldiadetulua,"Alcaldía de Tuluá",,56,"09/05/2025 11:57",,"Historia de Instagram",,Total,620,526,7,0,1,0,594,,,
18085827910847473,17841402591799685,alcaldiadetulua,"Alcaldía de Tuluá",,15,"09/05/2025 11:57",,"Historia de Instagram",,Total,622,525,4,0,,0,620,,,
18019301408564513,17841402591799685,alcaldiadetulua,"Alcaldía de Tuluá",,5,"09/05/2025 11:56",,"Historia de Instagram",,Total,620,538,2,0,,0,593,9,,
18397329277190738,17841402591799685,alcaldiadetulua,"Alcaldía de Tuluá",,0,"09/05/2025 11:56",,"Historia de Instagram",,Total,623,555,5,0,,0,589,7,,
18089259574768823,17841402591799685,alcaldiadetulua,"Alcaldía de Tuluá","NOS VEMOS HOY NARIÑO💪🏼🤩",11,"09/05/2025 11:09",,"Historia de Instagram",,Total,640,542,5,0,,0,616,,,
17921406621114294,17841402591799685,alcaldiadetulua,"Alcaldía de Tuluá",,57,"09/05/2025 10:23",,"Historia de Instagram",,Total,659,544,7,0,,0,623,,,
18532099273047820,17841402591799685,alcaldiadetulua,"Alcaldía de Tuluá",,60,"09/05/2025 10:23",,"Historia de Instagram",,Total,667,556,10,0,,1,605,,,
18089878981785725,17841402591799685,alcaldiadetulua,"Alcaldía de Tuluá","Este fin de semana Volaremos cometas 💫 🪁",15,"09/05/2025 09:43",,"Historia de Instagram",,Total,633,552,5,0,,0,611,,,
18307834474170463,17841402591799685,alcaldiadetulua,"Alcaldía de Tuluá","NOS VEMOS MAÑANA😎✌🏽",15,"09/05/2025 09:43",,"Historia de Instagram",,Total,670,567,4,0,,0,627,,,
18085469302872171,17841402591799685,alcaldiadetulua,"Alcaldía de Tuluá",,11,"09/05/2025 09:23",,"Historia de Instagram",,Total,718,599,4,0,1,0,671,,2,
18100257835546060,17841402591799685,alcaldiadetulua,"Alcaldía de Tuluá",,8,"09/04/2025 17:51",,"Historia de Instagram",,Total,535,485,4,0,,0,493,3,,
18398686303142329,17841402591799685,alcaldiadetulua,"Alcaldía de Tuluá",,0,"09/04/2025 17:51",,"Historia de Instagram",,Total,548,494,4,0,,0,519,,,
17914415877056698,17841402591799685,alcaldiadetulua,"Alcaldía de Tuluá",,0,"09/04/2025 16:34",,"Historia de Instagram",,Total,542,486,6,0,,0,515,,,
17881264833264929,17841402591799685,alcaldiadetulua,"Alcaldía de Tuluá",,0,"09/04/2025 16:31",,"Historia de Instagram",,Total,537,490,4,1,,0,501,,,
18148088290365119,17841402591799685,alcaldiadetulua,"Alcaldía de Tuluá",,0,"09/04/2025 16:31",,"Historia de Instagram",,Total,561,498,5,0,1,0,531,,,
18063925019349726,17841402591799685,alcaldiadetulua,"Alcaldía de Tuluá",,0,"09/04/2025 14:47",,"Historia de Instagram",,Total,538,476,4,0,,0,529,5,,
18032660231506427,17841402591799685,alcaldiadetulua,"Alcaldía de Tuluá",,0,"09/04/2025 14:47",,"Historia de Instagram",,Total,570,484,6,1,1,0,534,2,,
18070131332147122,17841402591799685,alcaldiadetulua,"Alcaldía de Tuluá",,0,"09/04/2025 14:47",,"Historia de Instagram",,Total,610,492,6,0,,0,508,18,,
18077695783798333,17841402591799685,alcaldiadetulua,"Alcaldía de Tuluá",,15,"09/04/2025 14:46",,"Historia de Instagram",,Total,602,509,3,0,,0,564,,,
17992511468827243,17841402591799685,alcaldiadetulua,"Alcaldía de Tuluá","NOS VEMOS MAÑANA NARIÑO 😎✌🏽",11,"09/04/2025 12:30",,"Historia de Instagram",,Total,1055,819,3,0,1,1,552,,,1
18037230821479752,17841402591799685,alcaldiadetulua,"Alcaldía de Tuluá",,0,"09/04/2025 11:23",,"Historia de Instagram",,Total,570,516,3,0,,0,551,,,
18123981010427867,17841402591799685,alcaldiadetulua,"Alcaldía de Tuluá","Y tú… ¿Cuál es tu color favorito? 🤩💚",15,"09/04/2025 10:01",,"Historia de Instagram",,Total,1609,1249,2,0,1,0,565,,,
18104697418585474,17841402591799685,alcaldiadetulua,"Alcaldía de Tuluá","Nos vemos hoy en el",11,"09/04/2025 07:31",,"Historia de Instagram",,Total,639,563,4,0,,0,611,,,
17970539720943486,17841402591799685,alcaldiadetulua,"Alcaldía de Tuluá","Conoce la historia de Laura Valentina",15,"09/03/2025 17:06",,"Historia de Instagram",,Total,593,499,11,0,,0,540,,,
17941055766053055,17841402591799685,alcaldiadetulua,"Alcaldía de Tuluá",,15,"09/03/2025 14:32",,"Historia de Instagram",,Total,571,489,5,3,,0,502,,,
17956955708844715,17841402591799685,alcaldiadetulua,"Alcaldía de Tuluá",,15,"09/03/2025 14:23",,"Historia de Instagram",,Total,581,500,7,0,1,0,496,,,
18115372735510267,17841402591799685,alcaldiadetulua,"Alcaldía de Tuluá","Este fin de semana 😎 Nos vemos",15,"09/03/2025 14:15",,"Historia de Instagram",,Total,597,510,6,0,1,0,572,,,
18124956511484423,17841402591799685,alcaldiadetulua,"Alcaldía de Tuluá",,15,"09/03/2025 09:36",,"Historia de Instagram",,Total,543,464,2,0,2,0,503,,,
17958092174842166,17841402591799685,alcaldiadetulua,"Alcaldía de Tuluá",,15,"09/03/2025 09:34",,"Historia de Instagram",,Total,565,475,7,0,,0,529,,,
17872327188422449,17841402591799685,alcaldiadetulua,"Alcaldía de Tuluá",,15,"09/03/2025 09:33",,"Historia de Instagram",,Total,578,483,3,0,,0,550,,,
18065601764264717,17841402591799685,alcaldiadetulua,"Alcaldía de Tuluá",,0,"09/03/2025 09:33",,"Historia de Instagram",,Total,648,486,6,0,2,0,636,,,
17854536336518084,17841402591799685,alcaldiadetulua,"Alcaldía de Tuluá",,0,"09/03/2025 09:32",,"Historia de Instagram",,Total,626,488,5,0,1,0,558,2,,
18406838347118813,17841402591799685,alcaldiadetulua,"Alcaldía de Tuluá",,10,"09/03/2025 09:32",,"Historia de Instagram",,Total,566,499,5,0,,0,551,4,,
18065503823220370,17841402591799685,alcaldiadetulua,"Alcaldía de Tuluá","Nos vemos este sábado 😎✅",15,"09/03/2025 09:31",,"Historia de Instagram",,Total,589,516,6,0,,0,553,,,
18073891739092938,17841402591799685,alcaldiadetulua,"Alcaldía de Tuluá",,0,"09/03/2025 09:31",,"Historia de Instagram",,Total,627,557,0,0,3,1,587,,,
18008485088619020,17841402591799685,alcaldiadetulua,"Alcaldía de Tuluá","¿Lo entendiste?😎✌🏽",15,"09/02/2025 15:48",,"Historia de Instagram",,Total,822,593,5,0,7,2,708,,,
18088102648641949,17841402591799685,alcaldiadetulua,"Alcaldía de Tuluá",,15,"09/02/2025 11:54",,"Historia de Instagram",,Total,758,585,6,0,2,0,644,,,
18533534767055444,17841402591799685,alcaldiadetulua,"Alcaldía de Tuluá",,15,"09/02/2025 11:48",,"Historia de Instagram",,Total,711,607,2,10,1,0,686,3,,
18070818866136378,17841402591799685,alcaldiadetulua,"Alcaldía de Tuluá",,14,"09/02/2025 09:11",,"Historia de Instagram",,Total,655,559,2,0,,0,618,3,,
18056116679451672,17841402591799685,alcaldiadetulua,"Alcaldía de Tuluá",,6,"09/02/2025 09:10",,"Historia de Instagram",,Total,671,577,1,1,,0,605,,,
17858236053490565,17841402591799685,alcaldiadetulua,"Alcaldía de Tuluá",,38,"09/02/2025 08:21",,"Historia de Instagram",,Total,621,552,0,2,1,0,609,2,,
18055572950178052,17841402591799685,alcaldiadetulua,"Alcaldía de Tuluá",,15,"09/02/2025 08:19",,"Historia de Instagram",,Total,631,561,2,0,1,0,618,,,
18021025865558852,17841402591799685,alcaldiadetulua,"Alcaldía de Tuluá",,15,"09/02/2025 07:45",,"Historia de Instagram",,Total,695,596,4,0,1,0,620,,,
18048394055299098,17841402591799685,alcaldiadetulua,"Alcaldía de Tuluá",,15,"09/01/2025 16:26",,"Historia de Instagram",,Total,588,504,1,1,1,0,553,,,
18070742084130994,17841402591799685,alcaldiadetulua,"Alcaldía de Tuluá","Así avanza el EL INTERCAMBIADOR😎✌🏽",15,"09/01/2025 15:36",,"Historia de Instagram",,Total,1408,1031,1,0,1,1,519,,,
17855710392458122,17841402591799685,alcaldiadetulua,"Alcaldía de Tuluá",,15,"09/01/2025 14:25",,"Historia de Instagram",,Total,545,494,2,0,,0,541,,,
17874281358409284,17841402591799685,alcaldiadetulua,"Alcaldía de Tuluá",,11,"09/01/2025 14:25",,"Historia de Instagram",,Total,570,506,2,0,,0,554,,19,
18382854988126525,17841402591799685,alcaldiadetulua,"Alcaldía de Tuluá",,15,"09/01/2025 14:16",,"Historia de Instagram",,Total,563,515,3,0,,1,557,,,
17934872583072663,17841402591799685,alcaldiadetulua,"Alcaldía de Tuluá",,15,"09/01/2025 14:16",,"Historia de Instagram",,Total,568,525,2,0,,0,559,,,
18130497712456087,17841402591799685,alcaldiadetulua,"Alcaldía de Tuluá",,15,"09/01/2025 14:16",,"Historia de Instagram",,Total,641,531,3,0,,0,639,,,
17925020783997016,17841402591799685,alcaldiadetulua,"Alcaldía de Tuluá",,11,"09/01/2025 13:49",,"Historia de Instagram",,Total,695,564,9,8,,1,638,,,
18079416445946829,17841402591799685,alcaldiadetulua,"Alcaldía de Tuluá",,31,"09/01/2025 11:34",,"Historia de Instagram",,Total,655,587,4,0,4,0,625,,,
17924916581999931,17841402591799685,alcaldiadetulua,"Alcaldía de Tuluá",,15,"09/01/2025 06:50",,"Historia de Instagram",,Total,797,719,5,0,2,0,739,,,
18030369200651477,17841402591799685,alcaldiadetulua,"Alcaldía de Tuluá",,0,"08/31/2025 10:57",,"Historia de Instagram",,Total,814,738,2,1,,0,790,,,
17884780800360619,17841402591799685,alcaldiadetulua,"Alcaldía de Tuluá",,0,"08/31/2025 10:56",,"Historia de Instagram",,Total,850,770,5,2,1,0,798,,,
18081647581942690,17841402591799685,alcaldiadetulua,"Alcaldía de Tuluá",,0,"08/31/2025 10:56",,"Historia de Instagram",,Total,880,788,5,1,,0,843,,,
18074728181094796,17841402591799685,alcaldiadetulua,"Alcaldía de Tuluá","Atención Programas Nacionales ✅ Colombia Mayor 
Renta Ciudadana - Renta Joven",11,"08/31/2025 08:06",,"Historia de Instagram",,Total,756,665,4,0,1,0,639,,,
18321434851239142,17841402591799685,alcaldiadetulua,"Alcaldía de Tuluá",,0,"08/31/2025 07:50",,"Historia de Instagram",,Total,719,638,6,1,,0,678,,,
17970067292927985,17841402591799685,alcaldiadetulua,"Alcaldía de Tuluá",,12,"08/31/2025 07:42",,"Historia de Instagram",,Total,734,640,7,0,,0,685,4,,
18367804909146214,17841402591799685,alcaldiadetulua,"Alcaldía de Tuluá",,15,"08/31/2025 07:41",,"Historia de Instagram",,Total,739,646,6,0,,0,738,,,
17865021060451630,17841402591799685,alcaldiadetulua,"Alcaldía de Tuluá","Ven y visita nuestros  PUNTOS INNOVA✌🏽 ¿Quieres aprender a volar dron?😎 @puntosinnova",14,"08/31/2025 07:33",,"Historia de Instagram",,Total,842,724,5,0,,0,702,4,,
18063386264585463,17841402591799685,alcaldiadetulua,"Alcaldía de Tuluá",,0,"08/31/2025 07:27",,"Historia de Instagram",,Total,871,728,5,1,,0,656,,,
18137076598385911,17841402591799685,alcaldiadetulua,"Alcaldía de Tuluá","Una mañana de mucha diversión y recreación para las familias ✨💙 @tuluaculturacol_",9,"08/31/2025 07:27",,"Historia de Instagram",,Total,888,740,8,0,,0,678,,,
18050162132546561,17841402591799685,alcaldiadetulua,"Alcaldía de Tuluá",,0,"08/23/2025 09:19",,"Historia de Instagram",,Total,648,584,7,0,,0,601,,,
18116913796502203,17841402591799685,alcaldiadetulua,"Alcaldía de Tuluá","Hoy en 📍Porvenir",11,"08/23/2025 06:54",,"Historia de Instagram",,Total,609,539,4,0,1,0,577,,,
18126683842465537,17841402591799685,alcaldiadetulua,"Alcaldía de Tuluá",,46,"08/31/2025 06:51",,"Historia de Instagram",,Total,953,794,8,0,2,4,783,7,,
18109230268555697,17841402591799685,alcaldiadetulua,"Alcaldía de Tuluá","Estamos embelleciendo los espacios en 📍La Marina  @EMTULUA",11,"08/31/2025 06:46",,"Historia de Instagram",,Total,849,749,5,0,,0,689,2,,
17982045932735108,17841402591799685,alcaldiadetulua,"Alcaldía de Tuluá","Atención Primaria en Salud y Plan de Intervenciones Colectivas ✅🙌🏼 Al servicio de la comunidad ✨😎",4,"08/31/2025 06:39",,"Historia de Instagram",,Total,1037,844,4,1,,0,657,,,
18077657650824613,17841402591799685,alcaldiadetulua,"Alcaldía de Tuluá","¡Y mucho más! ✅Atención Primaria en Salud
✅SISBÉN
✅Arte y Cultura
✅Puntos INNOVA 
✅Música",21,"08/31/2025 06:28",,"Historia de Instagram",,Total,1213,940,5,0,1,1,773,,,1
17931522909086369,17841402591799685,alcaldiadetulua,"Alcaldía de Tuluá","Mercado Campesino🍅🍊🍋 Ven y visita nuestro 📍 Polideportivo Central La Marina",5,"08/31/2025 06:18",,"Historia de Instagram",,Total,1337,1033,6,1,,1,706,,,
18072099227122236,17841402591799685,alcaldiadetulua,"Alcaldía de Tuluá","¡Ya estamos activos!  Ven ahora🙌🏼",7,"08/31/2025 06:11",,"Historia de Instagram",,Total,1275,980,8,0,,1,708,,,
18036745196466716,17841402591799685,alcaldiadetulua,"Alcaldía de Tuluá",,15,"08/30/2025 16:11",,"Historia de Instagram",,Total,689,577,3,0,2,0,620,,,
18021162536741894,17841402591799685,alcaldiadetulua,"Alcaldía de Tuluá",,0,"08/30/2025 14:07",,"Historia de Instagram",,Total,585,529,6,0,,0,578,,,
18046396844642898,17841402591799685,alcaldiadetulua,"Alcaldía de Tuluá","¡Seguimos en nuestros talleres de creación de cometas! 💫 🪁 Aún estás a tiempo de llegar✌🏽😎 @labakana103.1 ¡Todavía puedes inscribirte! ✌🏽🤩",24,"08/30/2025 14:05",,"Historia de Instagram",,Total,614,538,4,0,,0,596,,,
18078513959298180,17841402591799685,alcaldiadetulua,"Alcaldía de Tuluá",,15,"08/30/2025 13:22",,"Historia de Instagram",,Total,606,538,5,0,,0,596,,,
17929831833007935,17841402591799685,alcaldiadetulua,"Alcaldía de Tuluá","GRAN FESTIVAL DE COMETAS 🪁💫 Este 6 de septiembre ✌🏽✌🏽 Creando las cometas que vamos a volar en el",21,"08/30/2025 13:18",,"Historia de Instagram",,Total,1890,1328,10,0,,0,610,2,,
18517496788039315,17841402591799685,alcaldiadetulua,"Alcaldía de Tuluá",,11,"08/30/2025 09:49",,"Historia de Instagram",,Total,966,724,3,0,,0,596,,,
17956537508995610,17841402591799685,alcaldiadetulua,"Alcaldía de Tuluá",,5,"08/30/2025 08:34",,"Historia de Instagram",,Total,578,483,3,0,,0,526,8,,
18063133571048526,17841402591799685,alcaldiadetulua,"Alcaldía de Tuluá",,18,"08/30/2025 08:29",,"Historia de Instagram",,Total,545,485,4,0,,0,525,,,
18058473659110768,17841402591799685,alcaldiadetulua,"Alcaldía de Tuluá",,17,"08/30/2025 08:29",,"Historia de Instagram",,Total,555,497,3,0,,0,541,,,
18414419041105757,17841402591799685,alcaldiadetulua,"Alcaldía de Tuluá","¡TE ESPERAMOS! 😎✌🏽",15,"08/30/2025 08:28",,"Historia de Instagram",,Total,587,509,3,0,,0,572,9,,
18067019687227669,17841402591799685,alcaldiadetulua,"Alcaldía de Tuluá","NOS VEMOS MAÑANA ✌🏽😎",11,"08/30/2025 06:00",,"Historia de Instagram",,Total,536,462,3,0,,0,522,,,
17980880459861790,17841402591799685,alcaldiadetulua,"Alcaldía de Tuluá","Encuentro comunitario por la Convivencia ✌🏽✅💪🏼",15,"08/30/2025 05:53",,"Historia de Instagram",,Total,575,497,4,0,1,0,559,,,
18110240170542263,17841402591799685,alcaldiadetulua,"Alcaldía de Tuluá",,15,"08/29/2025 19:29",,"Historia de Instagram",,Total,586,473,3,0,1,1,551,5,,
18093266032672597,17841402591799685,alcaldiadetulua,"Alcaldía de Tuluá",,15,"08/29/2025 16:58",,"Historia de Instagram",,Total,821,639,2,0,1,0,496,,,
17850726075539222,17841402591799685,alcaldiadetulua,"Alcaldía de Tuluá",,0,"08/29/2025 16:11",,"Historia de Instagram",,Total,507,430,1,0,,0,498,,,
18091543150688626,17841402591799685,alcaldiadetulua,"Alcaldía de Tuluá",,0,"08/29/2025 16:11",,"Historia de Instagram",,Total,493,428,3,0,,0,454,,,
18338893288167472,17841402591799685,alcaldiadetulua,"Alcaldía de Tuluá","Nuestras candidatas desfilando trajes realizados con materiales Totalmente reciclados y ecológicos ♻️",25,"08/29/2025 16:11",,"Historia de Instagram",,Total,495,441,4,0,,0,465,,,
18203541964309629,17841402591799685,alcaldiadetulua,"Alcaldía de Tuluá",,0,"08/29/2025 15:10",,"Historia de Instagram",,Total,448,400,1,0,,0,432,,,
17979387617745767,17841402591799685,alcaldiadetulua,"Alcaldía de Tuluá",,0,"08/29/2025 15:10",,"Historia de Instagram",,Total,444,401,4,1,,0,432,,,
18291778435250382,17841402591799685,alcaldiadetulua,"Alcaldía de Tuluá",,0,"08/29/2025 15:10",,"Historia de Instagram",,Total,456,404,3,1,,0,430,,,
18524352754004597,17841402591799685,alcaldiadetulua,"Alcaldía de Tuluá",,0,"08/29/2025 15:09",,"Historia de Instagram",,Total,438,403,4,0,,0,421,,,
17891102388333186,17841402591799685,alcaldiadetulua,"Alcaldía de Tuluá",,0,"08/29/2025 15:09",,"Historia de Instagram",,Total,439,401,2,1,,0,425,,,
18155005636378399,17841402591799685,alcaldiadetulua,"Alcaldía de Tuluá",,0,"08/29/2025 15:09",,"Historia de Instagram",,Total,448,406,2,0,,0,439,,,
18052512233630546,17841402591799685,alcaldiadetulua,"Alcaldía de Tuluá",,0,"08/29/2025 15:09",,"Historia de Instagram",,Total,446,407,3,0,,0,426,,,
18012227543782347,17841402591799685,alcaldiadetulua,"Alcaldía de Tuluá",,0,"08/29/2025 15:09",,"Historia de Instagram",,Total,435,403,3,0,,0,420,,,
18529856617010007,17841402591799685,alcaldiadetulua,"Alcaldía de Tuluá",,0,"08/29/2025 15:09",,"Historia de Instagram",,Total,447,415,2,0,,0,436,,,
18173280604358500,17841402591799685,alcaldiadetulua,"Alcaldía de Tuluá",,0,"08/29/2025 15:09",,"Historia de Instagram",,Total,465,424,3,0,,0,436,,,
18530984596021583,17841402591799685,alcaldiadetulua,"Alcaldía de Tuluá",,0,"08/29/2025 15:09",,"Historia de Instagram",,Total,459,424,1,0,,0,438,,,
17859559731473388,17841402591799685,alcaldiadetulua,"Alcaldía de Tuluá",,0,"08/29/2025 15:09",,"Historia de Instagram",,Total,454,425,2,0,,0,442,,,
18413494057110340,17841402591799685,alcaldiadetulua,"Alcaldía de Tuluá",,0,"08/29/2025 15:09",,"Historia de Instagram",,Total,459,428,2,0,,0,444,,,
18054153197400676,17841402591799685,alcaldiadetulua,"Alcaldía de Tuluá",,0,"08/29/2025 15:08",,"Historia de Instagram",,Total,467,429,2,0,,0,448,,,
17945944377016892,17841402591799685,alcaldiadetulua,"Alcaldía de Tuluá",,0,"08/29/2025 15:08",,"Historia de Instagram",,Total,471,431,2,0,,0,445,,,
18238345624292104,17841402591799685,alcaldiadetulua,"Alcaldía de Tuluá",,0,"08/29/2025 15:08",,"Historia de Instagram",,Total,479,439,1,0,,0,460,2,,
18056200133434404,17841402591799685,alcaldiadetulua,"Alcaldía de Tuluá",,33,"08/29/2025 15:08",,"Historia de Instagram",,Total,497,447,2,0,1,1,489,2,,
18088965385793543,17841402591799685,alcaldiadetulua,"Alcaldía de Tuluá","Nuestras candidatas ✨👑",27,"08/29/2025 15:07",,"Historia de Instagram",,Total,500,452,10,0,,0,447,,,
18180511915327258,17841402591799685,alcaldiadetulua,"Alcaldía de Tuluá","Mucha alegría en el Reinado del  ADULTO MAYOR 💫✨",11,"08/29/2025 15:05",,"Historia de Instagram",,Total,500,454,4,0,,0,482,,,
18016311041777508,17841402591799685,alcaldiadetulua,"Alcaldía de Tuluá",,0,"08/29/2025 14:58",,"Historia de Instagram",,Total,504,449,5,0,,0,473,2,,
18122583466485264,17841402591799685,alcaldiadetulua,"Alcaldía de Tuluá",,0,"08/29/2025 14:57",,"Historia de Instagram",,Total,528,457,4,0,,0,443,,,
18217867429307208,17841402591799685,alcaldiadetulua,"Alcaldía de Tuluá",,0,"08/29/2025 14:57",,"Historia de Instagram",,Total,549,469,2,0,,0,519,1,,
18137939821438181,17841402591799685,alcaldiadetulua,"Alcaldía de Tuluá",,0,"08/29/2025 14:57",,"Historia de Instagram",,Total,582,473,2,2,,0,562,2,,
18099210979720587,17841402591799685,alcaldiadetulua,"Alcaldía de Tuluá","Con @apccolombia, @usbcali, @gobiernousbcali @ugalileo_edu @segeplan y @sedecvalle 🤝🏼🧳",6,"08/29/2025 13:31",,"Historia de Instagram",,Total,1371,928,4,0,,0,501,2,,
18011163497789941,17841402591799685,alcaldiadetulua,"Alcaldía de Tuluá","Cooperación Internacional ✈️🤝🏼 Construcción de Capacidades para Fomentar la Proyecto: Encuentro con aliados de Guatemala 🇬🇹 y Colombia 🇨🇴 junto a @apccolombia, @usbcali, @gobiernousbcali, @ugalileo_edu, @segeplan y @sedecvalle 🤝💼",7,"08/29/2025 13:25",,"Historia de Instagram",,Total,697,593,4,0,3,0,495,,,
18071379107469672,17841402591799685,alcaldiadetulua,"Alcaldía de Tuluá","¡ÚLTIMO DÍA PARA INSCRIBIRTE! Nos vemos mañana 😎",15,"08/29/2025 11:13",,"Historia de Instagram",,Total,571,466,4,0,1,0,556,,,
17862764514398295,17841402591799685,alcaldiadetulua,"Alcaldía de Tuluá","HOY ÚLTIMO DÍA ⬇️⬇️⬇️",0,"08/29/2025 11:10",,"Historia de Instagram",,Total,581,480,3,0,,0,565,,,
18041903714655699,17841402591799685,alcaldiadetulua,"Alcaldía de Tuluá",,0,"08/29/2025 11:02",,"Historia de Instagram",,Total,592,498,2,1,,0,562,,,
17858558598480510,17841402591799685,alcaldiadetulua,"Alcaldía de Tuluá",,15,"08/29/2025 11:02",,"Historia de Instagram",,Total,603,509,5,0,,0,549,,,
17936465804949052,17841402591799685,alcaldiadetulua,"Alcaldía de Tuluá",,15,"08/29/2025 11:02",,"Historia de Instagram",,Total,622,517,3,0,,0,576,,,
18095889664567226,17841402591799685,alcaldiadetulua,"Alcaldía de Tuluá","Los habitantes de Siete Vueltas  ESTRENAN CASAS🏠",15,"08/29/2025 10:57",,"Historia de Instagram",,Total,659,539,6,0,,0,611,,,
17904152388239331,17841402591799685,alcaldiadetulua,"Alcaldía de Tuluá","Estamos pavimentando 📍El Intercambiador de la Carrera 40 Obras  #ParaSerFelices 💙",11,"08/29/2025 09:16",,"Historia de Instagram",,Total,676,540,7,0,,0,630,,,
18039458885416575,17841402591799685,alcaldiadetulua,"Alcaldía de Tuluá","Hoy hoy hoy ⬇️⬇️⬇️",15,"08/29/2025 05:01",,"Historia de Instagram",,Total,642,521,6,0,,1,621,,,
17917826829153459,17841402591799685,alcaldiadetulua,"Alcaldía de Tuluá",,11,"08/29/2025 04:56",,"Historia de Instagram",,Total,637,548,4,0,,0,610,,,
17974816607919225,17841402591799685,alcaldiadetulua,"Alcaldía de Tuluá",,0,"08/28/2025 18:07",,"Historia de Instagram",,Total,624,537,9,0,3,1,597,4,,
18041333051670475,17841402591799685,alcaldiadetulua,"Alcaldía de Tuluá",,0,"08/28/2025 18:07",,"Historia de Instagram",,Total,625,551,5,0,,1,615,4,,
17891670771315422,17841402591799685,alcaldiadetulua,"Alcaldía de Tuluá",,0,"08/28/2025 18:06",,"Historia de Instagram",,Total,629,556,4,0,1,0,592,8,,
18495262699066745,17841402591799685,alcaldiadetulua,"Alcaldía de Tuluá",,0,"08/28/2025 18:06",,"Historia de Instagram",,Total,637,556,3,0,,0,613,2,,
17851450911537644,17841402591799685,alcaldiadetulua,"Alcaldía de Tuluá",,0,"08/28/2025 18:06",,"Historia de Instagram",,Total,651,569,8,1,1,0,618,2,,
18075861551063499,17841402591799685,alcaldiadetulua,"Alcaldía de Tuluá",,0,"08/28/2025 18:06",,"Historia de Instagram",,Total,651,572,4,0,,1,624,,,
17846604954555407,17841402591799685,alcaldiadetulua,"Alcaldía de Tuluá",,0,"08/28/2025 18:06",,"Historia de Instagram",,Total,734,587,6,0,2,1,657,,,
18528620125020129,17841402591799685,alcaldiadetulua,"Alcaldía de Tuluá","Conoce el nuevo CAMBIO VIAL‼️",15,"08/28/2025 17:05",,"Historia de Instagram",,Total,877,643,4,2,4,0,709,,,
18160338343375639,17841402591799685,alcaldiadetulua,"Alcaldía de Tuluá",,15,"08/28/2025 10:01",,"Historia de Instagram",,Total,745,612,4,0,1,0,709,9,,
18174273064350967,17841402591799685,alcaldiadetulua,"Alcaldía de Tuluá",,11,"08/28/2025 10:00",,"Historia de Instagram",,Total,744,636,3,0,,0,714,,,
18059915312093671,17841402591799685,alcaldiadetulua,"Alcaldía de Tuluá",,15,"08/28/2025 08:38",,"Historia de Instagram",,Total,764,636,5,1,2,0,690,,,
17849094678542006,17841402591799685,alcaldiadetulua,"Alcaldía de Tuluá","Caravanas por la Vida✅✌🏽💪🏼",23,"08/27/2025 21:22",,"Historia de Instagram",,Total,849,706,6,0,1,0,679,,,
18073750739015115,17841402591799685,alcaldiadetulua,"Alcaldía de Tuluá","Conoce la historia de  ALEJANDRO ✨✌🏽",15,"08/27/2025 18:00",,"Historia de Instagram",,Total,1901,1374,7,0,1,0,610,,,
18110026432553753,17841402591799685,alcaldiadetulua,"Alcaldía de Tuluá","ESTE DOMINGO ⬇️",11,"08/27/2025 14:37",,"Historia de Instagram",,Total,575,498,3,0,,0,566,,,
18066028030984730,17841402591799685,alcaldiadetulua,"Alcaldía de Tuluá",,59,"08/27/2025 14:12",,"Historia de Instagram",,Total,620,503,6,0,,0,597,25,,
18045271004328455,17841402591799685,alcaldiadetulua,"Alcaldía de Tuluá",,11,"08/27/2025 13:54",,"Historia de Instagram",,Total,676,542,5,0,2,0,626,,,
18305105425223393,17841402591799685,alcaldiadetulua,"Alcaldía de Tuluá",,15,"08/27/2025 10:30",,"Historia de Instagram",,Total,501,422,5,0,,0,458,,,
18098742250616077,17841402591799685,alcaldiadetulua,"Alcaldía de Tuluá",,0,"08/27/2025 10:29",,"Historia de Instagram",,Total,504,428,7,0,,0,458,3,,
17875283886407232,17841402591799685,alcaldiadetulua,"Alcaldía de Tuluá",,0,"08/27/2025 10:29",,"Historia de Instagram",,Total,498,429,11,0,,0,474,,,
17937388152065657,17841402591799685,alcaldiadetulua,"Alcaldía de Tuluá",,0,"08/27/2025 10:29",,"Historia de Instagram",,Total,515,429,2,0,,0,495,,,
17874216786407889,17841402591799685,alcaldiadetulua,"Alcaldía de Tuluá",,0,"08/27/2025 10:28",,"Historia de Instagram",,Total,534,431,4,0,,0,522,2,,
18031423958651481,17841402591799685,alcaldiadetulua,"Alcaldía de Tuluá",,0,"08/27/2025 10:28",,"Historia de Instagram",,Total,518,438,4,0,,0,505,4,,
17914932036179274,17841402591799685,alcaldiadetulua,"Alcaldía de Tuluá",,0,"08/27/2025 10:28",,"Historia de Instagram",,Total,523,444,5,0,,0,511,2,,
18068909203911185,17841402591799685,alcaldiadetulua,"Alcaldía de Tuluá",,15,"08/27/2025 10:23",,"Historia de Instagram",,Total,538,444,3,0,,0,532,,,
18075301376008782,17841402591799685,alcaldiadetulua,"Alcaldía de Tuluá","Con arte y cultura💃🎶 Mostramos a Tuluá como epicentro del turismo✌🏽💙",26,"08/27/2025 10:04",,"Historia de Instagram",,Total,532,438,6,0,,0,507,,,
18352749529086536,17841402591799685,alcaldiadetulua,"Alcaldía de Tuluá","¡Nos vemos este sábado, 6 de septiembre!💪🏼😎",15,"08/27/2025 08:26",,"Historia de Instagram",,Total,506,419,4,0,,0,496,,,
18075530468479539,17841402591799685,alcaldiadetulua,"Alcaldía de Tuluá","Hablando de desarrollo y turismo en Tuluá✅💪🏼 @miyerlandit",8,"08/27/2025 08:26",,"Historia de Instagram",,Total,518,434,4,0,,0,469,1,,
18075183290001783,17841402591799685,alcaldiadetulua,"Alcaldía de Tuluá","Hoy estamos en el ENCUENTRO DEPARTAMENTAL DE AUTORIDADES EL TURISMO✌🏽💪🏼 Con la Secretaria de Turismo del Valle del Cauca @miyerlandit ✌🏽",15,"08/27/2025 08:20",,"Historia de Instagram",,Total,942,794,8,0,1,0,471,5,,
18049572554276081,17841402591799685,alcaldiadetulua,"Alcaldía de Tuluá",,0,"08/27/2025 07:51",,"Historia de Instagram",,Total,499,436,2,0,,0,469,,,
18042340382351360,17841402591799685,alcaldiadetulua,"Alcaldía de Tuluá","Celebramos la SEMANA DEL ADULTO MAYOR💙✌🏽",15,"08/27/2025 07:14",,"Historia de Instagram",,Total,475,435,2,0,1,0,457,,,
18084098152715405,17841402591799685,alcaldiadetulua,"Alcaldía de Tuluá","¡Inscríbete ahora!",15,"08/27/2025 06:48",,"Historia de Instagram",,Total,501,451,1,0,,0,476,,,
18052207535216775,17841402591799685,alcaldiadetulua,"Alcaldía de Tuluá","Hoy la cita es en el Nos vemos 😎✌🏽",15,"08/27/2025 05:41",,"Historia de Instagram",,Total,564,479,1,0,3,0,531,,,1
18047114099642669,17841402591799685,alcaldiadetulua,"Alcaldía de Tuluá",,0,"08/26/2025 12:51",,"Historia de Instagram",,Total,525,426,4,1,1,0,496,6,,
18077379410299430,17841402591799685,alcaldiadetulua,"Alcaldía de Tuluá",,0,"08/26/2025 12:48",,"Historia de Instagram",,Total,518,450,5,1,,0,510,,,
18075872189053321,17841402591799685,alcaldiadetulua,"Alcaldía de Tuluá",,0,"08/26/2025 12:48",,"Historia de Instagram",,Total,546,466,5,0,1,0,535,,,
18113700553516940,17841402591799685,alcaldiadetulua,"Alcaldía de Tuluá",,15,"08/26/2025 11:37",,"Historia de Instagram",,Total,543,475,6,3,,0,532,,,
17982639680849615,17841402591799685,alcaldiadetulua,"Alcaldía de Tuluá",,15,"08/26/2025 11:36",,"Historia de Instagram",,Total,544,480,7,0,,0,526,,,
18064618349252857,17841402591799685,alcaldiadetulua,"Alcaldía de Tuluá",,16,"08/26/2025 11:36",,"Historia de Instagram",,Total,563,490,4,2,,0,546,7,,
18054371171452539,17841402591799685,alcaldiadetulua,"Alcaldía de Tuluá",,0,"08/26/2025 11:36",,"Historia de Instagram",,Total,551,494,4,0,,0,536,,,
18049110869280493,17841402591799685,alcaldiadetulua,"Alcaldía de Tuluá",,15,"08/26/2025 11:36",,"Historia de Instagram",,Total,565,511,4,0,1,0,557,,,
18075761566996936,17841402591799685,alcaldiadetulua,"Alcaldía de Tuluá",,15,"08/26/2025 10:05",,"Historia de Instagram",,Total,617,540,6,0,,0,597,,,
18092374060680903,17841402591799685,alcaldiadetulua,"Alcaldía de Tuluá","Después de ser golpeado por vehículo 🚗  Realizando reinstalación y mantenimiento a semáforo de la zona céntrica 🚦",11,"08/26/2025 08:36",,"Historia de Instagram",,Total,853,679,5,1,,0,654,,,
18054377663574206,17841402591799685,alcaldiadetulua,"Alcaldía de Tuluá","Celebremos la semana del ADULTO MAYOR✌🏽💙",15,"08/26/2025 06:21",,"Historia de Instagram",,Total,665,585,2,0,,0,621,,,
18049743854555372,17841402591799685,alcaldiadetulua,"Alcaldía de Tuluá","Estamos conformando la vía🚧 📍El Paraíso - Los Caímos",11,"08/25/2025 16:59",,"Historia de Instagram",,Total,646,552,5,0,,0,619,,,
17894273850292579,17841402591799685,alcaldiadetulua,"Alcaldía de Tuluá",,15,"08/25/2025 16:52",,"Historia de Instagram",,Total,652,573,2,0,,0,625,,,
18088437793696322,17841402591799685,alcaldiadetulua,"Alcaldía de Tuluá",,60,"08/25/2025 16:17",,"Historia de Instagram",,Total,659,563,4,0,1,1,638,,,
18091430941739302,17841402591799685,alcaldiadetulua,"Alcaldía de Tuluá",,11,"08/25/2025 14:52",,"Historia de Instagram",,Total,637,560,4,0,1,2,619,,13,
18153875239387177,17841402591799685,alcaldiadetulua,"Alcaldía de Tuluá","RENTA CIUDADANA ✅✌🏽 Madres beneficiarias conocieron",15,"08/25/2025 14:46",,"Historia de Instagram",,Total,690,583,5,0,,0,651,,,
18066505150983989,17841402591799685,alcaldiadetulua,"Alcaldía de Tuluá","¡Nos vemos!😎",11,"08/25/2025 13:47",,"Historia de Instagram",,Total,728,607,7,0,,1,680,,,
18054441485427284,17841402591799685,alcaldiadetulua,"Alcaldía de Tuluá",,15,"08/25/2025 09:39",,"Historia de Instagram",,Total,650,569,6,0,1,0,598,,,
17895274740297204,17841402591799685,alcaldiadetulua,"Alcaldía de Tuluá","@policiavalledelcauca  @policiadecolombia ✌🏽🙏🏼💙 ¡Gracias!",34,"08/25/2025 08:10",,"Historia de Instagram",,Total,681,599,2,0,,0,656,4,,
18478832281075509,17841402591799685,alcaldiadetulua,"Alcaldía de Tuluá","Desde mañana 😎✌🏽",15,"08/25/2025 07:29",,"Historia de Instagram",,Total,724,639,5,0,2,0,688,,,
18291585877254132,17841402591799685,alcaldiadetulua,"Alcaldía de Tuluá","Acompañando al FESTIVAL DE COMETAS 🪁💫 📍Barrio Popular",52,"08/24/2025 17:25",,"Historia de Instagram",,Total,1615,1243,3,0,,0,1009,,,
18153558010391728,17841402591799685,alcaldiadetulua,"Alcaldía de Tuluá",,0,"08/24/2025 16:16",,"Historia de Instagram",,Total,1169,1016,4,0,3,0,1135,7,,
17969076992937990,17841402591799685,alcaldiadetulua,"Alcaldía de Tuluá",,11,"08/24/2025 12:05",,"Historia de Instagram",,Total,3323,2249,18,3,2,0,1388,,,
18076807786795437,17841402591799685,alcaldiadetulua,"Alcaldía de Tuluá",,11,"08/24/2025 12:01",,"Historia de Instagram",,Total,1487,1264,13,0,,0,1401,,,
18095321734652148,17841402591799685,alcaldiadetulua,"Alcaldía de Tuluá",,0,"08/23/2025 20:59",,"Historia de Instagram",,Total,1122,990,8,0,2,0,1070,2,,
18054817001622693,17841402591799685,alcaldiadetulua,"Alcaldía de Tuluá","Conoce las noticias de esta Semana ✅✌🏽",15,"08/23/2025 16:00",,"Historia de Instagram",,Total,891,779,4,0,3,0,813,,,
18040023719401057,17841402591799685,alcaldiadetulua,"Alcaldía de Tuluá",,0,"08/23/2025 14:40",,"Historia de Instagram",,Total,744,692,3,0,,0,726,,,
18065024767992874,17841402591799685,alcaldiadetulua,"Alcaldía de Tuluá",,0,"08/23/2025 14:40",,"Historia de Instagram",,Total,760,705,5,0,,0,723,,,
18073481651020239,17841402591799685,alcaldiadetulua,"Alcaldía de Tuluá",,0,"08/23/2025 14:40",,"Historia de Instagram",,Total,840,742,5,0,2,0,794,2,,
17916212976168715,17841402591799685,alcaldiadetulua,"Alcaldía de Tuluá",,0,"08/23/2025 11:38",,"Historia de Instagram",,Total,689,621,8,0,1,0,609,,,
18340299442160535,17841402591799685,alcaldiadetulua,"Alcaldía de Tuluá","Capacitando a los Vocales de Control✅",15,"08/23/2025 10:30",,"Historia de Instagram",,Total,563,515,0,0,2,0,545,,,
17928144797981175,17841402591799685,alcaldiadetulua,"Alcaldía de Tuluá",,5,"08/23/2025 10:06",,"Historia de Instagram",,Total,1326,959,2,0,1,0,547,,2,
17941225662048480,17841402591799685,alcaldiadetulua,"Alcaldía de Tuluá",,11,"08/23/2025 10:05",,"Historia de Instagram",,Total,981,804,3,0,,0,583,,,
17960344844823256,17841402591799685,alcaldiadetulua,"Alcaldía de Tuluá",,9,"08/23/2025 09:24",,"Historia de Instagram",,Total,606,526,1,0,,0,569,9,,
17931945918091488,17841402591799685,alcaldiadetulua,"Alcaldía de Tuluá",,0,"08/23/2025 09:19",,"Historia de Instagram",,Total,602,544,5,0,2,0,583,3,,
17930133882095098,17841402591799685,alcaldiadetulua,"Alcaldía de Tuluá",,0,"08/23/2025 09:19",,"Historia de Instagram",,Total,606,548,5,0,,0,595,6,,
17967724826793879,17841402591799685,alcaldiadetulua,"Alcaldía de Tuluá",,0,"08/23/2025 09:19",,"Historia de Instagram",,Total,612,564,4,0,,0,595,,,
17864136801378740,17841402591799685,alcaldiadetulua,"Alcaldía de Tuluá","Recuperación del espacio público en diferentes sectores de nuestro municipio ✌🏽✅",28,"08/08/2025 16:07",,"Historia de Instagram",,Total,868,781,14,0,3,2,806,,,
18069805445142230,17841402591799685,alcaldiadetulua,"Alcaldía de Tuluá",,0,"08/08/2025 12:29",,"Historia de Instagram",,Total,630,579,8,0,,0,596,2,,
17852625030530510,17841402591799685,alcaldiadetulua,"Alcaldía de Tuluá","Llegamos a 📍Monteloro Con la Ruta de la Felicidad💙🤩",15,"08/22/2025 16:30",,"Historia de Instagram",,Total,555,492,4,0,,0,539,,,
17870526189423046,17841402591799685,alcaldiadetulua,"Alcaldía de Tuluá",,0,"08/22/2025 14:49",,"Historia de Instagram",,Total,545,488,3,0,2,0,537,,,
18102484477602171,17841402591799685,alcaldiadetulua,"Alcaldía de Tuluá",,15,"08/22/2025 14:49",,"Historia de Instagram",,Total,555,507,3,0,,0,551,,,
18051232985223749,17841402591799685,alcaldiadetulua,"Alcaldía de Tuluá",,11,"08/22/2025 13:47",,"Historia de Instagram",,Total,566,506,4,1,,0,550,,5,
18079980967933189,17841402591799685,alcaldiadetulua,"Alcaldía de Tuluá",,15,"08/22/2025 12:59",,"Historia de Instagram",,Total,577,502,6,0,,0,569,11,,
18109226329534853,17841402591799685,alcaldiadetulua,"Alcaldía de Tuluá",,0,"08/22/2025 12:59",,"Historia de Instagram",,Total,590,509,5,0,1,0,581,3,,
17906534439216500,17841402591799685,alcaldiadetulua,"Alcaldía de Tuluá",,0,"08/22/2025 12:53",,"Historia de Instagram",,Total,622,518,5,0,,0,610,,,
18132902680399901,17841402591799685,alcaldiadetulua,"Alcaldía de Tuluá",,15,"08/22/2025 12:52",,"Historia de Instagram",,Total,658,539,7,0,1,0,623,,,
17968630202937803,17841402591799685,alcaldiadetulua,"Alcaldía de Tuluá",,15,"08/22/2025 12:08",,"Historia de Instagram",,Total,663,559,7,0,3,0,547,,,
18146904874405402,17841402591799685,alcaldiadetulua,"Alcaldía de Tuluá",,11,"08/22/2025 08:28",,"Historia de Instagram",,Total,668,548,2,0,1,0,584,,,
18089463739796691,17841402591799685,alcaldiadetulua,"Alcaldía de Tuluá",,15,"08/22/2025 06:16",,"Historia de Instagram",,Total,599,507,3,1,1,0,552,1,,
18058884935595022,17841402591799685,alcaldiadetulua,"Alcaldía de Tuluá",,15,"08/22/2025 06:16",,"Historia de Instagram",,Total,597,513,2,0,,2,541,,,
17931528452964253,17841402591799685,alcaldiadetulua,"Alcaldía de Tuluá",,20,"08/22/2025 06:15",,"Historia de Instagram",,Total,614,525,4,1,,0,591,5,,
18094943197653922,17841402591799685,alcaldiadetulua,"Alcaldía de Tuluá",,15,"08/22/2025 06:15",,"Historia de Instagram",,Total,632,541,3,0,,0,610,,,
17880620982376518,17841402591799685,alcaldiadetulua,"Alcaldía de Tuluá","Hoy nos vemos en",11,"08/22/2025 05:44",,"Historia de Instagram",,Total,639,566,5,0,1,0,607,,,
17851934847531162,17841402591799685,alcaldiadetulua,"Alcaldía de Tuluá",,15,"08/21/2025 15:27",,"Historia de Instagram",,Total,625,519,2,0,1,0,552,,,
18093657508723464,17841402591799685,alcaldiadetulua,"Alcaldía de Tuluá",,10,"08/21/2025 15:18",,"Historia de Instagram",,Total,629,544,3,0,,2,575,7,,
18283567714259622,17841402591799685,alcaldiadetulua,"Alcaldía de Tuluá",¡MAÑANA!😎✌🏽,11,"08/21/2025 12:59",,"Historia de Instagram",,Total,623,537,2,0,,0,597,,,
18041725520650057,17841402591799685,alcaldiadetulua,"Alcaldía de Tuluá",,0,"08/21/2025 10:31",,"Historia de Instagram",,Total,607,518,3,0,,0,580,,,
17904587439238245,17841402591799685,alcaldiadetulua,"Alcaldía de Tuluá",,0,"08/21/2025 10:31",,"Historia de Instagram",,Total,585,515,2,0,,0,581,,,
18068144419948528,17841402591799685,alcaldiadetulua,"Alcaldía de Tuluá",,11,"08/21/2025 10:21",,"Historia de Instagram",,Total,603,525,5,0,5,1,572,,,
18039503384392236,17841402591799685,alcaldiadetulua,"Alcaldía de Tuluá",,0,"08/21/2025 07:42",,"Historia de Instagram",,Total,566,481,3,0,2,0,542,6,,
17901239298250203,17841402591799685,alcaldiadetulua,"Alcaldía de Tuluá",,15,"08/21/2025 07:41",,"Historia de Instagram",,Total,565,498,4,0,1,0,554,,,
18236161075290530,17841402591799685,alcaldiadetulua,"Alcaldía de Tuluá","Nuevo Paso de la 34 Conectará comuna 5 y 6😎✅",15,"08/21/2025 07:38",,"Historia de Instagram",,Total,590,502,3,0,,0,519,,,
17977922594860520,17841402591799685,alcaldiadetulua,"Alcaldía de Tuluá",,15,"08/21/2025 07:24",,"Historia de Instagram",,Total,613,515,3,0,,0,604,,,
18029027279687555,17841402591799685,alcaldiadetulua,"Alcaldía de Tuluá","¡Hoy!🙌🏼 No te lo pierdas 🤩",11,"08/21/2025 07:23",,"Historia de Instagram",,Total,622,515,3,0,1,0,594,,,
18064989785465449,17841402591799685,alcaldiadetulua,"Alcaldía de Tuluá","NO TE PIERDAS EL Festival de Cometas 🪁💫 @labakana103.1",15,"08/21/2025 07:06",,"Historia de Instagram",,Total,631,529,4,0,1,0,580,,,
17864410905448000,17841402591799685,alcaldiadetulua,"Alcaldía de Tuluá",,11,"08/21/2025 06:40",,"Historia de Instagram",,Total,1327,972,6,0,1,0,608,,,
18021578504746306,17841402591799685,alcaldiadetulua,"Alcaldía de Tuluá",,15,"08/20/2025 19:25",,"Historia de Instagram",,Total,669,552,6,0,1,0,608,,,
18384993535124956,17841402591799685,alcaldiadetulua,"Alcaldía de Tuluá",,0,"08/20/2025 19:25",,"Historia de Instagram",,Total,661,565,3,0,1,0,654,,,
17868433740354541,17841402591799685,alcaldiadetulua,"Alcaldía de Tuluá",,15,"08/20/2025 19:24",,"Historia de Instagram",,Total,680,577,2,0,,0,669,,,
17860472448410716,17841402591799685,alcaldiadetulua,"Alcaldía de Tuluá","Conoce la nueva App 😎✌🏽",0,"08/20/2025 19:24",,"Historia de Instagram",,Total,685,592,3,0,,0,667,,,
18280614037273557,17841402591799685,alcaldiadetulua,"Alcaldía de Tuluá",,40,"08/20/2025 19:23",,"Historia de Instagram",,Total,742,627,6,2,1,0,689,,,
17966984741951828,17841402591799685,alcaldiadetulua,"Alcaldía de Tuluá",,15,"08/20/2025 11:14",,"Historia de Instagram",,Total,1394,963,2,0,,0,729,,,
18056940737375446,17841402591799685,alcaldiadetulua,"Alcaldía de Tuluá",,0,"08/20/2025 11:11",,"Historia de Instagram",,Total,727,631,4,0,1,0,721,,,
18472950967077439,17841402591799685,alcaldiadetulua,"Alcaldía de Tuluá",,33,"08/20/2025 11:11",,"Historia de Instagram",,Total,735,650,8,0,,1,719,,,
18313468915240927,17841402591799685,alcaldiadetulua,"Alcaldía de Tuluá",,0,"08/20/2025 11:10",,"Historia de Instagram",,Total,770,683,10,0,,1,743,,,
18061780121057238,17841402591799685,alcaldiadetulua,"Alcaldía de Tuluá",,15,"08/20/2025 11:10",,"Historia de Instagram",,Total,788,700,4,0,2,1,762,,,
17850387996536482,17841402591799685,alcaldiadetulua,"Alcaldía de Tuluá","Árbol especie: Por solicitud de la comunidad, y buscando el bienestar de los habitantes del sector💪🏼✅ FICUS ELÁSTICA o 
Árbol de Caucho 🌳",11,"08/20/2025 08:50",,"Historia de Instagram",,Total,1085,917,6,0,,0,1029,,,
18066656470951079,17841402591799685,alcaldiadetulua,"Alcaldía de Tuluá","📍 Barrio Victoria  Intervención de árbol 🌳 🚧  Que representaba peligro para la comunidad ‼️🚨",13,"08/20/2025 08:48",,"Historia de Instagram",,Total,1174,962,10,1,2,1,1057,,,
18084326269894676,17841402591799685,alcaldiadetulua,"Alcaldía de Tuluá",,11,"08/20/2025 07:35",,"Historia de Instagram",,Total,1292,1029,6,0,1,0,1177,,,
17852065539530018,17841402591799685,alcaldiadetulua,"Alcaldía de Tuluá","¿Qué esperas para participar?😎✌🏽 Plazo hasta el 29 de agosto🗓️",11,"08/19/2025 09:20",,"Historia de Instagram",,Total,1162,948,4,0,5,0,1098,,,
17963665247958505,17841402591799685,alcaldiadetulua,"Alcaldía de Tuluá","Barragán recibió la Ruta de la Felicidad 💙",15,"08/19/2025 07:37",,"Historia de Instagram",,Total,1476,1225,6,0,,0,1287,,,
17911000383191130,17841402591799685,alcaldiadetulua,"Alcaldía de Tuluá",,0,"08/17/2025 15:39",,"Historia de Instagram",,Total,1735,1478,7,1,4,0,1546,12,,
18101227039605457,17841402591799685,alcaldiadetulua,"Alcaldía de Tuluá",,0,"08/17/2025 15:38",,"Historia de Instagram",,Total,1738,1558,7,0,3,0,1665,2,,
18164642773362422,17841402591799685,alcaldiadetulua,"Alcaldía de Tuluá",,0,"08/17/2025 15:38",,"Historia de Instagram",,Total,1739,1599,7,0,,0,1669,2,,
18038269868426543,17841402591799685,alcaldiadetulua,"Alcaldía de Tuluá",,0,"08/17/2025 15:38",,"Historia de Instagram",,Total,1987,1782,8,0,7,0,1786,,,
18520022950002200,17841402591799685,alcaldiadetulua,"Alcaldía de Tuluá",,0,"08/16/2025 16:00",,"Historia de Instagram",,Total,1341,1169,7,0,5,0,1259,5,,
18086940943830815,17841402591799685,alcaldiadetulua,"Alcaldía de Tuluá",,0,"08/16/2025 16:00",,"Historia de Instagram",,Total,1445,1280,10,0,1,0,1362,,,
18497041009068230,17841402591799685,alcaldiadetulua,"Alcaldía de Tuluá",,0,"08/16/2025 14:42",,"Historia de Instagram",,Total,1174,1044,12,1,,0,1059,,,
18051984341617754,17841402591799685,alcaldiadetulua,"Alcaldía de Tuluá","¿Qué esperas para venir con tus amigos al Coliseo de Ferias? 😏🏍️",19,"08/16/2025 13:56",,"Historia de Instagram",,Total,880,764,11,1,,0,833,,,
18089661790707092,17841402591799685,alcaldiadetulua,"Alcaldía de Tuluá",,23,"08/16/2025 13:45",,"Historia de Instagram",,Total,1620,1256,8,0,1,1,786,,,
18185379451325228,17841402591799685,alcaldiadetulua,"Alcaldía de Tuluá",,0,"08/16/2025 13:32",,"Historia de Instagram",,Total,772,690,10,0,,0,717,2,,
17890496523311670,17841402591799685,alcaldiadetulua,"Alcaldía de Tuluá",,0,"08/16/2025 13:16",,"Historia de Instagram",,Total,724,661,2,0,,0,686,,,
17980687460899322,17841402591799685,alcaldiadetulua,"Alcaldía de Tuluá",,0,"08/16/2025 13:16",,"Historia de Instagram",,Total,738,684,0,0,,0,717,,,
18072590267030049,17841402591799685,alcaldiadetulua,"Alcaldía de Tuluá",,0,"08/16/2025 13:16",,"Historia de Instagram",,Total,782,721,5,0,,0,724,,,
18079956925931625,17841402591799685,alcaldiadetulua,"Alcaldía de Tuluá","¡NUEVO EPISODIO!😎",5,"08/16/2025 10:13",,"Historia de Instagram",,Total,1855,1337,5,0,4,0,691,,,
18055496234611623,17841402591799685,alcaldiadetulua,"Alcaldía de Tuluá","@mundo89tulua  @alertatulua  @gustavovelezr  Disponible también en:",11,"08/16/2025 05:33",,"Historia de Instagram",,Total,1431,1038,3,0,,0,735,,,
18085614145657477,17841402591799685,alcaldiadetulua,"Alcaldía de Tuluá","Hoy @tito07flow  en nuestro JOVEN FEST 2025💙",15,"08/15/2025 18:00",,"Historia de Instagram",,Total,1129,975,3,0,3,0,678,2,,1
18112636477517692,17841402591799685,alcaldiadetulua,"Alcaldía de Tuluá","Capturado en  Piques ilegales ❌🚨‼️",15,"08/15/2025 16:19",,"Historia de Instagram",,Total,724,592,2,0,5,1,626,,,
17988202310839894,17841402591799685,alcaldiadetulua,"Alcaldía de Tuluá",,23,"08/15/2025 13:55",,"Historia de Instagram",,Total,653,567,4,0,1,0,626,,,
18016810388578709,17841402591799685,alcaldiadetulua,"Alcaldía de Tuluá",,0,"08/15/2025 12:47",,"Historia de Instagram",,Total,639,560,3,0,1,0,626,,,
18055393664133975,17841402591799685,alcaldiadetulua,"Alcaldía de Tuluá","Estuvimos en 📍Barragán😎✌🏽 ¡NOS DESCENTRALIZAMOS!",15,"08/15/2025 12:07",,"Historia de Instagram",,Total,1702,1243,4,0,,0,643,,,
18036744152458077,17841402591799685,alcaldiadetulua,"Alcaldía de Tuluá",,16,"08/15/2025 11:37",,"Historia de Instagram",,Total,673,569,4,0,,0,648,21,,
18084565150848510,17841402591799685,alcaldiadetulua,"Alcaldía de Tuluá",,15,"08/15/2025 11:35",,"Historia de Instagram",,Total,683,580,3,0,,0,675,4,,
17959270523975818,17841402591799685,alcaldiadetulua,"Alcaldía de Tuluá",,0,"08/15/2025 11:35",,"Historia de Instagram",,Total,678,588,2,0,,0,655,4,,
18021489632737409,17841402591799685,alcaldiadetulua,"Alcaldía de Tuluá",,23,"08/15/2025 11:35",,"Historia de Instagram",,Total,715,591,5,6,,0,674,4,,
17891369025182352,17841402591799685,alcaldiadetulua,"Alcaldía de Tuluá",,0,"08/15/2025 11:34",,"Historia de Instagram",,Total,725,600,7,0,,0,712,,,
17896480215270951,17841402591799685,alcaldiadetulua,"Alcaldía de Tuluá",,60,"08/15/2025 11:34",,"Historia de Instagram",,Total,703,613,4,0,,0,688,2,,
17919850746112470,17841402591799685,alcaldiadetulua,"Alcaldía de Tuluá",,0,"08/15/2025 09:10",,"Historia de Instagram",,Total,691,599,3,0,,0,676,2,,
17869970760421638,17841402591799685,alcaldiadetulua,"Alcaldía de Tuluá",,0,"08/15/2025 09:10",,"Historia de Instagram",,Total,707,604,6,0,,0,698,,,
18077728273758242,17841402591799685,alcaldiadetulua,"Alcaldía de Tuluá",,0,"08/15/2025 09:10",,"Historia de Instagram",,Total,747,609,7,4,,1,688,2,,
18035525201468039,17841402591799685,alcaldiadetulua,"Alcaldía de Tuluá",,0,"08/15/2025 09:10",,"Historia de Instagram",,Total,779,616,11,3,,0,708,,,
17906476830090281,17841402591799685,alcaldiadetulua,"Alcaldía de Tuluá","Joven Fest 2025 😎",15,"08/15/2025 09:09",,"Historia de Instagram",,Total,787,628,3,0,3,1,761,,,
18311712772243981,17841402591799685,alcaldiadetulua,"Alcaldía de Tuluá",,0,"08/15/2025 08:11",,"Historia de Instagram",,Total,729,617,4,0,1,0,694,,,
18103100029594394,17841402591799685,alcaldiadetulua,"Alcaldía de Tuluá",🎸🤘🏼,18,"08/15/2025 08:07",,"Historia de Instagram",,Total,717,615,4,0,,0,698,3,,
18072810143474519,17841402591799685,alcaldiadetulua,"Alcaldía de Tuluá",🎶💃,20,"08/15/2025 08:05",,"Historia de Instagram",,Total,728,628,5,0,,0,688,,,
18070295879135182,17841402591799685,alcaldiadetulua,"Alcaldía de Tuluá","Presentaciones  Artísticas🎶🎤 Hoy en el 📍 Coliseo de Ferias Manuel Victoria Rojas",11,"08/15/2025 08:04",,"Historia de Instagram",,Total,754,642,1,0,1,0,687,,,
18085143769873175,17841402591799685,alcaldiadetulua,"Alcaldía de Tuluá","Ven ahora al Semana de la Juventud 🤩",7,"08/15/2025 07:58",,"Historia de Instagram",,Total,781,651,5,3,2,0,658,,,
18133893829431627,17841402591799685,alcaldiadetulua,"Alcaldía de Tuluá",,15,"08/15/2025 05:53",,"Historia de Instagram",,Total,787,638,0,1,,0,768,8,,
18074812625293378,17841402591799685,alcaldiadetulua,"Alcaldía de Tuluá",,0,"08/15/2025 05:52",,"Historia de Instagram",,Total,857,656,0,2,,0,819,,,
18085158154834509,17841402591799685,alcaldiadetulua,"Alcaldía de Tuluá","HOY EN EL ¡Te esperamos! ✌🏽💪🏼",11,"08/15/2025 05:29",,"Historia de Instagram",,Total,1603,1079,1,3,,0,843,,,1
18034675778480698,17841402591799685,alcaldiadetulua,"Alcaldía de Tuluá",,11,"08/14/2025 18:25",,"Historia de Instagram",,Total,953,723,6,1,2,0,893,,,
17893205715296775,17841402591799685,alcaldiadetulua,"Alcaldía de Tuluá",,15,"08/14/2025 17:27",,"Historia de Instagram",,Total,922,733,9,0,1,0,849,,,
18518757325054794,17841402591799685,alcaldiadetulua,"Alcaldía de Tuluá","¡MAÑANA!⬇️ ¡Te esperamos!✌🏽😎",11,"08/14/2025 15:23",,"Historia de Instagram",,Total,925,706,5,0,,0,894,,,
18111151282464435,17841402591799685,alcaldiadetulua,"Alcaldía de Tuluá","Nos vemos este fin de semana en 📍 Barragán",11,"08/14/2025 15:14",,"Historia de Instagram",,Total,937,736,10,3,,0,876,,,
18022690343719045,17841402591799685,alcaldiadetulua,"Alcaldía de Tuluá","Nos vemos mañana y el sábado 😎✌🏽",15,"08/14/2025 10:55",,"Historia de Instagram",,Total,854,697,7,0,1,0,818,,,
18013521395768767,17841402591799685,alcaldiadetulua,"Alcaldía de Tuluá",💙💪🏼,11,"08/14/2025 09:39",,"Historia de Instagram",,Total,803,697,6,0,,0,786,,,
17854122510456486,17841402591799685,alcaldiadetulua,"Alcaldía de Tuluá","📍 Vereda El Diamate Nuevas y seguras vías💪🏼🚧",11,"08/14/2025 09:17",,"Historia de Instagram",,Total,816,709,11,0,,0,789,,,
18425398270097377,17841402591799685,alcaldiadetulua,"Alcaldía de Tuluá","Vías seguras en la 📍Zona Rural✨",15,"08/14/2025 09:15",,"Historia de Instagram",,Total,820,719,8,0,,0,768,,,
18060846479353372,17841402591799685,alcaldiadetulua,"Alcaldía de Tuluá",,15,"08/14/2025 09:13",,"Historia de Instagram",,Total,935,741,7,0,,0,911,14,,
18074046887069475,17841402591799685,alcaldiadetulua,"Alcaldía de Tuluá","📍 Sector Estambul Transformamos espacios💙 En nuestro municipio",11,"08/14/2025 07:54",,"Historia de Instagram",,Total,2065,1360,16,0,,2,828,,,
18061283471371299,17841402591799685,alcaldiadetulua,"Alcaldía de Tuluá","Conoce a María Cruz ✨La Reina del Centro Día✨",15,"08/13/2025 16:31",,"Historia de Instagram",,Total,1242,945,6,0,2,0,687,,,
18080006719903508,17841402591799685,alcaldiadetulua,"Alcaldía de Tuluá","Lee la historia completa⬇️",27,"08/13/2025 15:43",,"Historia de Instagram",,Total,1407,1038,7,0,1,0,765,,16,
18077504506941392,17841402591799685,alcaldiadetulua,"Alcaldía de Tuluá",,11,"08/13/2025 15:31",,"Historia de Instagram",,Total,786,654,3,0,,0,819,,,
18396232300189492,17841402591799685,alcaldiadetulua,"Alcaldía de Tuluá",,11,"08/13/2025 15:31",,"Historia de Instagram",,Total,819,676,4,0,1,0,810,,,
18073535660088217,17841402591799685,alcaldiadetulua,"Alcaldía de Tuluá","AGÉNDATE ESTE FIN DE SEMANA ⬇️⬇️",15,"08/13/2025 11:21",,"Historia de Instagram",,Total,1122,835,6,0,1,1,728,,,
18231435325292436,17841402591799685,alcaldiadetulua,"Alcaldía de Tuluá","¿Sabes cuántos humedales tenemos en Tuluá?💧🌿 Aquí te lo contamos ☝🏽",15,"08/13/2025 09:07",,"Historia de Instagram",,Total,748,638,3,0,2,0,702,,,
18351923188090525,17841402591799685,alcaldiadetulua,"Alcaldía de Tuluá","¡Participa Ahora!",5,"08/13/2025 08:35",,"Historia de Instagram",,Total,770,667,1,0,1,0,730,,4,
18089012665701966,17841402591799685,alcaldiadetulua,"Alcaldía de Tuluá",,15,"08/12/2025 16:27",,"Historia de Instagram",,Total,750,684,7,1,1,0,794,2,9,
17954205539993133,17841402591799685,alcaldiadetulua,"Alcaldía de Tuluá",,15,"08/12/2025 15:14",,"Historia de Instagram",,Total,807,714,8,0,,0,718,,,
18065720819232544,17841402591799685,alcaldiadetulua,"Alcaldía de Tuluá","Nuestros abuelitos del CentroDía Para Ser Felices",16,"08/12/2025 12:46",,"Historia de Instagram",,Total,786,709,7,0,,1,759,8,,
18064025807465875,17841402591799685,alcaldiadetulua,"Alcaldía de Tuluá",,0,"08/12/2025 10:08",,"Historia de Instagram",,Total,695,623,4,0,4,0,718,6,,
18378766897130518,17841402591799685,alcaldiadetulua,"Alcaldía de Tuluá","Obras  #ParaSerFelices",15,"08/12/2025 10:02",,"Historia de Instagram",,Total,699,640,8,0,1,0,717,,,
18517664692062071,17841402591799685,alcaldiadetulua,"Alcaldía de Tuluá",,11,"08/12/2025 08:47",,"Historia de Instagram",,Total,690,638,4,0,,0,721,,,
18054132710409975,17841402591799685,alcaldiadetulua,"Alcaldía de Tuluá",,0,"08/12/2025 08:34",,"Historia de Instagram",,Total,727,647,5,0,1,0,711,,,
17855602677493376,17841402591799685,alcaldiadetulua,"Alcaldía de Tuluá",,0,"08/12/2025 08:34",,"Historia de Instagram",,Total,756,653,6,0,,0,810,,,
18124257370481871,17841402591799685,alcaldiadetulua,"Alcaldía de Tuluá",,0,"08/12/2025 08:33",,"Historia de Instagram",,Total,746,672,8,1,2,0,794,2,,
18084247273677187,17841402591799685,alcaldiadetulua,"Alcaldía de Tuluá",,15,"08/12/2025 08:07",,"Historia de Instagram",,Total,751,678,10,0,,0,700,,,
18117706507494637,17841402591799685,alcaldiadetulua,"Alcaldía de Tuluá",,0,"08/12/2025 08:07",,"Historia de Instagram",,Total,765,700,5,0,2,1,794,,,
18021099359721454,17841402591799685,alcaldiadetulua,"Alcaldía de Tuluá",,0,"08/12/2025 08:04",,"Historia de Instagram",,Total,857,768,4,0,2,0,865,7,,
17851539891523469,17841402591799685,alcaldiadetulua,"Alcaldía de Tuluá",,15,"08/11/2025 14:27",,"Historia de Instagram",,Total,1178,940,5,0,3,0,771,,,
18061725980342765,17841402591799685,alcaldiadetulua,"Alcaldía de Tuluá",,0,"08/11/2025 12:33",,"Historia de Instagram",,Total,831,758,7,0,,0,844,7,,
17962990718808180,17841402591799685,alcaldiadetulua,"Alcaldía de Tuluá",,11,"08/11/2025 10:17",,"Historia de Instagram",,Total,1391,1063,2,0,2,1,883,,34,
18055014128622725,17841402591799685,alcaldiadetulua,"Alcaldía de Tuluá",,15,"08/11/2025 09:30",,"Historia de Instagram",,Total,959,884,7,0,3,1,910,,,
18123257206471745,17841402591799685,alcaldiadetulua,"Alcaldía de Tuluá","Ya estamos aquí💪🏼 Desde las 7:00 a. m.",36,"08/10/2025 06:48",,"Historia de Instagram",,Total,2360,1907,5,1,3,0,1282,,,
17976163577750732,17841402591799685,alcaldiadetulua,"Alcaldía de Tuluá",,15,"08/09/2025 18:45",,"Historia de Instagram",,Total,1734,1360,5,0,3,0,951,,,
18067567072929646,17841402591799685,alcaldiadetulua,"Alcaldía de Tuluá",,36,"08/09/2025 11:01",,"Historia de Instagram",,Total,818,762,4,0,5,1,817,,,
18050010176237637,17841402591799685,alcaldiadetulua,"Alcaldía de Tuluá",,18,"08/09/2025 10:53",,"Historia de Instagram",,Total,782,754,4,0,,0,782,,,
17851163373478530,17841402591799685,alcaldiadetulua,"Alcaldía de Tuluá","¡Celebramos nuestras raíces!✌🏽💪🏼",0,"08/09/2025 10:51",,"Historia de Instagram",,Total,795,770,3,0,,0,796,,,
17917212810149149,17841402591799685,alcaldiadetulua,"Alcaldía de Tuluá","📍 Coliseo de Ferias Manuel Victoria Rojas Juzgamiento de Deportistas Mini, Aficionados y Junior.✅✌🏽",11,"08/09/2025 10:41",,"Historia de Instagram",,Total,809,774,4,0,2,0,813,,,
18478532602072451,17841402591799685,alcaldiadetulua,"Alcaldía de Tuluá","Nuestros niños participando de la TERCERA VÁLIDA  de Equitación en Caballos de Paso Fino 🐎🐴",20,"08/09/2025 10:32",,"Historia de Instagram",,Total,854,795,6,3,1,0,821,,,
18044512664320203,17841402591799685,alcaldiadetulua,"Alcaldía de Tuluá",,11,"08/09/2025 09:31",,"Historia de Instagram",,Total,1311,1083,5,0,1,0,854,,,
18040827515361314,17841402591799685,alcaldiadetulua,"Alcaldía de Tuluá","¡Ven ahora!✌🏽🐴",11,"08/09/2025 09:08",,"Historia de Instagram",,Total,838,778,5,0,,0,847,,,
17888810760321521,17841402591799685,alcaldiadetulua,"Alcaldía de Tuluá","Tercera Válida de Equitación de Caballos de Paso🐴🐎 ¡Te esperamos!✌🏽🤩",21,"08/09/2025 08:55",,"Historia de Instagram",,Total,876,816,9,0,1,0,876,,,
18164158240362748,17841402591799685,alcaldiadetulua,"Alcaldía de Tuluá","Hoy no te pierdas este gran evento✌🏽💪🏼🐴",11,"08/09/2025 08:54",,"Historia de Instagram",,Total,948,870,3,0,,0,888,,,
17993176853821246,17841402591799685,alcaldiadetulua,"Alcaldía de Tuluá",,0,"08/08/2025 12:29",,"Historia de Instagram",,Total,652,587,8,0,,0,645,,,
18048044375553744,17841402591799685,alcaldiadetulua,"Alcaldía de Tuluá",,0,"08/08/2025 12:29",,"Historia de Instagram",,Total,669,591,9,0,,0,702,,,
17872846614304593,17841402591799685,alcaldiadetulua,"Alcaldía de Tuluá","Último día 😎 Inscríbete ⬇️",11,"08/08/2025 11:50",,"Historia de Instagram",,Total,713,630,3,0,1,1,691,,2,
18015175109760796,17841402591799685,alcaldiadetulua,"Alcaldía de Tuluá","ÚLTIMO DÍA PARA INSCRIBIRTE⬇️",11,"08/08/2025 11:40",,"Historia de Instagram",,Total,1709,1256,3,4,,1,679,,5,
17978080862910710,17841402591799685,alcaldiadetulua,"Alcaldía de Tuluá",,22,"08/08/2025 08:07",,"Historia de Instagram",,Total,652,601,3,0,,0,652,,,
17947056000000970,17841402591799685,alcaldiadetulua,"Alcaldía de Tuluá","Nos vemos hoy ✌🏽 📍 Plaza Cívica Boyacá",11,"08/08/2025 06:39",,"Historia de Instagram",,Total,646,595,2,0,,0,654,,,
18039602351651529,17841402591799685,alcaldiadetulua,"Alcaldía de Tuluá","HOY 🤩",32,"08/08/2025 06:38",,"Historia de Instagram",,Total,664,615,4,0,,0,676,,,
17993473250818389,17841402591799685,alcaldiadetulua,"Alcaldía de Tuluá","Nos vemos el domingo ⬇️",11,"08/08/2025 06:17",,"Historia de Instagram",,Total,674,625,4,0,,0,695,,,
18048930632553130,17841402591799685,alcaldiadetulua,"Alcaldía de Tuluá",,11,"08/08/2025 04:48",,"Historia de Instagram",,Total,1339,1048,5,1,,0,880,,5,
18085216204866689,17841402591799685,alcaldiadetulua,"Alcaldía de Tuluá",,11,"08/07/2025 06:59",,"Historia de Instagram",,Total,1553,1254,8,0,,0,848,,,
18174239698339485,17841402591799685,alcaldiadetulua,"Alcaldía de Tuluá","Conoce la historia de Juan José
 Y su proceso en el Centro Cultural de Nariño🤩",15,"08/06/2025 16:31",,"Historia de Instagram",,Total,1617,1294,3,0,1,0,1025,,,
18020346497539994,17841402591799685,alcaldiadetulua,"Alcaldía de Tuluá",,15,"08/06/2025 10:45",,"Historia de Instagram",,Total,1150,1056,12,0,2,0,1057,,,
18083972320872575,17841402591799685,alcaldiadetulua,"Alcaldía de Tuluá",,15,"08/05/2025 17:47",,"Historia de Instagram",,Total,891,813,9,0,4,0,819,,,
18146811910402410,17841402591799685,alcaldiadetulua,"Alcaldía de Tuluá",,15,"08/05/2025 11:21",,"Historia de Instagram",,Total,738,686,3,0,,0,731,,,
17990906786821913,17841402591799685,alcaldiadetulua,"Alcaldía de Tuluá",,0,"08/05/2025 11:04",,"Historia de Instagram",,Total,739,692,3,0,1,0,760,,,
18035904872444602,17841402591799685,alcaldiadetulua,"Alcaldía de Tuluá",,15,"08/05/2025 10:29",,"Historia de Instagram",,Total,683,627,5,0,,0,643,,,
18047078846283353,17841402591799685,alcaldiadetulua,"Alcaldía de Tuluá","Hoy último día 💪🏼",11,"08/05/2025 08:46",,"Historia de Instagram",,Total,698,657,3,0,1,0,714,,1,
17920259157132230,17841402591799685,alcaldiadetulua,"Alcaldía de Tuluá","Nuestro Centro Día Para Ser Felices💙",23,"08/05/2025 08:29",,"Historia de Instagram",,Total,721,682,5,0,,0,731,8,,
18083193625852498,17841402591799685,alcaldiadetulua,"Alcaldía de Tuluá",,36,"08/05/2025 06:40",,"Historia de Instagram",,Total,697,634,6,0,,0,713,,,
17954531273993301,17841402591799685,alcaldiadetulua,"Alcaldía de Tuluá",,32,"08/05/2025 06:39",,"Historia de Instagram",,Total,712,653,7,0,1,0,723,,,
18053073713563860,17841402591799685,alcaldiadetulua,"Alcaldía de Tuluá",,15,"08/05/2025 04:00",,"Historia de Instagram",,Total,687,609,3,0,2,0,696,,,
17930320620085585,17841402591799685,alcaldiadetulua,"Alcaldía de Tuluá","C L A U S U R A Sesiones Ordinarias del ✅",11,"08/04/2025 17:12",,"Historia de Instagram",,Total,2510,1770,5,0,1,0,664,,,
18360564775146251,17841402591799685,alcaldiadetulua,"Alcaldía de Tuluá",,11,"08/04/2025 15:10",,"Historia de Instagram",,Total,622,586,5,1,,0,648,,7,
18135812932427209,17841402591799685,alcaldiadetulua,"Alcaldía de Tuluá",,32,"08/04/2025 14:56",,"Historia de Instagram",,Total,656,607,10,1,,1,671,,,
18524093416042716,17841402591799685,alcaldiadetulua,"Alcaldía de Tuluá",,14,"08/04/2025 13:48",,"Historia de Instagram",,Total,672,605,3,0,2,0,636,3,,
17855865240482240,17841402591799685,alcaldiadetulua,"Alcaldía de Tuluá",,15,"08/04/2025 10:30",,"Historia de Instagram",,Total,693,653,7,2,,3,704,,,
17890224255182116,17841402591799685,alcaldiadetulua,"Alcaldía de Tuluá",,14,"08/04/2025 09:50",,"Historia de Instagram",,Total,719,664,4,1,,0,775,,,
18153762895344972,17841402591799685,alcaldiadetulua,"Alcaldía de Tuluá",,15,"08/04/2025 09:50",,"Historia de Instagram",,Total,758,687,8,0,1,0,806,,,
18522298633059901,17841402591799685,alcaldiadetulua,"Alcaldía de Tuluá",,15,"08/04/2025 09:49",,"Historia de Instagram",,Total,766,695,4,0,,0,736,10,,
18060442946196692,17841402591799685,alcaldiadetulua,"Alcaldía de Tuluá",,15,"08/04/2025 09:47",,"Historia de Instagram",,Total,787,709,7,0,,0,766,,,
18499029460066331,17841402591799685,alcaldiadetulua,"Alcaldía de Tuluá",,11,"08/04/2025 08:31",,"Historia de Instagram",,Total,1295,1046,4,6,,2,927,,9,
18036972398419185,17841402591799685,alcaldiadetulua,"Alcaldía de Tuluá","¡Hoy vence el plazo!😱 INSCRÍBETE EN EL",15,"08/04/2025 07:25",,"Historia de Instagram",,Total,1051,953,9,0,3,0,978,,,
18137321890422013,17841402591799685,alcaldiadetulua,"Alcaldía de Tuluá",,13,"08/02/2025 14:50",,"Historia de Instagram",,Total,952,865,7,4,1,0,917,,,
18043244429324767,17841402591799685,alcaldiadetulua,"Alcaldía de Tuluá","📍 La Balastrera",15,"08/02/2025 14:50",,"Historia de Instagram",,Total,1012,942,4,0,,0,1034,2,,
18403618615118087,17841402591799685,alcaldiadetulua,"Alcaldía de Tuluá",,15,"08/02/2025 12:57",,"Historia de Instagram",,Total,804,755,3,0,,0,818,,,
17930891039961612,17841402591799685,alcaldiadetulua,"Alcaldía de Tuluá","Nuevo Episodio ⬇️⬇️⬇️ Escucha el",5,"08/02/2025 11:34",,"Historia de Instagram",,Total,1365,1066,1,0,2,0,712,,,
18078618448933442,17841402591799685,alcaldiadetulua,"Alcaldía de Tuluá","Liderazgo Transformador para Emprendimientos ✌🏽💪🏼",11,"08/02/2025 09:41",,"Historia de Instagram",,Total,705,658,6,0,,0,723,,,
18100562332595386,17841402591799685,alcaldiadetulua,"Alcaldía de Tuluá",,15,"08/02/2025 09:04",,"Historia de Instagram",,Total,691,650,6,0,1,0,715,,,
18051784283440136,17841402591799685,alcaldiadetulua,"Alcaldía de Tuluá",,15,"08/02/2025 09:04",,"Historia de Instagram",,Total,721,677,8,0,,0,726,,,
18063593690266293,17841402591799685,alcaldiadetulua,"Alcaldía de Tuluá","Más de 100 líderes comunales hoy participando del GRAN FORO COMUNAL✌🏽✅",11,"08/02/2025 08:57",,"Historia de Instagram",,Total,751,693,7,1,,0,768,,,
18053651222620819,17841402591799685,alcaldiadetulua,"Alcaldía de Tuluá","Jornada descentralizada  La Balastrera 📍",15,"08/02/2025 08:55",,"Historia de Instagram",,Total,782,709,8,0,,0,803,,,
18074347598480630,17841402591799685,alcaldiadetulua,"Alcaldía de Tuluá","Iniciamos el gran FORO COMUNAL 2025💪🏼✅ Con líderes de Juntas de Acción Comunal",11,"08/02/2025 08:30",,"Historia de Instagram",,Total,770,717,5,0,,0,747,,,
18072561584070881,17841402591799685,alcaldiadetulua,"Alcaldía de Tuluá",,0,"08/02/2025 08:21",,"Historia de Instagram",,Total,815,762,5,0,2,0,797,,,
18075706927791525,17841402591799685,alcaldiadetulua,"Alcaldía de Tuluá",,27,"08/01/2025 17:43",,"Historia de Instagram",,Total,895,757,6,0,,0,785,,,
17869325031334575,17841402591799685,alcaldiadetulua,"Alcaldía de Tuluá","✨Transformación ✨ Así se ve la de Tuluá💙🤩",44,"08/01/2025 15:55",,"Historia de Instagram",,Total,848,693,25,1,1,2,785,,,
17989782380827379,17841402591799685,alcaldiadetulua,"Alcaldía de Tuluá","Así luce hoy nuestra entrada a la carrera 30 ✨ Con nuevas plantas que embellecen el paso 🌸🌷 📍 Sector Estambul",3,"08/01/2025 15:53",,"Historia de Instagram",,Total,839,707,7,0,,0,457,,,
18395812969187194,17841402591799685,alcaldiadetulua,"Alcaldía de Tuluá",,15,"08/01/2025 15:32",,"Historia de Instagram",,Total,701,634,10,1,,0,718,,,
18008741603788226,17841402591799685,alcaldiadetulua,"Alcaldía de Tuluá","Mañana ⬇️",11,"08/01/2025 15:16",,"Historia de Instagram",,Total,736,660,3,0,,0,754,,,
17975938016863518,17841402591799685,alcaldiadetulua,"Alcaldía de Tuluá",,43,"08/01/2025 12:58",,"Historia de Instagram",,Total,695,628,4,2,1,0,708,,,
18102477217559698,17841402591799685,alcaldiadetulua,"Alcaldía de Tuluá",,11,"08/01/2025 12:55",,"Historia de Instagram",,Total,699,645,3,0,,0,733,,,
17945940366001526,17841402591799685,alcaldiadetulua,"Alcaldía de Tuluá","Nos vemos mañana 😎✌🏽",11,"08/01/2025 12:48",,"Historia de Instagram",,Total,713,661,3,0,,0,731,,,
18067791695515344,17841402591799685,alcaldiadetulua,"Alcaldía de Tuluá",,15,"08/01/2025 11:42",,"Historia de Instagram",,Total,736,674,5,0,,0,736,,,
18101916565512594,17841402591799685,alcaldiadetulua,"Alcaldía de Tuluá",,60,"08/01/2025 10:00",,"Historia de Instagram",,Total,721,649,4,0,,0,733,,,
18035563364461789,17841402591799685,alcaldiadetulua,"Alcaldía de Tuluá",,15,"08/01/2025 07:21",,"Historia de Instagram",,Total,1133,915,11,0,2,1,748,,,
18520288891015400,17841402591799685,alcaldiadetulua,"Alcaldía de Tuluá","¡Nuestros nuevos artistas!😎🤩",0,"07/31/2025 19:27",,"Historia de Instagram",,Total,779,674,7,0,1,0,785,,,
18075392665986410,17841402591799685,alcaldiadetulua,"Alcaldía de Tuluá","📍BOX calle 23 ✌🏽😎 Visitando las obras que siguen transformando a Tuluá 😎🤩 @gustavovelezr",19,"07/31/2025 17:13",,"Historia de Instagram",,Total,4131,3250,16,2,1,1,745,,,
18091105285640557,17841402591799685,alcaldiadetulua,"Alcaldía de Tuluá","🎶 Música 🎭 Teatro 💃 Danza 🎨 Artes Plásticas 27 tulueños hoy reciben su título 💪🏼 Técnico Laboral por 
Competencia en Artes✨",21,"07/31/2025 14:38",,"Historia de Instagram",,Total,860,689,12,0,,1,723,,,
18060615419585097,17841402591799685,alcaldiadetulua,"Alcaldía de Tuluá","Ceremonia de grados Escuela Municipal de Artes🤩",7,"07/31/2025 14:30",,"Historia de Instagram",,Total,890,693,11,0,,1,675,,,
18518965549027468,17841402591799685,alcaldiadetulua,"Alcaldía de Tuluá",,60,"07/31/2025 14:19",,"Historia de Instagram",,Total,696,613,8,0,,0,715,,,
18074091254092502,17841402591799685,alcaldiadetulua,"Alcaldía de Tuluá",,11,"07/31/2025 13:43",,"Historia de Instagram",,Total,686,612,7,0,4,0,701,,,
18013237577767464,17841402591799685,alcaldiadetulua,"Alcaldía de Tuluá",,15,"07/31/2025 11:35",,"Historia de Instagram",,Total,672,593,3,0,1,0,665,,,
18108175258532772,17841402591799685,alcaldiadetulua,"Alcaldía de Tuluá","Hoy tenemos Medalla de Oro 🥇 
En Pesas (+71 kg)",11,"07/31/2025 11:29",https://instagram.com/stories/alcaldiadetulua/3689029201362170171,"Historia de Instagram",,Total,862,753,14,0,,0,744,,,
17982556796715214,17841402591799685,alcaldiadetulua,"Alcaldía de Tuluá","Tenis de mesa 🏓  Categoría sub9 doble femenino 😎✌🏽 Medalla de Bronce 🥉  Vs. Zarzal ✌🏽",11,"07/31/2025 08:55",https://instagram.com/stories/alcaldiadetulua/3688951919134583591,"Historia de Instagram",,Total,858,724,8,1,,1,748,,,
18286918306258520,17841402591799685,alcaldiadetulua,"Alcaldía de Tuluá","Nuestra Selección Tuluá de Fútbol  hoy en semifinales con Palmira 🤩⚽️",11,"07/31/2025 08:53",https://instagram.com/stories/alcaldiadetulua/3688950561941659908,"Historia de Instagram",,Total,845,737,12,0,,0,716,,,
18314796046213999,17841402591799685,alcaldiadetulua,"Alcaldía de Tuluá",,15,"07/31/2025 08:51",,"Historia de Instagram",,Total,672,599,3,0,,0,691,,,
18096809938546143,17841402591799685,alcaldiadetulua,"Alcaldía de Tuluá","📍 Corregimiento Piedritas vereda Cocorná Entregamos Insumos a la Asociación ASODUCAR✅💪🏼",24,"07/31/2025 08:34",,"Historia de Instagram",,Total,692,616,5,0,,0,712,,,
18137675071429159,17841402591799685,alcaldiadetulua,"Alcaldía de Tuluá",,43,"07/31/2025 08:17",,"Historia de Instagram",,Total,725,625,5,0,,0,746,,,
18051360992617911,17841402591799685,alcaldiadetulua,"Alcaldía de Tuluá","Este sábado no te lo pierdas ⬇️",11,"07/31/2025 08:14",,"Historia de Instagram",,Total,744,651,2,0,3,0,762,,3,
18066558953159304,17841402591799685,alcaldiadetulua,"Alcaldía de Tuluá",,29,"07/30/2025 21:15",,"Historia de Instagram",,Total,853,690,5,0,1,0,741,,,
18074049163973228,17841402591799685,alcaldiadetulua,"Alcaldía de Tuluá",,15,"07/30/2025 17:35",,"Historia de Instagram",,Total,660,540,3,0,2,0,618,,,
17925974585984768,17841402591799685,alcaldiadetulua,"Alcaldía de Tuluá",,11,"07/30/2025 15:15",,"Historia de Instagram",,Total,576,512,4,0,,0,594,,,
18071297834018105,17841402591799685,alcaldiadetulua,"Alcaldía de Tuluá","💙 Somos de corazón 💙",15,"07/30/2025 13:58",,"Historia de Instagram",,Total,568,512,4,0,1,0,569,,,
18088118011690553,17841402591799685,alcaldiadetulua,"Alcaldía de Tuluá",,15,"07/30/2025 12:42",,"Historia de Instagram",,Total,557,503,3,0,,0,577,,,
18512218768044908,17841402591799685,alcaldiadetulua,"Alcaldía de Tuluá",,15,"07/30/2025 11:26",,"Historia de Instagram",,Total,2164,1505,6,0,,0,563,,,
18165418330318659,17841402591799685,alcaldiadetulua,"Alcaldía de Tuluá","Julia Restrepo  vs. Comfandi🏐 Voleibol 😎",11,"07/30/2025 10:32",https://instagram.com/stories/alcaldiadetulua/3688275874106278373,"Historia de Instagram",,Total,798,671,7,2,,2,592,,,
18047429777561455,17841402591799685,alcaldiadetulua,"Alcaldía de Tuluá",,15,"07/30/2025 09:26",,"Historia de Instagram",,Total,569,494,6,0,,0,595,,,
18092084251637955,17841402591799685,alcaldiadetulua,"Alcaldía de Tuluá","Consejo Consultivo de Turismo✅💪🏼 Hoy participando del",11,"07/30/2025 09:11",,"Historia de Instagram",,Total,583,511,4,0,1,1,597,3,,
18177098035326883,17841402591799685,alcaldiadetulua,"Alcaldía de Tuluá","Atención ‼️🚨 Usuarios de Colombia Mayor",11,"07/30/2025 08:45",,"Historia de Instagram",,Total,564,509,3,0,,0,594,,,
17976448307887280,17841402591799685,alcaldiadetulua,"Alcaldía de Tuluá","Aún estás a tiempo 😎✌🏽",11,"07/30/2025 08:33",,"Historia de Instagram",,Total,594,531,4,0,1,1,639,,,
18364443637151192,17841402591799685,alcaldiadetulua,"Alcaldía de Tuluá",,15,"07/30/2025 07:45",https://instagram.com/stories/alcaldiadetulua/3688191531128436172,"Historia de Instagram",,Total,867,724,5,0,,0,634,4,,
17987584328836125,17841402591799685,alcaldiadetulua,"Alcaldía de Tuluá","Iniciamos nuestros Hoy con Fútbol de salón⚽️ VS. Guillermo Ponce
 de León Julio César 
Zuluaga Juegos Intercolegiados😎✌🏽",11,"07/30/2025 07:03",https://instagram.com/stories/alcaldiadetulua/3688170734812668843,"Historia de Instagram",,Total,899,760,10,1,1,0,655,,,
18123843961462035,17841402591799685,alcaldiadetulua,"Alcaldía de Tuluá",,25,"07/29/2025 18:38",,"Historia de Instagram",,Total,615,563,4,0,1,0,615,,,
18058613789068389,17841402591799685,alcaldiadetulua,"Alcaldía de Tuluá",,15,"07/29/2025 17:51",,"Historia de Instagram",,Total,604,552,9,0,1,0,615,4,,
18093555004645017,17841402591799685,alcaldiadetulua,"Alcaldía de Tuluá",,15,"07/29/2025 17:49",,"Historia de Instagram",,Total,2241,1675,7,1,,3,603,,,
17893499043294093,17841402591799685,alcaldiadetulua,"Alcaldía de Tuluá","Regresó la RUTA DE LA FELICIDAD😎✌🏽",11,"07/29/2025 15:42",,"Historia de Instagram",,Total,622,551,3,0,,0,656,,,
17982711779714873,17841402591799685,alcaldiadetulua,"Alcaldía de Tuluá",,15,"07/29/2025 14:40",,"Historia de Instagram",,Total,626,553,2,0,,0,678,,,
18090826816737432,17841402591799685,alcaldiadetulua,"Alcaldía de Tuluá",,15,"07/29/2025 14:39",,"Historia de Instagram",,Total,664,568,3,0,,0,693,2,,
18039301676343688,17841402591799685,alcaldiadetulua,"Alcaldía de Tuluá",,15,"07/29/2025 14:39",,"Historia de Instagram",,Total,670,580,2,0,1,0,711,5,,
18154587757377002,17841402591799685,alcaldiadetulua,"Alcaldía de Tuluá",,11,"07/29/2025 14:39",,"Historia de Instagram",,Total,706,609,3,0,1,0,739,,26,
18140686168414195,17841402591799685,alcaldiadetulua,"Alcaldía de Tuluá",,10,"07/29/2025 13:10",,"Historia de Instagram",,Total,768,702,2,0,,0,791,,,
17982357350714247,17841402591799685,alcaldiadetulua,"Alcaldía de Tuluá",,15,"07/29/2025 10:51",,"Historia de Instagram",,Total,1702,1322,9,0,2,0,969,,,
18058102796524260,17841402591799685,alcaldiadetulua,"Alcaldía de Tuluá",,15,"07/28/2025 16:50",,"Historia de Instagram",,Total,1094,967,6,1,1,1,1032,,,
17855064588481955,17841402591799685,alcaldiadetulua,"Alcaldía de Tuluá","📍 Calle 29a",11,"07/28/2025 14:44",,"Historia de Instagram",,Total,1270,1107,16,1,3,1,1117,,,
18092917483729449,17841402591799685,alcaldiadetulua,"Alcaldía de Tuluá",,15,"07/28/2025 10:52",,"Historia de Instagram",,Total,820,767,10,0,2,0,821,,,
17902895592237764,17841402591799685,alcaldiadetulua,"Alcaldía de Tuluá",,11,"07/28/2025 06:58",,"Historia de Instagram",,Total,1828,1366,4,0,,0,797,,2,
18069749563895825,17841402591799685,alcaldiadetulua,"Alcaldía de Tuluá",,15,"07/28/2025 06:47",https://instagram.com/stories/alcaldiadetulua/3686712876816481708,"Historia de Instagram",,Total,1348,1145,10,0,,0,796,5,,
18058380023061307,17841402591799685,alcaldiadetulua,"Alcaldía de Tuluá",,0,"07/28/2025 06:45",,"Historia de Instagram",,Total,827,794,7,0,1,0,813,,,
17914949259039864,17841402591799685,alcaldiadetulua,"Alcaldía de Tuluá",,15,"07/27/2025 15:51",,"Historia de Instagram",,Total,697,634,8,0,4,0,697,,,1
18052641161573105,17841402591799685,alcaldiadetulua,"Alcaldía de Tuluá","Ven y disfruta del último día🏁 Estaremos hasta las 🕧6:00p. m.",4,"07/27/2025 13:49",,"Historia de Instagram",,Total,686,638,3,0,,0,640,,,
18287979868265619,17841402591799685,alcaldiadetulua,"Alcaldía de Tuluá",,11,"07/27/2025 13:47",,"Historia de Instagram",,Total,720,651,4,2,1,1,748,,,
17950232163002261,17841402591799685,alcaldiadetulua,"Alcaldía de Tuluá","El parche hoy es en 1/4 de Milla Tuluá😎🔥🏁",11,"07/27/2025 13:06",,"Historia de Instagram",,Total,4455,3654,9,3,1,1,721,3,,
18179750176326959,17841402591799685,alcaldiadetulua,"Alcaldía de Tuluá",,15,"07/27/2025 12:04",,"Historia de Instagram",,Total,698,643,6,0,,1,713,,,
17869072632411784,17841402591799685,alcaldiadetulua,"Alcaldía de Tuluá",,11,"07/27/2025 11:42",,"Historia de Instagram",,Total,707,648,8,0,,0,669,4,,
18110442928518973,17841402591799685,alcaldiadetulua,"Alcaldía de Tuluá",,9,"07/27/2025 11:15",,"Historia de Instagram",,Total,701,649,6,0,,0,685,,,
17869629096327848,17841402591799685,alcaldiadetulua,"Alcaldía de Tuluá",,15,"07/27/2025 09:54",,"Historia de Instagram",,Total,710,658,9,0,1,0,728,,,
18133090342439621,17841402591799685,alcaldiadetulua,"Alcaldía de Tuluá",,12,"07/27/2025 09:48",,"Historia de Instagram",,Total,731,665,8,0,,0,729,2,,
17877853254260083,17841402591799685,alcaldiadetulua,"Alcaldía de Tuluá","LLENA 😎 Casa ¡Ven ahora!😎🔥",20,"07/27/2025 09:46",,"Historia de Instagram",,Total,772,696,8,0,,0,768,,,
18047222072252519,17841402591799685,alcaldiadetulua,"Alcaldía de Tuluá","Iniciamos nuestro segundo día Con toda la Adenalina 🔥🏁 @cuartodemillatulua_2025",8,"07/27/2025 09:43",,"Historia de Instagram",,Total,3222,2573,10,0,,0,752,8,,
18371485708178969,17841402591799685,alcaldiadetulua,"Alcaldía de Tuluá",,15,"07/27/2025 04:46",,"Historia de Instagram",,Total,728,673,6,0,,0,760,,,
18071295598866276,17841402591799685,alcaldiadetulua,"Alcaldía de Tuluá",,15,"07/27/2025 04:45",,"Historia de Instagram",,Total,769,706,6,0,2,0,777,2,,
18064951985273561,17841402591799685,alcaldiadetulua,"Alcaldía de Tuluá",,15,"07/26/2025 18:01",,"Historia de Instagram",,Total,724,671,14,1,1,0,746,,,
18083913547842550,17841402591799685,alcaldiadetulua,"Alcaldía de Tuluá",,15,"07/26/2025 18:00",,"Historia de Instagram",,Total,752,693,19,0,,0,755,8,,
18194899552315259,17841402591799685,alcaldiadetulua,"Alcaldía de Tuluá","45 segundos 🚨 Llegaron los",15,"07/26/2025 16:42",,"Historia de Instagram",,Total,757,685,13,0,10,0,718,,,
18171240559347639,17841402591799685,alcaldiadetulua,"Alcaldía de Tuluá",,15,"07/26/2025 16:17",,"Historia de Instagram",,Total,760,698,12,0,,1,768,4,,
18073120702999662,17841402591799685,alcaldiadetulua,"Alcaldía de Tuluá",,0,"07/26/2025 16:17",,"Historia de Instagram",,Total,796,730,12,0,,0,778,12,,
17913155034157135,17841402591799685,alcaldiadetulua,"Alcaldía de Tuluá",,15,"07/26/2025 12:45",,"Historia de Instagram",,Total,747,699,13,0,3,1,720,,,
18070717481009644,17841402591799685,alcaldiadetulua,"Alcaldía de Tuluá",,14,"07/26/2025 11:22",,"Historia de Instagram",,Total,758,702,10,2,,0,780,2,,
18053045465612241,17841402591799685,alcaldiadetulua,"Alcaldía de Tuluá",,15,"07/26/2025 10:21",,"Historia de Instagram",,Total,779,715,11,0,,1,799,7,,
18083487298842798,17841402591799685,alcaldiadetulua,"Alcaldía de Tuluá","🎙️Escucha ahora:",11,"07/26/2025 10:14",,"Historia de Instagram",,Total,1722,1341,7,0,1,0,830,,9,
18187956037315968,17841402591799685,alcaldiadetulua,"Alcaldía de Tuluá",,15,"07/26/2025 10:10",,"Historia de Instagram",,Total,831,771,17,0,,0,783,,,
17890769034293263,17841402591799685,alcaldiadetulua,"Alcaldía de Tuluá","📍 Aeropuerto Heriberto Gil Martínez @cuartodemillatulua_2025",25,"07/26/2025 10:09",,"Historia de Instagram",,Total,865,789,15,3,,0,865,4,,
18072046282991628,17841402591799685,alcaldiadetulua,"Alcaldía de Tuluá","Se siente la adrenalina a tope en  1/4 Milla 🔥",11,"07/26/2025 09:44",,"Historia de Instagram",,Total,947,841,16,0,4,0,863,,,
18057649874377150,17841402591799685,alcaldiadetulua,"Alcaldía de Tuluá",,11,"07/25/2025 15:33",,"Historia de Instagram",,Total,658,597,4,0,5,0,705,,3,
17884071402343270,17841402591799685,alcaldiadetulua,"Alcaldía de Tuluá","¡20 computadores nuevos!😎✌🏽 📍Punto Innova San Pedro Claver",15,"07/25/2025 15:31",,"Historia de Instagram",,Total,684,624,5,0,1,0,682,,,
17894365446260371,17841402591799685,alcaldiadetulua,"Alcaldía de Tuluá",,60,"07/25/2025 12:10",,"Historia de Instagram",,Total,596,542,3,0,,0,636,9,,
18098737078607191,17841402591799685,alcaldiadetulua,"Alcaldía de Tuluá",,0,"07/30/2025 08:38",,"Historia de Instagram",,Total,591,525,6,0,,0,626,,,
18088639933666611,17841402591799685,alcaldiadetulua,"Alcaldía de Tuluá",,15,"07/25/2025 12:09",https://instagram.com/stories/alcaldiadetulua/3684700447118796606,"Historia de Instagram",,Total,768,685,4,0,1,0,623,2,,
18029646377699096,17841402591799685,alcaldiadetulua,"Alcaldía de Tuluá",,15,"07/25/2025 09:46",,"Historia de Instagram",,Total,524,494,2,0,1,0,509,,,
18069669176487449,17841402591799685,alcaldiadetulua,"Alcaldía de Tuluá",,15,"07/25/2025 09:14",,"Historia de Instagram",,Total,542,507,2,0,,0,537,2,,
18049516547208324,17841402591799685,alcaldiadetulua,"Alcaldía de Tuluá",,24,"07/25/2025 09:13",,"Historia de Instagram",,Total,507,484,2,0,,0,520,2,,
18144699727392199,17841402591799685,alcaldiadetulua,"Alcaldía de Tuluá",,45,"07/25/2025 09:13",,"Historia de Instagram",,Total,513,489,3,0,,0,527,,,
17981609978852077,17841402591799685,alcaldiadetulua,"Alcaldía de Tuluá",,42,"07/25/2025 09:08",,"Historia de Instagram",,Total,517,492,4,0,,0,534,,,
18086636098775396,17841402591799685,alcaldiadetulua,"Alcaldía de Tuluá",,15,"07/25/2025 08:53",,"Historia de Instagram",,Total,531,493,3,0,,0,553,,,
18149655967390710,17841402591799685,alcaldiadetulua,"Alcaldía de Tuluá","Nuestros talentosos artistas tulueños ✌🏽",15,"07/25/2025 08:53",,"Historia de Instagram",,Total,578,506,5,0,,0,606,,,
18335811910167746,17841402591799685,alcaldiadetulua,"Alcaldía de Tuluá","Nuestros jóvenes deportistas 😎✌🏽",15,"07/25/2025 07:59",https://instagram.com/stories/alcaldiadetulua/3684574679600793778,"Historia de Instagram",,Total,1178,951,9,1,,0,563,11,,
18039040631369446,17841402591799685,alcaldiadetulua,"Alcaldía de Tuluá","Asesorías jurídicas gratuitas ✅ Formalización y legalización de predios 💪🏼 📍 Primer Piso Alcaldía Municipal ¡Te esperamos para atenderte!🙌🏼",11,"07/25/2025 07:57",,"Historia de Instagram",,Total,557,497,2,0,,0,587,,,
17932876950070227,17841402591799685,alcaldiadetulua,"Alcaldía de Tuluá","📍Primer piso 
Alcaldía Municipal",11,"07/25/2025 07:48",,"Historia de Instagram",,Total,797,676,2,0,1,0,584,,,
17919400605076996,17841402591799685,alcaldiadetulua,"Alcaldía de Tuluá",,15,"07/25/2025 07:44",,"Historia de Instagram",,Total,584,509,4,0,,0,601,,,
17935286289068031,17841402591799685,alcaldiadetulua,"Alcaldía de Tuluá","Información importante ⬇️",11,"07/25/2025 07:37",,"Historia de Instagram",,Total,575,508,1,0,,0,624,,,
17880800556243847,17841402591799685,alcaldiadetulua,"Alcaldía de Tuluá",,15,"07/25/2025 07:36",,"Historia de Instagram",,Total,582,521,1,0,2,0,602,,,
17919111237012406,17841402591799685,alcaldiadetulua,"Alcaldía de Tuluá",,10,"07/25/2025 06:27",,"Historia de Instagram",,Total,584,522,1,0,,0,609,,,
17876189499273731,17841402591799685,alcaldiadetulua,"Alcaldía de Tuluá",,15,"07/25/2025 06:16",,"Historia de Instagram",,Total,610,538,4,0,,0,614,,,
18075981353311267,17841402591799685,alcaldiadetulua,"Alcaldía de Tuluá","NOS VEMOS MAÑANA 😎😎",15,"07/25/2025 06:16",,"Historia de Instagram",,Total,627,547,5,3,,0,621,,,
17992028999674741,17841402591799685,alcaldiadetulua,"Alcaldía de Tuluá",,15,"07/25/2025 06:15",,"Historia de Instagram",,Total,641,563,2,0,,1,652,1,,
18298348702220861,17841402591799685,alcaldiadetulua,"Alcaldía de Tuluá",,15,"07/24/2025 17:05",,"Historia de Instagram",,Total,680,605,2,0,5,0,664,,,
17849092125518743,17841402591799685,alcaldiadetulua,"Alcaldía de Tuluá",,15,"07/24/2025 16:14",,"Historia de Instagram",,Total,826,683,0,0,,0,775,,,
18073262077824552,17841402591799685,alcaldiadetulua,"Alcaldía de Tuluá",,10,"07/24/2025 16:13",,"Historia de Instagram",,Total,1444,1102,9,3,1,2,725,,,
18143684950406197,17841402591799685,alcaldiadetulua,"Alcaldía de Tuluá",,21,"07/24/2025 15:02",,"Historia de Instagram",,Total,710,627,5,0,,0,738,6,,
18069938290875339,17841402591799685,alcaldiadetulua,"Alcaldía de Tuluá",,15,"07/24/2025 14:40",,"Historia de Instagram",,Total,1429,1091,4,0,1,0,802,,45,
18378134905125152,17841402591799685,alcaldiadetulua,"Alcaldía de Tuluá","📍 Vereda Remolinos",14,"07/24/2025 09:06",,"Historia de Instagram",,Total,680,638,4,0,3,0,694,,,
18149593210387945,17841402591799685,alcaldiadetulua,"Alcaldía de Tuluá",,16,"07/24/2025 07:06",,"Historia de Instagram",,Total,681,640,2,0,,0,703,4,,
18323484301237878,17841402591799685,alcaldiadetulua,"Alcaldía de Tuluá","TRANSFORMACIÓN DE TULUÁ Así avanza la",15,"07/24/2025 06:54",,"Historia de Instagram",,Total,710,658,4,0,,1,692,,,
18005179571794336,17841402591799685,alcaldiadetulua,"Alcaldía de Tuluá",,15,"07/24/2025 06:28",,"Historia de Instagram",,Total,706,661,2,0,,1,770,,,
17891756136279390,17841402591799685,alcaldiadetulua,"Alcaldía de Tuluá",,10,"07/24/2025 06:28",,"Historia de Instagram",,Total,707,659,4,0,1,0,752,,,
18051220142392066,17841402591799685,alcaldiadetulua,"Alcaldía de Tuluá","Este viernes y sábado ⬇️⬇️",11,"07/24/2025 06:27",,"Historia de Instagram",,Total,705,668,2,1,,0,753,,,
18040190585648629,17841402591799685,alcaldiadetulua,"Alcaldía de Tuluá",,11,"07/24/2025 06:26",,"Historia de Instagram",,Total,722,680,3,0,,0,806,,1,
18098844343591522,17841402591799685,alcaldiadetulua,"Alcaldía de Tuluá",,15,"07/24/2025 05:16",,"Historia de Instagram",,Total,730,686,3,0,,1,862,2,,
18070488449011290,17841402591799685,alcaldiadetulua,"Alcaldía de Tuluá",,15,"07/24/2025 05:16",,"Historia de Instagram",,Total,752,709,4,2,1,0,850,,,
17894608443142736,17841402591799685,alcaldiadetulua,"Alcaldía de Tuluá",,15,"07/24/2025 05:16",,"Historia de Instagram",,Total,764,724,5,0,,1,841,2,,
18060540437034259,17841402591799685,alcaldiadetulua,"Alcaldía de Tuluá",,40,"07/24/2025 04:14",,"Historia de Instagram",,Total,799,757,9,0,2,3,807,,,
18101047663512020,17841402591799685,alcaldiadetulua,"Alcaldía de Tuluá",,60,"07/24/2025 04:14",,"Historia de Instagram",,Total,834,772,8,0,,0,837,,,
17978018720886705,17841402591799685,alcaldiadetulua,"Alcaldía de Tuluá","Control de Piques Ilegales 🚨🚔",60,"07/24/2025 04:14",,"Historia de Instagram",,Total,937,841,13,1,1,3,879,,,
18074061826953730,17841402591799685,alcaldiadetulua,"Alcaldía de Tuluá",,15,"07/23/2025 16:43",,"Historia de Instagram",,Total,748,704,9,0,2,1,759,,,
17858348937461569,17841402591799685,alcaldiadetulua,"Alcaldía de Tuluá","El BiblioBUS llegó a Tuluá 🤩📚🚐",15,"07/23/2025 15:39",,"Historia de Instagram",,Total,730,703,7,0,1,0,788,,,
18044370119304349,17841402591799685,alcaldiadetulua,"Alcaldía de Tuluá","Nos vemos ✌🏽",11,"07/23/2025 13:42",,"Historia de Instagram",,Total,728,705,4,0,,0,778,,,
18069871625009305,17841402591799685,alcaldiadetulua,"Alcaldía de Tuluá",,15,"07/23/2025 12:43",,"Historia de Instagram",,Total,731,709,8,0,1,0,790,,,
17910583044057895,17841402591799685,alcaldiadetulua,"Alcaldía de Tuluá","Nuestra campeona 🏅 ORO EN JUEGOS DEPARTAMENTALES",40,"07/23/2025 12:43",https://instagram.com/stories/alcaldiadetulua/3683268444423081209,"Historia de Instagram",,Total,922,861,21,0,2,1,842,2,,
18015793043562444,17841402591799685,alcaldiadetulua,"Alcaldía de Tuluá",,21,"07/23/2025 12:42",,"Historia de Instagram",,Total,792,756,16,1,2,0,785,4,,
18017241170740409,17841402591799685,alcaldiadetulua,"Alcaldía de Tuluá","Aprovecha este espacio💪🏼",11,"07/23/2025 10:25",,"Historia de Instagram",,Total,925,822,7,0,3,0,851,,,
17949453308990662,17841402591799685,alcaldiadetulua,"Alcaldía de Tuluá",,0,"07/22/2025 19:17",,"Historia de Instagram",,Total,662,638,8,0,1,0,702,2,,
18092574013634895,17841402591799685,alcaldiadetulua,"Alcaldía de Tuluá",,15,"07/22/2025 19:17",,"Historia de Instagram",,Total,689,661,9,0,2,0,718,,,
17877203133369361,17841402591799685,alcaldiadetulua,"Alcaldía de Tuluá",,15,"07/22/2025 18:27",,"Historia de Instagram",,Total,1252,996,12,1,4,1,674,,,1
18082197337848168,17841402591799685,alcaldiadetulua,"Alcaldía de Tuluá",,10,"07/22/2025 15:55",,"Historia de Instagram",,Total,649,612,4,0,1,0,700,,,
18116937226441578,17841402591799685,alcaldiadetulua,"Alcaldía de Tuluá",,15,"07/22/2025 15:17",,"Historia de Instagram",,Total,1167,948,4,0,,0,686,,,
18070091066284547,17841402591799685,alcaldiadetulua,"Alcaldía de Tuluá",,34,"07/22/2025 14:48",https://instagram.com/stories/alcaldiadetulua/3682606206242594476,"Historia de Instagram",,Total,815,736,11,2,,2,753,,,
17919498108126110,17841402591799685,alcaldiadetulua,"Alcaldía de Tuluá","Gracias por participar 🤩",0,"07/22/2025 14:34",,"Historia de Instagram",,Total,663,621,3,0,3,0,727,,,
18141157603416433,17841402591799685,alcaldiadetulua,"Alcaldía de Tuluá","Nos vemos este fin 
de semana 😎⬇️",10,"07/22/2025 14:33",,"Historia de Instagram",,Total,699,650,8,1,2,0,723,8,,
17964406607941349,17841402591799685,alcaldiadetulua,"Alcaldía de Tuluá","Geraldine:  La Tulueña que brilla en La Voz Kids España 🇪🇸",57,"07/22/2025 13:12",,"Historia de Instagram",,Total,,,0,0,,0,,,,
18086713801794470,17841402591799685,alcaldiadetulua,"Alcaldía de Tuluá",,15,"07/22/2025 09:12",,"Historia de Instagram",,Total,662,604,3,0,7,0,725,,,
17916004719141253,17841402591799685,alcaldiadetulua,"Alcaldía de Tuluá",,15,"07/22/2025 09:12",,"Historia de Instagram",,Total,675,613,3,0,,0,733,8,,
18357643045156084,17841402591799685,alcaldiadetulua,"Alcaldía de Tuluá","📍Centro Día",33,"07/22/2025 09:06",,"Historia de Instagram",,Total,693,630,5,0,,0,750,4,,
18281268238259252,17841402591799685,alcaldiadetulua,"Alcaldía de Tuluá",,15,"07/22/2025 09:05",,"Historia de Instagram",,Total,721,650,3,0,,0,785,2,,
17876424501390441,17841402591799685,alcaldiadetulua,"Alcaldía de Tuluá","Le cumplimos a la zona rural LLEGANDO CON SISBÉN ✅",15,"07/22/2025 09:03",,"Historia de Instagram",,Total,739,664,5,0,1,0,789,,,
18077290660746532,17841402591799685,alcaldiadetulua,"Alcaldía de Tuluá",,15,"07/22/2025 08:25",https://instagram.com/stories/alcaldiadetulua/3682413821785287441,"Historia de Instagram",,Total,1935,1404,10,0,1,0,816,,,
18323335831230721,17841402591799685,alcaldiadetulua,"Alcaldía de Tuluá","Tarde de cine en familia ✌🏽🤩⬇️",11,"07/22/2025 07:18",,"Historia de Instagram",,Total,819,728,6,0,1,1,851,,,
18288830371267918,17841402591799685,alcaldiadetulua,"Alcaldía de Tuluá",,13,"07/21/2025 20:39",,"Historia de Instagram",,Total,886,786,9,0,3,0,943,,,
18088607200676188,17841402591799685,alcaldiadetulua,"Alcaldía de Tuluá",,60,"07/21/2025 20:37",,"Historia de Instagram",,Total,1324,1085,12,4,3,2,940,,,1
17977913114739206,17841402591799685,alcaldiadetulua,"Alcaldía de Tuluá","¡Tuluá presente ! ¡Tuluá presente!✅🙌🏼 En los Juegos Departamentales 2025🤩",11,"07/21/2025 18:56",https://instagram.com/stories/alcaldiadetulua/3682006226947823163,"Historia de Instagram",,Total,2031,1562,18,0,3,2,971,,,
18350783137082812,17841402591799685,alcaldiadetulua,"Alcaldía de Tuluá","ALTA MONTAÑA✅🤩 Mejoramos las vías en zona",15,"07/21/2025 15:19",,"Historia de Instagram",,Total,866,759,6,0,2,1,929,,,
18518715517007454,17841402591799685,alcaldiadetulua,"Alcaldía de Tuluá",,0,"07/21/2025 09:18",,"Historia de Instagram",,Total,779,756,5,1,1,0,890,,,
18057542552341182,17841402591799685,alcaldiadetulua,"Alcaldía de Tuluá","Celebramos su día a Nuestros perritos 🤩🐶🐾",15,"07/21/2025 08:31",,"Historia de Instagram",,Total,794,763,7,0,3,0,902,,,
18119490139483045,17841402591799685,alcaldiadetulua,"Alcaldía de Tuluá","¡No te lo pierdas!⬇️",11,"07/21/2025 07:08",,"Historia de Instagram",,Total,832,804,6,1,1,0,909,,,
18415986337102705,17841402591799685,alcaldiadetulua,"Alcaldía de Tuluá",,15,"07/20/2025 16:57",,"Historia de Instagram",,Total,759,744,4,0,1,0,863,2,,
18103973641557398,17841402591799685,alcaldiadetulua,"Alcaldía de Tuluá",,15,"07/20/2025 16:57",,"Historia de Instagram",,Total,782,763,4,0,2,0,903,,,
18070192946104462,17841402591799685,alcaldiadetulua,"Alcaldía de Tuluá",,15,"07/20/2025 16:56",,"Historia de Instagram",,Total,801,784,8,1,1,0,919,3,,
18072387940831141,17841402591799685,alcaldiadetulua,"Alcaldía de Tuluá",,15,"07/20/2025 16:17",,"Historia de Instagram",,Total,838,803,4,0,1,0,867,,,
18065250890469252,17841402591799685,alcaldiadetulua,"Alcaldía de Tuluá","¡Fines de semana de mucho trabajo! ✌🏽TOPPING EN EL PUENTE NEGRO: LISTO ✅",17,"07/20/2025 10:30",,"Historia de Instagram",,Total,2314,1820,19,4,2,2,879,,,
17886855411326444,17841402591799685,alcaldiadetulua,"Alcaldía de Tuluá",,15,"07/20/2025 09:49",,"Historia de Instagram",,Total,865,832,7,0,1,0,939,,,
17861014737443844,17841402591799685,alcaldiadetulua,"Alcaldía de Tuluá",,15,"07/20/2025 09:27",,"Historia de Instagram",,Total,903,866,15,2,1,0,974,17,,
18389523514187745,17841402591799685,alcaldiadetulua,"Alcaldía de Tuluá",,17,"07/20/2025 09:27",,"Historia de Instagram",,Total,920,882,12,1,,0,965,,,
18073721824964286,17841402591799685,alcaldiadetulua,"Alcaldía de Tuluá","20 de Julio 🇨🇴",15,"07/20/2025 08:45",,"Historia de Instagram",,Total,956,903,27,1,1,0,1128,,,
18083878348853791,17841402591799685,alcaldiadetulua,"Alcaldía de Tuluá","📍 Parque de la Familia Nos vemos hoy 😎✌🏽",11,"07/20/2025 06:13",,"Historia de Instagram",,Total,1006,939,11,8,2,0,1146,,,
18061205636216290,17841402591799685,alcaldiadetulua,"Alcaldía de Tuluá",,20,"07/20/2025 06:07",,"Historia de Instagram",,Total,2781,2124,29,0,6,1,1158,,,
17910928860081344,17841402591799685,alcaldiadetulua,"Alcaldía de Tuluá",,11,"07/19/2025 10:01",,"Historia de Instagram",,Total,1150,1023,6,0,5,0,887,,,
18077921347923544,17841402591799685,alcaldiadetulua,"Alcaldía de Tuluá",,56,"07/19/2025 09:42",,"Historia de Instagram",,Total,836,814,10,0,1,0,919,2,,
18110421955518644,17841402591799685,alcaldiadetulua,"Alcaldía de Tuluá","@mundo89tulua  @mundo89tulua @lacarinosatulua  12:00 m",11,"07/19/2025 09:42",,"Historia de Instagram",,Total,1653,1444,8,0,2,0,923,,10,
17970407963770058,17841402591799685,alcaldiadetulua,"Alcaldía de Tuluá",,15,"07/18/2025 15:43",,"Historia de Instagram",,Total,694,667,6,0,1,0,704,,,
18510392035015650,17841402591799685,alcaldiadetulua,"Alcaldía de Tuluá",,0,"07/18/2025 10:45",,"Historia de Instagram",,Total,635,625,3,0,,0,685,,,
18379545193124206,17841402591799685,alcaldiadetulua,"Alcaldía de Tuluá",,15,"07/18/2025 10:45",,"Historia de Instagram",,Total,643,630,2,0,,0,709,1,,
18108859462521272,17841402591799685,alcaldiadetulua,"Alcaldía de Tuluá",,12,"07/18/2025 10:45",,"Historia de Instagram",,Total,652,637,4,0,,0,645,2,,
17851716510456478,17841402591799685,alcaldiadetulua,"Alcaldía de Tuluá",,15,"07/18/2025 10:44",,"Historia de Instagram",,Total,660,640,8,2,,0,695,,,
17928655109964648,17841402591799685,alcaldiadetulua,"Alcaldía de Tuluá","Y vos…",11,"07/18/2025 10:22",,"Historia de Instagram",,Total,1818,1424,4,0,1,0,745,,,
18070533215045183,17841402591799685,alcaldiadetulua,"Alcaldía de Tuluá","TRANSFORMANDO A Tuluá 📍 Las obras que están",15,"07/18/2025 10:19",,"Historia de Instagram",,Total,667,647,10,1,,2,678,,,
18046432691559126,17841402591799685,alcaldiadetulua,"Alcaldía de Tuluá","+240 personas hoy se alimentan  En el Comedor Comunitario",11,"07/18/2025 10:14",,"Historia de Instagram",,Total,688,667,7,0,,0,738,,,
18170251945343121,17841402591799685,alcaldiadetulua,"Alcaldía de Tuluá",,44,"07/18/2025 07:54",,"Historia de Instagram",,Total,733,703,7,1,1,0,776,4,,
17913794691118037,17841402591799685,alcaldiadetulua,"Alcaldía de Tuluá",,15,"07/18/2025 04:53",,"Historia de Instagram",,Total,740,711,4,0,,0,795,,,
17963803784793673,17841402591799685,alcaldiadetulua,"Alcaldía de Tuluá",,37,"07/18/2025 04:49",,"Historia de Instagram",,Total,787,747,2,1,,0,771,,,
17880096084242579,17841402591799685,alcaldiadetulua,"Alcaldía de Tuluá",,23,"07/17/2025 20:03",,"Historia de Instagram",,Total,789,747,5,0,,0,830,,,
18074429467980348,17841402591799685,alcaldiadetulua,"Alcaldía de Tuluá",,5,"07/17/2025 19:35",,"Historia de Instagram",,Total,848,792,2,0,1,0,786,9,,
18040350068648810,17841402591799685,alcaldiadetulua,"Alcaldía de Tuluá","Los tulueños tendrán espacios dignos y adecuados para recibir Atención Primaria en Salud ✅💪🏼 Ahora en Tres Esquinas 📍",21,"07/17/2025 15:55",,"Historia de Instagram",,Total,868,832,18,0,3,0,921,,,
18407572675109051,17841402591799685,alcaldiadetulua,"Alcaldía de Tuluá","Devolviéndole a los tulueños los espacios  Para Ser Felices💙🤩 📍 Puesto de Salud Tres Esquinas",9,"07/17/2025 15:48",,"Historia de Instagram",,Total,2170,1890,10,1,,0,895,,,
17977056740894262,17841402591799685,alcaldiadetulua,"Alcaldía de Tuluá","Hoy realizamos la  REAPERTURA 📍 Puesto de Salud Tres Esquinas",11,"07/17/2025 15:45",,"Historia de Instagram",,Total,2385,2038,12,1,2,0,1010,,,
18161939128322392,17841402591799685,alcaldiadetulua,"Alcaldía de Tuluá","Plazo hasta el 27 de julio ‼️🚨 Firma tu acta con",15,"07/17/2025 08:48",,"Historia de Instagram",,Total,888,850,5,0,2,0,927,,,
18097260010592673,17841402591799685,alcaldiadetulua,"Alcaldía de Tuluá","Cuidando lo que los tulueños comen 😎✅😔",15,"07/17/2025 08:29",,"Historia de Instagram",,Total,927,879,6,0,,0,936,,,
17849316612514309,17841402591799685,alcaldiadetulua,"Alcaldía de Tuluá","¡Seguimos transformando la salud en Tuluá!💪🏼✅ NOS VEMOS HOY 😎⬇️",11,"07/17/2025 05:07",,"Historia de Instagram",,Total,837,811,3,0,,0,943,,,
18093860317623547,17841402591799685,alcaldiadetulua,"Alcaldía de Tuluá","¡Allá nos vemos!😎",0,"07/17/2025 05:04",,"Historia de Instagram",,Total,907,878,3,0,2,0,965,,,
18051273689418078,17841402591799685,alcaldiadetulua,"Alcaldía de Tuluá","Hablando con la comunidad sobre las obras que están transformando a Tuluá 💙🤩 Nuestro alcalde @gustavovelezr",7,"07/16/2025 18:42",,"Historia de Instagram",,Total,2451,2167,9,1,2,0,718,,,
18100993405576649,17841402591799685,alcaldiadetulua,"Alcaldía de Tuluá",,15,"07/16/2025 15:53",,"Historia de Instagram",,Total,594,575,1,1,1,1,671,,,
18288443632269783,17841402591799685,alcaldiadetulua,"Alcaldía de Tuluá",,15,"07/16/2025 15:53",,"Historia de Instagram",,Total,613,592,3,0,,0,673,,,
17917240653017562,17841402591799685,alcaldiadetulua,"Alcaldía de Tuluá","🏥🌿 Atención Primaria en Salud sigue recorriendo la zona rural de Tuluá ✅",15,"07/16/2025 15:02",,"Historia de Instagram",,Total,595,580,3,0,,0,630,,,
18042591233641860,17841402591799685,alcaldiadetulua,"Alcaldía de Tuluá",,15,"07/16/2025 14:14",,"Historia de Instagram",,Total,601,583,8,0,1,0,628,,,
18059500817462567,17841402591799685,alcaldiadetulua,"Alcaldía de Tuluá",,10,"07/16/2025 13:54",,"Historia de Instagram",,Total,625,605,4,0,,0,682,,,
18049805528405417,17841402591799685,alcaldiadetulua,"Alcaldía de Tuluá",,15,"07/16/2025 11:46",,"Historia de Instagram",,Total,645,619,12,4,1,0,679,,,
17961133334955133,17841402591799685,alcaldiadetulua,"Alcaldía de Tuluá","📍 Buenos Aires y Zona de Puentes",48,"07/16/2025 11:40",,"Historia de Instagram",,Total,633,617,9,2,,1,732,,,
18073631846050045,17841402591799685,alcaldiadetulua,"Alcaldía de Tuluá",,15,"07/16/2025 11:39",,"Historia de Instagram",,Total,660,643,5,0,,0,696,,,
18090646183637750,17841402591799685,alcaldiadetulua,"Alcaldía de Tuluá",,0,"07/16/2025 09:34",,"Historia de Instagram",,Total,618,596,5,0,,0,739,,,
17992307228817901,17841402591799685,alcaldiadetulua,"Alcaldía de Tuluá","Nos vemos este fin de semana ⬇️",11,"07/16/2025 09:28",,"Historia de Instagram",,Total,630,616,5,2,,2,729,,,
18073698826974099,17841402591799685,alcaldiadetulua,"Alcaldía de Tuluá",,27,"07/16/2025 09:25",,"Historia de Instagram",,Total,632,613,5,0,,0,726,,,
17915496480152757,17841402591799685,alcaldiadetulua,"Alcaldía de Tuluá",,44,"07/16/2025 09:21",,"Historia de Instagram",,Total,666,632,7,0,,0,772,10,,
17924127060097935,17841402591799685,alcaldiadetulua,"Alcaldía de Tuluá","Hoy en nuestro CentroDía 🤩",54,"07/16/2025 07:21",,"Historia de Instagram",,Total,647,615,7,0,1,0,738,6,,
17844559071533002,17841402591799685,alcaldiadetulua,"Alcaldía de Tuluá",,15,"07/16/2025 06:37",,"Historia de Instagram",,Total,655,617,6,0,1,0,711,,,
18037196609662925,17841402591799685,alcaldiadetulua,"Alcaldía de Tuluá","Conmemoración Día de la Virgen del Carmen, patrona de los conductores 💙 🙏🏼 Desde muy temprano, acompañando a la comunidad 🙏🏼",60,"07/16/2025 05:47",,"Historia de Instagram",,Total,696,658,15,0,1,0,720,,,
17885344806203631,17841402591799685,alcaldiadetulua,"Alcaldía de Tuluá",,15,"07/15/2025 16:55",,"Historia de Instagram",,Total,604,565,2,0,1,0,632,,,1
18394961413143624,17841402591799685,alcaldiadetulua,"Alcaldía de Tuluá",,11,"07/15/2025 15:41",,"Historia de Instagram",,Total,632,600,2,0,,0,682,,,
18070116728021870,17841402591799685,alcaldiadetulua,"Alcaldía de Tuluá",,0,"07/15/2025 10:35",,"Historia de Instagram",,Total,558,527,3,0,,0,662,,,
18057239696343214,17841402591799685,alcaldiadetulua,"Alcaldía de Tuluá",,0,"07/15/2025 10:32",,"Historia de Instagram",,Total,571,544,3,0,,0,622,,,
17932605884948159,17841402591799685,alcaldiadetulua,"Alcaldía de Tuluá",,11,"07/15/2025 10:31",,"Historia de Instagram",,Total,579,550,4,1,2,0,601,4,,
18280755598257955,17841402591799685,alcaldiadetulua,"Alcaldía de Tuluá","NOS VEMOS ESTE 26 y 27 DE JULIO 😎🏁 ENTÉRATE",15,"07/15/2025 09:34",,"Historia de Instagram",,Total,560,534,3,0,,0,642,1,,
18077752330925752,17841402591799685,alcaldiadetulua,"Alcaldía de Tuluá","Seguimos señalizando⛔️✅ Transformando nuestras vías para los tulueños 🙌🏼",11,"07/15/2025 09:33",,"Historia de Instagram",,Total,583,561,6,0,,1,661,,,
17892226212270357,17841402591799685,alcaldiadetulua,"Alcaldía de Tuluá",,15,"07/15/2025 09:01",,"Historia de Instagram",,Total,583,563,2,0,1,0,642,,,
18094434847627748,17841402591799685,alcaldiadetulua,"Alcaldía de Tuluá",,15,"07/15/2025 09:01",,"Historia de Instagram",,Total,591,568,3,0,3,0,606,,,
18524775757015057,17841402591799685,alcaldiadetulua,"Alcaldía de Tuluá",,30,"07/18/2025 13:12",,"Historia de Instagram",,Total,1051,892,1,0,,0,695,18,4,
18076028497750210,17841402591799685,alcaldiadetulua,"Alcaldía de Tuluá","SON UNA REALIDAD🤩✅ Las nuevas vías… En Tuluá,",15,"07/14/2025 07:49",,"Historia de Instagram",,Total,868,800,13,0,,2,892,
18069415889104684,17841402591799685,alcaldiadetulua,"Alcaldía de Tuluá",,0,"07/15/2025 08:34",,"Historia de Instagram",,Total,597,565,4,0,3,0,613,
17858441163452290,17841402591799685,alcaldiadetulua,"Alcaldía de Tuluá",,0,"07/14/2025 16:37",,"Historia de Instagram",,Total,716,676,4,3,2,1,793,
18071219276283964,17841402591799685,alcaldiadetulua,"Alcaldía de Tuluá",,20,"07/14/2025 15:54",,"Historia de Instagram",,Total,707,682,9,0,1,0,740,
18153389383378829,17841402591799685,alcaldiadetulua,"Alcaldía de Tuluá",,15,"07/14/2025 15:37",,"Historia de Instagram",,Total,712,690,9,0,1,0,774,
18100024843571941,17841402591799685,alcaldiadetulua,"Alcaldía de Tuluá","ESTE 26 y 27 de julio 😎😎😎 Nos vemos en Tuluá 🏁",32,"07/14/2025 15:25",,"Historia de Instagram",,Total,743,709,10,11,,0,813,
17910239514176037,17841402591799685,alcaldiadetulua,"Alcaldía de Tuluá",,0,"07/14/2025 14:28",,"Historia de Instagram",,Total,740,710,8,0,2,0,847,5
18513571054019193,17841402591799685,alcaldiadetulua,"Alcaldía de Tuluá",,10,"07/14/2025 13:24",,"Historia de Instagram",,Total,751,719,8,0,1,0,830,3
17888723244295422,17841402591799685,alcaldiadetulua,"Alcaldía de Tuluá",,0,"07/14/2025 10:07",,"Historia de Instagram",,Total,730,681,5,0,,0,830,
18046250762263836,17841402591799685,alcaldiadetulua,"Alcaldía de Tuluá","ATENCIÓN JOVEN TULUEÑO📢",11,"07/14/2025 10:07",,"Historia de Instagram",,Total,761,714,6,0,,0,839,
