"Identificador de la publicación","Identificador de la página","Nombre de la página",Título,Descripción,"Duración (segundos)","Hora de publicación","Tipo de subtítulo","Enlace permanente","Es una publicación cruzada","Es una publicación compartida","Tipo de publicación",Idiomas,"Etiquetas personalizadas","Estado de contenido financiado","Comentario sobre los datos",Fecha,Visualizaciones,Alcance,"Reacciones, comentarios y veces que se compartió",Reacciones,Comentarios,"Veces que se compartió","Total de clics","Consumo de segmentación del público coincidente (Photo Click)","Clics de otro tipo","Clics en el enlace","Segundos reproducidos","Segundos en promedio reproducidos","Ingresos estimados (USD)","Impresiones del anuncio","CPM del anuncio (USD)","Comentarios negativos de los usuarios: Ocultar"
1197598985740765,100064720237286,"Alcaldía de Tuluá","#Noticias | Más de 3.000 personas vibraron con la velocidad en la segunda versión de 1/4 de milla

Más de 3.000 personas vibraron con este espectáculo deportivo que reunió a más de 140 pilotos provenientes de diferentes regiones del país, en una competencia que sigue posicionando a Tuluá como referente nacional del automovilismo.

Lee la noticia completa:⬇⬇⬇
",,0,"07/28/2025 14:58",N/A,https://www.facebook.com/AlcaldiaDeTulua/posts/pfbid033xRoks2F657eQLgHe77v4SdM9HWwmXeXXS5hj5rQu9oBZnArk9ebexwr7MJZnWhgl,0,0,Enlaces,,,,,Total,1609,1053,31,27,0,4,11,,5,6,,,,,,
1197646359069361,100064720237286,"Alcaldía de Tuluá","🚀 ¡Emprende, crece y transforma tu futuro con ConRed! 🌟

¿Tienes un emprendimiento físico o virtual? ¿Quieres fortalecer tu perfil profesional? 💼✨
Entonces este programa es para ti. ConRed es una estrategia de competitividad y turismo pensada para impulsar el desarrollo socioeconómico de Tuluá, ¡y tú puedes ser parte! 🙌

📍 Acércate a las oficinas de Planeación o Renta Ciudadana en el segundo piso del Centro Comercial Bicentenario Plaza e inscríbete antes del 4 de agosto. 💡 ¡No dejes pasar esta oportunidad de crecer con tu ciudad! 💙 #ParaSerFelices","🚀 ¡Emprende, crece y transforma tu futuro con ConRed! 🌟

¿Tienes un emprendimiento físico o virtual? ¿Quieres fortalecer tu perfil profesional? 💼✨
Entonces este programa es para ti. ConRed es una estrategia de competitividad y turismo pensada para impulsar el desarrollo socioeconómico de Tuluá, ¡y tú puedes ser parte! 🙌

📍 Acércate a las oficinas de Planeación o Renta Ciudadana en el segundo piso del Centro Comercial Bicentenario Plaza e inscríbete antes del 4 de agosto. 💡 ¡No dejes pasar esta oportunidad de crecer con tu ciudad! 💙 #ParaSerFelices",33,"07/28/2025 16:50",N/A,https://www.facebook.com/reel/1052479177049698/,1,0,Reels,,,,,Total,1383,982,42,32,1,9,7,,7,,6539.837,5.261,0,0,,
1198305749003422,100064720237286,"Alcaldía de Tuluá","🛠️💧¡Puerto Frazadas ahora duerme tranquilo!

Con una obra de 31 metros lineales, realizamos el recalce del muro en este corregimiento, fortaleciendo la protección contra inundaciones y reduciendo riesgos de desastres naturales.

Esta intervención mejora la seguridad de las familias y demuestra que ¡sí estamos transformando la infraestructura de nuestra zona rural! 🌱🚜 #ParaSerFelices 💙","🛠️💧¡Puerto Frazadas ahora duerme tranquilo!

Con una obra de 31 metros lineales, realizamos el recalce del muro en este corregimiento, fortaleciendo la protección contra inundaciones y reduciendo riesgos de desastres naturales.

Esta intervención mejora la seguridad de las familias y demuestra que ¡sí estamos transformando la infraestructura de nuestra zona rural! 🌱🚜 #ParaSerFelices 💙",40,"07/29/2025 10:51",uploaded,https://www.facebook.com/reel/773186681901783/,1,0,Reels,,,,,Total,1791,945,86,68,2,16,11,,11,,10129.079,6.326,0,0,,
1198503508983646,100064720237286,"Alcaldía de Tuluá","#BienestarSocial | Tuluá conmemoró el Día de las Cuidadoras.

Con una jornada de autocuidado y encuentro emocional, se realizó la conmemoración del Día de los Cuidadores, un espacio liderado por la Administración Municipal para agradecer y visibilizar la labor silenciosa de quienes entregan su vida al cuidado de otras personas.

Lee la noticia completa:⬇️⬇️⬇️
",,0,"07/29/2025 17:39",N/A,https://www.facebook.com/AlcaldiaDeTulua/posts/pfbid02gJBgnowotqCbg18NY2WgoWibqJzR5JWMiSaenhLpwDjdL8tid4g5Yfo5rDkvPvicl,0,0,Enlaces,,,,,Total,1443,972,29,25,0,4,5,,2,3,,,,,,
1198504265650237,100064720237286,"Alcaldía de Tuluá","#Obras | Nuevo paso vehicular mejora la movilidad entre los barrios Escobar y Rojas.

Con el nuevo paso vehicular que se está construyendo entre los barrios Escobar y Rojas, Tuluá avanza hacia una movilidad más fluida, segura y ordenada. Esta obra ya permite una conexión directa entre el oriente y el occidente del municipio, beneficiando a miles de ciudadanos que diariamente transitan por este sector, especialmente hacia zonas clave como el Hospital Rubén Cruz Vélez y barrios aledaños.

Lee la noticia completa:⬇️⬇️⬇️
",,0,"07/29/2025 17:41",N/A,https://www.facebook.com/AlcaldiaDeTulua/posts/pfbid0Ygec9Qp45zaXwMZUrTz8zfdt2k18jJZbECVE5FWNpP8FUeNnycHcNSp1JkhGTRDZl,0,0,Enlaces,,,,,Total,37758,24912,412,309,55,48,1289,,659,630,,,,,,
1198505052316825,100064720237286,"Alcaldía de Tuluá","#Privada | Alcaldía realizará Gran Foro Comunal, un espacio para aprender y fortalecer el trabajo comunitario.

Este sábado 2 de agosto , la Alcaldía de Tuluá realizará el Gran Foro Comunal , un encuentro pensado para todos los líderes y dignatarios de las Juntas de Acción Comunal del municipio. La jornada se llevará a cabo en la tarima de la plazoleta de Mecatos, en el Coliseo de Ferias Manuel Victoria Rojas , desde las 9:30 de la mañana hasta las 3:30 de la tarde.

Lee la noticia completa:⬇️⬇️⬇️
",,0,"07/29/2025 17:42",N/A,https://www.facebook.com/AlcaldiaDeTulua/posts/pfbid02df224t79Sf7pHuhRhc89PjgbpfGbTYkoVi7r6J6cruExe9gp4GHkNRBsTwpc8pml,0,0,Enlaces,,,,,Total,1786,1147,31,23,1,7,14,,7,7,,,,,,
1198508268983170,100064720237286,"Alcaldía de Tuluá","🔥 ¡Llega Agosto y con él un gran espacio para los jóvenes! 🎉🙌

Si tienes entre 14 y 28 años… ¡esto es para ti! Prepárate para vivir dos días llenos de energía, talento y color en el JovenFest 2025 🎶🎨🌈
Este 15 y 16 de agosto, el Coliseo de Ferias será el punto de encuentro de los jóvenes tulueños para disfrutar lo mejor de la creatividad, el emprendimiento y la cultura.

🧑🏽‍🎤 Feria de emprendimiento
🏍 Torneo de stunt
🎨 Taller de graffiti
🎭 Presentaciones artísticas
🌈 Y para cerrar… ¡el increíble Color Fest!

🎥 Pasa esta info a tus parches y nos vemos en el JovenFest. 💙🔥 #ParaSerFelices #JovenFest2025","🔥 ¡Llega Agosto y con él un gran espacio para los jóvenes! 🎉🙌

Si tienes entre 14 y 28 años… ¡esto es para ti! Prepárate para vivir dos días llenos de energía, talento y color en el JovenFest 2025 🎶🎨🌈
Este 15 y 16 de agosto, el Coliseo de Ferias será el punto de encuentro de los jóvenes tulueños para disfrutar lo mejor de la creatividad, el emprendimiento y la cultura.

🧑🏽‍🎤 Feria de emprendimiento
🏍 Torneo de stunt
🎨 Taller de graffiti
🎭 Presentaciones artísticas
🌈 Y para cerrar… ¡el increíble Color Fest!

🎥 Pasa esta info a tus parches y nos vemos en el JovenFest. 💙🔥 #ParaSerFelices #JovenFest2025",33,"07/29/2025 17:48",uploaded,https://www.facebook.com/reel/2181589882282589/,1,0,Reels,,,,,Total,2405,1273,42,29,2,11,13,,13,,12043.033,5.718,0,0,,
1199077162259614,100064720237286,"Alcaldía de Tuluá","#Obras | Habitantes de Puerto Frazadas ahora duermen tranquilos.

Con la recuperación de 31 metros lineales de estructura, la Alcaldía Municipal hizo la entrega de una importante obra de recalce y refuerzo del muro de contención en el corregimiento Puerto Frazadas, zona rural montañosa de Tuluá. Esta intervención se realizó sobre la quebrada Los Trópicos, un punto crítico que durante años ha representado riesgo de desbordamientos e inundaciones para los habitantes del sector.

Lee la noticia completa:⬇️⬇️⬇️
",,0,"07/30/2025 10:04",N/A,https://www.facebook.com/AlcaldiaDeTulua/posts/pfbid0Q33iMnxHvboebtyrjNkr97VhNxJmcuHC2sgWWnXXt3P3DBR79Y731brxXUbYPz4pl,0,0,Enlaces,,,,,Total,2710,1673,46,34,1,11,15,,6,9,,,,,,
1199125582254772,100064720237286,"Alcaldía de Tuluá","🚧 ¡Iniciamos pavimentación en la calle 29A! 🛣️💪

Con 47 metros lineales, arrancamos una obra clave para la movilidad en el barrio Sajonia, una vía que muy pronto conectará de forma segura con la carrera 19 y los barrios Pueblo Nuevo y Progresar. ✅

Esta pavimentación no solo mejora el tránsito, también rompe barreras y une a más tulueños. ¡Seguimos cerrando brechas con obras que transforman! 💙🙌 #ParaSerFelices","🚧 ¡Iniciamos pavimentación en la calle 29A! 🛣️💪

Con 47 metros lineales, arrancamos una obra clave para la movilidad en el barrio Sajonia, una vía que muy pronto conectará de forma segura con la carrera 19 y los barrios Pueblo Nuevo y Progresar. ✅

Esta pavimentación no solo mejora el tránsito, también rompe barreras y une a más tulueños. ¡Seguimos cerrando brechas con obras que transforman! 💙🙌 #ParaSerFelices",23,"07/30/2025 11:26",uploaded,https://www.facebook.com/reel/2115753268834447/,1,0,Reels,,,,,Total,5333,3245,160,130,8,22,128,,128,,36189.319,7.906,0,0,,
1199438325556831,100064720237286,"Alcaldía de Tuluá","Luzmila, Madre sustituta y ejemplo de entrega 👩‍👧🌟

Hoy, tiene bajo su cuidado a una niña con discapacidad.💜 Gracias a su compromiso, Luzmila ahora es beneficiaria de los programas que ofrece la Administración Municipal y que fortalecen su labor como cuidadora. 🙌💙

Porque ser cuidadora también es amar… y su historia merece ser reconocida. #ParaSerFelices 💙","Luzmila, Madre sustituta y ejemplo de entrega 👩‍👧🌟

Hoy, tiene bajo su cuidado a una niña con discapacidad.💜 Gracias a su compromiso, Luzmila ahora es beneficiaria de los programas que ofrece la Administración Municipal y que fortalecen su labor como cuidadora. 🙌💙

Porque ser cuidadora también es amar… y su historia merece ser reconocida. #ParaSerFelices 💙",92,"07/30/2025 17:24",uploaded,https://www.facebook.com/reel/805180058519257/,1,0,Reels,,,,,Total,2425,1426,90,70,3,17,28,,28,,25093.665,11.354,0,0,,
1200109988822998,100064720237286,"Alcaldía de Tuluá","#BienestarSocial | 150 Adultos mayores llenaron de talento y color la feria de emprendimiento en Centro Día.

Con una muestra llena de talento, color y creatividad, 150 adultos mayores participaron en una jornada de emprendimientos liderada por el programa Centro Día Para Ser Felices, promovido por la Alcaldía de Tuluá a través de la Secretaría de Bienestar Social. En esta actividad, los participantes tuvieron la oportunidad de exponer sus manualidades, demostrando que la edad no es un límite para crear, emprender y aportar al desarrollo del municipio.

Lee la noticia completa:⬇⬇⬇
",,0,"07/31/2025 12:55",N/A,https://www.facebook.com/AlcaldiaDeTulua/posts/pfbid0xAVw9uzkhEjAwU635qHuhAEP8zuh6HZPeSp8e5CPoujDp4PogjXpKwhd327dVSWEl,0,0,Enlaces,,,,,Total,1749,1058,28,24,0,4,13,,4,9,,,,,,
1200231935477470,100064720237286,"Alcaldía de Tuluá","🎓✨ ¡Tuluá graduó 27 artistas! 🎭🎶🎨💃

27 tulueños se graduaron hoy como la primera promoción de la Escuela Municipal de Arte, un sueño hecho realidad gracias al liderazgo del alcalde Gustavo Vélez Román 💙🙌 👩‍🎓👨‍🎓 Nuestros estudiantes recibieron su certificado técnico laboral por competencias, después de 15 meses de formación en 🎼 Música, 🎭 Teatro,🎨 Artes Plásticas y💃 Danza. #ParaSerFelices 💙✌🏽",,0,"07/31/2025 16:56",N/A,https://www.facebook.com/AlcaldiaDeTulua/posts/pfbid05g2jFNn8TqbXpajW6CMR4axLDWJzgQmT6P5xFGFounuFUyx4Je1sQm1Zu6PiB9akl,0,0,Fotos,,,,,Total,15358,7160,283,220,33,30,1410,930,480,,,,,,,
1200727298761267,100064720237286,"Alcaldía de Tuluá","🚧 ¡Ahora Progresar va hasta la 40! 🚗✨

Con obras como el paso de la calle 34, o el box culvert de la calle 23 los tulueños ahora pueden llegar más rápido y de manera más ágil a sus sentidos con vías totalmente renovadas 🛣️.

Con esto, seguimos mejorando la movilidad en nuestro municipio 💪🏽🏙️. #ParaSerFelices","🚧 ¡Ahora Progresar va hasta la 40! 🚗✨

Con obras como el paso de la calle 34, o el box culvert de la calle 23 los tulueños ahora pueden llegar más rápido y de manera más ágil a sus sentidos con vías totalmente renovadas 🛣️.

Con esto, seguimos mejorando la movilidad en nuestro municipio 💪🏽🏙️. #ParaSerFelices",69,"08/01/2025 07:13",mixed,https://www.facebook.com/reel/717258144416741/,1,0,Reels,,,,,Total,25799,11261,1238,914,181,143,532,,532,,317259.272,14.537,0,0,,
1200842125416451,100064720237286,"Alcaldía de Tuluá","#Obras | Conectamos los barrios Sajonia y Pueblo Nuevo

Los habitantes de los barrios Sajonia y Pueblo Nuevos ya cuentan con un nuevo paso vehicular gracias a la apertura de la calle 29A, entre las carreras 19 y 20, una obra que mejorará la movilidad en este importante sector de la galería.

Lee la noticia completa: ⬇⬇⬇
",,0,"08/01/2025 10:01",N/A,https://www.facebook.com/AlcaldiaDeTulua/posts/pfbid0HNzLi8KtJCSYZmKrDrJaS1qMYCtzzNA6dqvPZ2ok35TK1kSMSMLjiTGBAp1K5VCrl,0,0,Enlaces,,,,,Total,2863,2025,40,31,1,8,44,,10,34,,,,,,
1200847718749225,100064720237286,"Alcaldía de Tuluá","#Deportes | Tuluá se mantiene Tercero en Juegos Departamentales

Con un total de 98 medallas: 47 de oro, 25 de plata y 26 de bronce, Tuluá se mantiene en el tercer puesto del medallero general de los Juegos Departamentales 2025..

Lee la noticia completa:⬇⬇⬇
",,0,"08/01/2025 10:10",N/A,https://www.facebook.com/AlcaldiaDeTulua/posts/pfbid02fHRtqmu4RtJQTL8GCHqZSV7jv5Frcui5SWUB48cD1rp1uMsCNxAjzEgbTQUK5nFYl,0,0,Enlaces,,,,,Total,1744,1145,34,28,0,6,7,,1,6,,,,,,
1200934832073847,100064720237286,"Alcaldía de Tuluá","🥇🏆 ¡Tuluá se mantiene Tercero en Juegos Departamentales! 💥🙌

Con 98 medallas y más de 350 deportistas entregando lo mejor en 33 disciplinas, nuestro municipio se consolida en el tercer lugar del medallero, dejando en alto el nombre de Tuluá. 💚🔥

🏋️‍♀️⚽🎾🏐 Disciplinas como pesas, fútbol femenino, tenis de mesa y voleibol han sido clave en este gran logro. ¡Seguimos demostrando que el talento tulueño no tiene límites! 💪 #ParaSerFelices",,0,"08/01/2025 12:30",N/A,https://www.facebook.com/AlcaldiaDeTulua/posts/pfbid02UBRCSeE5qTqmZTmprodDjWvs3K1Yjxxv53nEQDhJGk9sBxvqAZEu2YRs15pxVGS8l,0,0,Fotos,,,,,Total,11096,6063,129,85,12,32,601,359,242,,,,,,,
1201023725398291,100064720237286,"Alcaldía de Tuluá","🎉 ¡Así reaccionaron los nuevos artistas! 🎨🎭🎶

Estos talentosos artistas ya hacen parte de la primera promoción de la Escuela Municipal de Arte, formados como Técnicos Laborales en Artes con énfasis en música, danza, teatro y artes plásticas. 💃🖌️🥁 ¡Y estas son sus reacciones! 👏🏽💙

Seguimos apostándole al arte como una verdadera forma de vida. #ParaSerFelices 🎓✨","🎉 ¡Así reaccionaron los nuevos artistas! 🎨🎭🎶

Estos talentosos artistas ya hacen parte de la primera promoción de la Escuela Municipal de Arte, formados como Técnicos Laborales en Artes con énfasis en música, danza, teatro y artes plásticas. 💃🖌️🥁 ¡Y estas son sus reacciones! 👏🏽💙

Seguimos apostándole al arte como una verdadera forma de vida. #ParaSerFelices 🎓✨",63,"08/01/2025 15:32",N/A,https://www.facebook.com/reel/1291181316004094/,1,0,Reels,,,,,Total,1602,1085,57,47,3,7,38,,38,,13109.609,9.199,0,0,,
1201657402001590,100064720237286,"Alcaldía de Tuluá","🎙️#ElPodcastdeVélez | Episodio 25. Obras y vías que conectan a Tuluá.

En este nuevo episodio, el periodista Orlando Rengifo conversa con nuestro alcalde Gustavo Vélez sobre las obras viales que están transformando a Tuluá.

🚧 Conectividad, seguridad y facilidad de acceso son algunas de las mejoras que traerán estas vías que enlazarán diferentes barrios y mejorarán la movilidad de todos los tulueños.","🎙️#ElPodcastdeVélez | Episodio 25. Obras y vías que conectan a Tuluá.

En este nuevo episodio, el periodista Orlando Rengifo conversa con nuestro alcalde Gustavo Vélez sobre las obras viales que están transformando a Tuluá.

🚧 Conectividad, seguridad y facilidad de acceso son algunas de las mejoras que traerán estas vías que enlazarán diferentes barrios y mejorarán la movilidad de todos los tulueños.",1006,"08/02/2025 10:00",N/A,https://www.facebook.com/AlcaldiaDeTulua/videos/625099110214104/,1,0,Videos,,,,,Total,2464,2068,172,105,11,56,74,,74,,85004.232,39.262,0,0,0,
1201737798660217,100064720237286,"Alcaldía de Tuluá","👥 Líderes comunales serán capacitados en Tuluá 💪

Más de 100 representantes de diferentes sectores del municipio participaron este sábado en el Gran Foro Comunal 2025, un espacio diseñado para fortalecer sus capacidades en liderazgo, economía solidaria y emprendimiento.

Un encuentro de formación clave para el fortalecimiento de las Juntas de Acción Comunal. Espacios ParaSerFelices 💙✌🏽",,0,"08/02/2025 12:14",N/A,https://www.facebook.com/AlcaldiaDeTulua/posts/pfbid02HfhQouuEuhc5eNtchDdea2yPNmiyT8adnApAbTuACw2z74Kmm1ZfYX53Ds182U8ol,0,0,Fotos,,,,,Total,8037,4075,110,80,10,20,762,495,267,,,,,,,
1201842511983079,100064720237286,"Alcaldía de Tuluá","#Noticias | Desde el Foro Comunal 2025, te contamos las noticias más importantes de la semana. Nuevo episodio de 45 Segundos #ParaSerFelices 🤩✌🏽","#Noticias | Desde el Foro Comunal 2025, te contamos las noticias más importantes de la semana. Nuevo episodio de 45 Segundos #ParaSerFelices 🤩✌🏽",69,"08/02/2025 15:57",N/A,https://www.facebook.com/reel/4203378243319621/,1,0,Reels,,,,,Total,2518,1612,83,58,8,17,34,,34,,25789.175,11.477,0,0,,
1203383745162289,100064720237286,"Alcaldía de Tuluá","¡Regresan los Juegos Intercolegiados! 🏆🔥

¡La emoción del deporte escolar vuelve con toda! Más de 3.100 estudiantes participan en esta gran fiesta deportiva que reune a lo mejor del talento juvenil en 22 disciplinas. ⚽🏀🏐🥋🎾

💪 ¡Porque en Tuluá, el deporte también es formación! #ParaSerFelices 💙","¡Regresan los Juegos Intercolegiados! 🏆🔥

¡La emoción del deporte escolar vuelve con toda! Más de 3.100 estudiantes participan en esta gran fiesta deportiva que reune a lo mejor del talento juvenil en 22 disciplinas. ⚽🏀🏐🥋🎾

💪 ¡Porque en Tuluá, el deporte también es formación! #ParaSerFelices 💙",50,"08/04/2025 10:28",uploaded,https://www.facebook.com/reel/1497523658081775/,1,0,Reels,,,,,Total,3366,1670,197,163,1,33,39,,39,,22117.598,7.738,0,0,,
1203514375149226,100064720237286,"Alcaldía de Tuluá","🎤🎨 ¡Atención artistas jóvenes de Tuluá! 🎶💃

¿Tienes talento en la música, el arte, la danza o cualquier expresión artística? 🌟 ¡Esta es tu oportunidad!
Haz parte de la agenda cultural del JovenFest 2025 en la Semana de la Juventud. 🔥

📌 INSCRÍBETE YA y demuestra tu talento en uno de los eventos más esperados del año.
🗓️ Tienes plazo hasta el 8 de agosto. ¡No te quedes por fuera!

👉 https://forms.gle/WFfFPg4jrjkmiNvaA

#JovenFest2025 #ParaSerFelices 💙",,0,"08/04/2025 14:29",N/A,https://www.facebook.com/AlcaldiaDeTulua/posts/pfbid0NwbYx3TEYSnvZqcxFqHdhbDB8tWsr2FMVQbYaW5Xyy5f5YALoeMbcNHSA2BSQYREl,0,0,Fotos,,,,,Total,2988,1742,37,27,3,7,47,18,24,5,,,,,,
1203514885149175,100064720237286,"Alcaldía de Tuluá","🚨 ¡Jóvenes emprendedores de Tuluá, esta es tu oportunidad! 🚨

¿Tienes un emprendimiento y quieres darlo a conocer? 💼✨
En el JovenFest 2025 podrás mostrar tu marca, conectar con nuevos públicos y hacer parte de la Semana de la Juventud. 🛍️🔥

💡 Si eres joven, tulueño y emprendedor, ¡INSCRÍBETE YA!
🗓️ Tienes plazo hasta el 8 de agosto. No dejes pasar esta oportunidad.

¡INSCRÍBETE!
👉 https://docs.google.com/forms/d/e/1FAIpQLSeVTPH8c0yVOmk103DCBhXGgBx28wTpsiaBtMX5ZbLXFdvWpA/viewform",,0,"08/04/2025 14:30",N/A,https://www.facebook.com/AlcaldiaDeTulua/posts/pfbid02J72wcvzxHi9n8psUXtrzM93qgXxY1bsen8h1sDtdzVMV4Jz3EkBfzySmSx4W1edkl,0,0,Fotos,,,,,Total,1578,1008,23,20,0,3,11,4,1,6,,,,,,
1203565061810824,100064720237286,"Alcaldía de Tuluá","¡Llegamos a Altaflor y La Balastrera!🚐💙

Con atención integral en estos sectores, seguimos llevando servicios esenciales a nuestras comunidades rurales.
👩🏽‍⚕️ Atendiendo a +150 personas con Equipos Básicos de Salud, Programas Nacionales y Sisbén

🎨 Además, llevamos salud, cultura, vacunas antirrábicas y alegría a estos territorios.🌟 Espacios #ParaSerFelices porque en Tuluá... ¡la transformación se vive en cada rincón! ✌🏽💙",,0,"08/04/2025 16:20",N/A,https://www.facebook.com/AlcaldiaDeTulua/posts/pfbid0mhwqd4ZNgxG222tuUi53BU3szTyaFPvTwwgMeL8bpkSu2npio5kpQdt4PhNwN7u5l,0,0,Fotos,,,,,Total,1862,1177,38,27,0,11,44,34,10,,,,,,,
1203571655143498,100064720237286,"Alcaldía de Tuluá","#ArteyCultura | Tuluá graduó 27 artistas

27 tulueños se graduaron como la primera promoción de la Escuela Municipal de Artes , recibiendo su certificado técnico laboral por competencias en las áreas de Música, Teatro, Artes Plásticas y Danza, tras culminar un proceso de formación de 15 meses. 

Lee la noticia: ⬇⬇⬇
",,0,"08/04/2025 16:34",N/A,https://www.facebook.com/AlcaldiaDeTulua/posts/pfbid0T2ujnSVVtWik5FDCsfj4Uc2VnuuUJGNECGiVgjBj8Veq3Jr17YHHiX8dhV1SP6GZl,0,0,Enlaces,,,,,Total,1801,1166,28,24,2,2,23,,14,9,,,,,,
1203574318476565,100064720237286,"Alcaldía de Tuluá","#Comunal | 120 líderes comunales fueron capacitados en liderazgo y emprendimiento

Con ponencias sobre liderazgo, emprendimiento y economía solidaria mas de 120 lideres fueron capacitados por la Administración municipal y Asojuntas en el gran foro comunal 2025.

Lee la noticia completa:⬇⬇⬇",,0,"08/04/2025 16:39",N/A,https://www.facebook.com/AlcaldiaDeTulua/posts/pfbid0UwKboLXeUBJLX3vj2b8vkdUdegxEzp6LCnpUafphBMmSSAM5TBxgqzU7qFjxX3PMl,0,0,Enlaces,,,,,Total,1564,987,29,26,0,3,15,,3,12,,,,,,
1203576541809676,100064720237286,"Alcaldía de Tuluá","#JornadaDescentralizada | Más de 150 personas beneficiadas en jornada descentralizada en la Balastera

Más de 150 personas del sector de La Balastrera y de las comunidades indígenas Sonsundrúa y Somboricua participaron en una jornada descentralizada liderada por la Alcaldía de Tuluá, donde accedieron a servicios de atención primaria en salud, programas nacionales y oferta institucional.

Lee la noticia completa:⬇⬇⬇",,0,"08/04/2025 16:44",N/A,https://www.facebook.com/AlcaldiaDeTulua/posts/pfbid02YqPJjdvxmDZZQHtrWCnRVW79sy79VHCikF8J2pRjz5ypGjuk2UcZMn1bJ44g2kksl,0,0,Enlaces,,,,,Total,1747,1102,34,28,0,6,11,,3,8,,,,,,
1204053658428631,100064720237286,"Alcaldía de Tuluá","¡Día Internacional de los Pueblos Indígenas!✌🏽🤩","🧺🌽 ¡El Mercado Campesino llegó a la zona rural! 🐓🥕
Este 10 de agosto, desde las 7:00 a. m., acompáñanos en el Restaurante El Paisa, cruce del corregimiento La Iberia, a 200 metros de Puesta del Sol.

Además de productos frescos del campo, tendremos:
✅ Atención Primaria en Salud
✅ Acceso a Programas Nacionales: Renta Ciudadana, Colombia Mayor y Renta Joven.

 ¡Una jornada para compartir, aprender y apoyar lo nuestro! #ParaSerFelices 💙",36,"08/05/2025 06:42",N/A,https://www.facebook.com/AlcaldiaDeTulua/videos/24897402003180766/,0,0,Videos,,,,,Total,2797,2491,87,71,0,16,28,,28,,20738.299,8.203,0,0,0,
1204205028413494,100064720237286,"Alcaldía de Tuluá","Estudiantes universitarios reciben beneficio alimentario 🎓🍽️

34 estudiantes de la Unidad Central del Valle, UCEVA, ahora recibirán alimentación diaria.🍛 Con esta nueva iniciativa, que busca evitar la deserción en la educación superior, brindamos apoyo a jóvenes que no cuentan con los recursos económicos suficientes ni redes de apoyo familiares en la ciudad🤝 para que puedan continuar sus estudios sin preocuparse por su alimentación.  Acciones #ParaSerFelices 💙💪🏼","Estudiantes universitarios reciben beneficio alimentario 🎓🍽️

34 estudiantes de la Unidad Central del Valle, UCEVA, ahora recibirán alimentación diaria.🍛 Con esta nueva iniciativa, que busca evitar la deserción en la educación superior, brindamos apoyo a jóvenes que no cuentan con los recursos económicos suficientes ni redes de apoyo familiares en la ciudad🤝 para que puedan continuar sus estudios sin preocuparse por su alimentación.  Acciones #ParaSerFelices 💙💪🏼",86,"08/05/2025 10:28",N/A,https://www.facebook.com/reel/1815040092748084/,1,0,Reels,,,,,Total,4226,2207,226,174,22,30,117,,117,,40629.074,10.7,0,0,,
1204392778394719,100064720237286,"Alcaldía de Tuluá","#Noticias | Concejo Municipal da luz verde a la construcción del CDI “Mar de Ideas”

En el marco de la última sesión ordinaria del Honorable Concejo Municipal de Tuluá, los concejales dieron su respaldo al alcalde Gustavo Adolfo Vélez Román para poner en marcha la construcción del Centro de Desarrollo Infantil (CDI) “Mar de Ideas”, una obra que beneficiará directamente a más de 500 niños y niñas de los barrios San Antonio, La Inmaculada, Aguaclara, San Francisco y sectores aledaños.

Lee la noticia completa:⬇️⬇️⬇️
",,0,"08/05/2025 16:27",N/A,https://www.facebook.com/AlcaldiaDeTulua/posts/pfbid0BUWLEZUew2SJo9UDG3cNDsiWKGsuoADQ1zRfeReKPxwP1c5KpXj2XueDAXSrfA6Wl,0,0,Enlaces,,,,,Total,4847,2605,113,83,23,7,268,,219,49,,,,,,
1204433841723946,100064720237286,"Alcaldía de Tuluá","🌺 ¡Estambul cambió de cara! 🌿

La entrada a la carrera 30 ahora luce más viva y colorida gracias a los 110 metros lineales de nuevas plantas que adornan este sector, con la siembra de 7 especies plantas ornamentales, pasto y vegetación 🌸🚧 ✨ Transformamos los espacios en Tuluá 🌼 #ParaSerFelices 💙","🌺 ¡Estambul cambió de cara! 🌿

La entrada a la carrera 30 ahora luce más viva y colorida gracias a los 110 metros lineales de nuevas plantas que adornan este sector, con la siembra de 7 especies plantas ornamentales, pasto y vegetación 🌸🚧 ✨ Transformamos los espacios en Tuluá 🌼 #ParaSerFelices 💙",59,"08/05/2025 17:47",N/A,https://www.facebook.com/reel/1801651887446826/,1,0,Reels,,,,,Total,6169,4227,277,228,17,32,229,,229,,81264.568,14.74,0,0,,
1205004958333501,100064720237286,"Alcaldía de Tuluá","¡Sajonia tendrá nuevo parque! 🌳✨

Un espacio que será transformado para el disfrute de las familias tulueñas. Con zonas verdes, nuevas sillas e infraestructura, iluminación y embellecimiento floral y ornamental 🌿 ¡Seguimos recuperando espacios #ParaSerFelices!💙","¡Sajonia tendrá nuevo parque! 🌳✨

Un espacio que será transformado para el disfrute de las familias tulueñas. Con zonas verdes, nuevas sillas e infraestructura, iluminación y embellecimiento floral y ornamental 🌿 ¡Seguimos recuperando espacios #ParaSerFelices!💙",47,"08/06/2025 09:49",N/A,https://www.facebook.com/reel/2028994634292130/,1,0,Reels,,,,,Total,7802,5392,331,261,28,42,151,,151,,73961.047,10.734,0,0,,
1205206321646698,100064720237286,"Alcaldía de Tuluá","🎨🎹 ¡Juan José nos inspira! 💙

🥹 Conoce la historia de este joven de 24 años que, teniendo una discapacidad, encontró en el Centro Cultural Edmundo Arias de Nariño 🎨🖌️ un lugar donde sus sueños no tienen límites. Hoy participa en talleres gratuitos de pintura y piano 🎹, en un espacio seguro, inclusivo y lleno de amor y respeto.

Porque en Tuluá creemos en el poder del arte para transformar vidas #ParaSerFelices 💫","🎨🎹 ¡Juan José nos inspira! 💙

🥹 Conoce la historia de este joven de 24 años que, teniendo una discapacidad, encontró en el Centro Cultural Edmundo Arias de Nariño 🎨🖌️ un lugar donde sus sueños no tienen límites. Hoy participa en talleres gratuitos de pintura y piano 🎹, en un espacio seguro, inclusivo y lleno de amor y respeto.

Porque en Tuluá creemos en el poder del arte para transformar vidas #ParaSerFelices 💫",64,"08/06/2025 16:30",auto,https://www.facebook.com/reel/749464421060696/,1,0,Reels,,,,,Total,9229,4235,551,465,27,59,207,,207,,108134.364,13.295,0,0,,
1206820508151946,100064720237286,"Alcaldía de Tuluá","#Salud | Alcaldía fortalece atención en salud para usuarios de Nueva EPS

Con una Mesa Técnica entre la Administración Municipal, la IPS Disfarma y la Asociación de Usuarios de la Nueva EPS, se realizó esta semana el análisis de las condiciones actuales en la dispensación de medicamentos, un servicio en el que, aunque ya se han despachado más de 60 mil fórmulas médicas, persisten dificultades relacionadas con la comodidad y el bienestar de los usuarios.

Lee la noticia completa:⬇️⬇️⬇️
",,0,"08/08/2025 15:04",N/A,https://www.facebook.com/AlcaldiaDeTulua/posts/pfbid02no4xrDY3hKthriqdCuhtuu9syYfnvPp57baadnRXQc2VXZPSK4AZexMMQ2QgjRe5l,0,0,Enlaces,,,,,Total,3281,1998,55,37,10,8,113,,67,46,,,,,,
1206821934818470,100064720237286,"Alcaldía de Tuluá","#Obras | Se renueva el parque del Sajonia

Como parte de un proyecto que contempla limpieza general del área, tratamiento del suelo, control de plagas, reparación de infraestructura existente, instalación de nuevas sillas, iluminación, señalización y paisajismo y una inversión de 750 millones de pesos, los habitantes del barrio Sajonia ahora tendrán una transformación total de su parque.

Lee la noticia completa:⬇️⬇️⬇️
",,0,"08/08/2025 15:06",N/A,https://www.facebook.com/AlcaldiaDeTulua/posts/pfbid0s5CJ3uCAPFTaW8kCQexXPpaMuaYSghVALhpHBcVbVK2QS3dRNXTHRsJV8BrVgr5fl,0,0,Enlaces,,,,,Total,1588,990,38,30,1,7,16,,2,14,,,,,,
1206823074818356,100064720237286,"Alcaldía de Tuluá","#Obras | Estambul cambió de cara

Este sector vivió una transformación total con mejoramiento y embellecimiento de la entrada norte de Tuluá por la carrera 30.

Lee la noticia completa:⬇️⬇️⬇️
",,0,"08/08/2025 15:09",N/A,https://www.facebook.com/AlcaldiaDeTulua/posts/pfbid02SVZmT3z21qntE6yoCy7GpgJ6dimAaWtuSyzmcbGdaBnUHyxH4B4KLkjMuUC73HC3l,0,0,Enlaces,,,,,Total,8299,5238,143,118,12,13,290,,149,141,,,,,,
1206824908151506,100064720237286,"Alcaldía de Tuluá","#Obras | Más obras para la zona rural

Cientos de familias campesinas del corregimiento de Santa Lucía ahora cuentan con 30 kilómetros de vía mejorada hacia Monteloro, una obra vial que se une también a la de embalastrado de vía del tramo que va desde la vereda El Berlín hasta Quebrada Grande, fortaleciendo la infraestructura vial en diferentes frentes de la zona rural y facilitando la movilidad de los vehículos que transportan los productos campesinos.

Lee la noticia completa: ⬇️⬇️⬇️
",,0,"08/08/2025 15:13",N/A,https://www.facebook.com/AlcaldiaDeTulua/posts/pfbid02AMdnpBuTtTftYFeqHBTWbKFC1zH6X6rU6XHrE6hoR1gG3muuY3591tCxdMXKbqGal,0,0,Enlaces,,,,,Total,3287,2038,58,46,3,9,41,,21,20,,,,,,
1207504588083538,100064720237286,"Alcaldía de Tuluá","🎙️#ElPodcastdeVélez. Episodio 26: Proyectos y soluciones para los tulueños.

En esta entrega, el alcalde Gustavo Vélez conversa con el periodista Israel Arango sobre las obras que avanzan en la zona rural, un gran proyecto que transformará la vida de más de 500 niños en Tuluá y el respaldo que la Administración Municipal brinda a nuestros jóvenes deportistas en los Juegos Departamentales 2025. Un episodio para conocer de primera mano las acciones que impulsan el progreso y el bienestar en Tuluá.","🎙️#ElPodcastdeVélez. Episodio 26: Proyectos y soluciones para los tulueños.

En esta entrega, el alcalde Gustavo Vélez conversa con el periodista Israel Arango sobre las obras que avanzan en la zona rural, un gran proyecto que transformará la vida de más de 500 niños en Tuluá y el respaldo que la Administración Municipal brinda a nuestros jóvenes deportistas en los Juegos Departamentales 2025. Un episodio para conocer de primera mano las acciones que impulsan el progreso y el bienestar en Tuluá.",951,"08/09/2025 10:00",N/A,https://www.facebook.com/AlcaldiaDeTulua/videos/1088964942768561/,1,0,Videos,,,,,Total,4482,3381,397,223,87,87,245,,245,,121591.697,31.41,0,0,0,
1207522104748453,100064720237286,"Alcaldía de Tuluá","#Educación | Estudiantes universitarios reciben beneficio alimentario.

Con la puesta en marcha del programa de beneficio alimentario, desarrollado por la Administración Municipal en articulación con la UCEVA, 34 estudiantes de esta universidad recibirán almuerzos diarios durante todo el semestre académico.

Lee la noticia completa:⬇️⬇️⬇️
",,0,"08/09/2025 10:25",N/A,https://www.facebook.com/AlcaldiaDeTulua/posts/pfbid02mqbCPG8Y5uEamnjR8ffeYRpAxTsT6N2aWt4zyZ8EpfaJuRRbjvbfo9RhwX1qDkiHl,0,0,Enlaces,,,,,Total,2310,1450,51,37,7,7,16,,3,13,,,,,,
1207686981398632,100064720237286,"Alcaldía de Tuluá","#Noticias | Conoce las noticias más importantes de la semana en el nuevo episodio de 45 Segundos #ParaSerFelices 🤩✌🏽","#Noticias | Conoce las noticias más importantes de la semana en el nuevo episodio de 45 Segundos #ParaSerFelices 🤩✌🏽",78,"08/09/2025 15:52",uploaded,https://www.facebook.com/reel/2129935444082696/,1,0,Reels,,,,,Total,1332,898,59,44,0,15,4,,4,,6114.481,5.015,0,0,,
1209191227914874,100064720237286,"Alcaldía de Tuluá","🌾🛒 ¡El Mercado Campesino llegó a La Iberia! 💙

👩‍🌾👨‍🌾 22 productores tulueños de 8 asociaciones llevaron lo mejor de sus productos al Mercado Campesino en el 📍Cruce de La Iberia, una jornada que reunió a más de 100 asistentes. 🥦🍅🥔
💉🩺 Además, hubo atención de los Equipos Básicos en Salud y servicios de Renta Ciudadana, acercando oportunidades y bienestar a la comunidad. 🤝✨ #ParaSerFelices","🌾🛒 ¡El Mercado Campesino llegó a La Iberia! 💙

👩‍🌾👨‍🌾 22 productores tulueños de 8 asociaciones llevaron lo mejor de sus productos al Mercado Campesino en el 📍Cruce de La Iberia, una jornada que reunió a más de 100 asistentes. 🥦🍅🥔
💉🩺 Además, hubo atención de los Equipos Básicos en Salud y servicios de Renta Ciudadana, acercando oportunidades y bienestar a la comunidad. 🤝✨ #ParaSerFelices",42,"08/11/2025 09:29",mixed,https://www.facebook.com/reel/1783018978971718/,1,0,Reels,,,,,Total,1441,1058,66,55,1,10,14,,14,,6985.523,5.312,0,0,,
1209228521244478,100064720237286,"Alcaldía de Tuluá","#Obras | Cuadrilla de semaforización opera 24/7 para garantizar la movilidad en Tuluá.

En Tuluá ya funciona una cuadrilla permanente de semaforización que trabaja las 24 horas del día para garantizar la seguridad vial y el correcto flujo vehicular en los principales cruces de la ciudad.

Lee la noticia completa: ⬇⬇⬇
",,0,"08/11/2025 10:27",N/A,https://www.facebook.com/AlcaldiaDeTulua/posts/pfbid02gpsbMm2UmPLkkzwz6jqpmzHg16zjbtqfC4i2FUSU95pMjDTZxTkjq1k2atZZWdiYl,0,0,Enlaces,,,,,Total,3673,2307,71,51,6,14,44,,24,20,,,,,,
1209361031231227,100064720237286,"Alcaldía de Tuluá","🏫🔨 ¡Nuestras instituciones estrenan techo! 💙

En la I.E. Julia Restrepo y la I.E. María Antonia Ruiz (sede Jesús Maestro) reemplazamos techos y mejoramos los espacios, para que nuestros niños y jóvenes aprendan en aulas más seguras, cómodas y llenas de vida. 👦👧📚
💡✨ En Tuluá, invertir en educación es sembrar futuro. 🌟 Espacios que Transforman a Tuluá. #ParaSerFelices 💪🏼💙","🏫🔨 ¡Nuestras instituciones estrenan techo! 💙

En la I.E. Julia Restrepo y la I.E. María Antonia Ruiz (sede Jesús Maestro) reemplazamos techos y mejoramos los espacios, para que nuestros niños y jóvenes aprendan en aulas más seguras, cómodas y llenas de vida. 👦👧📚
💡✨ En Tuluá, invertir en educación es sembrar futuro. 🌟 Espacios que Transforman a Tuluá. #ParaSerFelices 💪🏼💙",43,"08/11/2025 14:25",N/A,https://www.facebook.com/reel/1818120772461707/,1,0,Reels,,,,,Total,4811,2079,507,308,22,177,43,,43,,23154.914,5.371,0,0,,
1210043877829609,100064720237286,"Alcaldía de Tuluá","¡Canalizamos Río Tuluá: Reducimos inundaciones! 💪🏼🌊❌

Hoy estamos realizando canalización del río Tuluá para proteger las márgenes, evitar desbordamientos y reducir el riesgo de inundaciones. 🛠️🏞️📏 Son 250 metros lineales intervenidos, que aportan al bienestar de los habitantes de barrios aledaños. 💪🌧️
En Tuluá, prevenir es proteger. ✅ #ParaSerFelices",,0,"08/12/2025 09:58",N/A,https://www.facebook.com/AlcaldiaDeTulua/posts/pfbid0jVqs2ZtqZ7EjxZ2XWkTkGMNPacJzdzEA1GkVUiMAtEJ7pC1TN85dohVDo94MpTjHl,0,0,Fotos,,,,,Total,3279,1867,67,47,1,19,91,65,26,,,,,,,
1210228767811120,100064720237286,"Alcaldía de Tuluá","🚦💡 ¡En Tuluá no dormimos cuando se trata de tu seguridad vial!Nuestra cuadrilla permanente de semaforización trabaja 24/7 para que la movilidad en la ciudad fluya sin interrupciones.👷‍♂️ Ingenieros y técnicos se encargan de dar mantenimiento preventivo y correctivo a los semáforos, solucionando la mayoría de fallas de inmediato y atendiendo casos complejos con especialistas.✅ Menos accidentes✅ Movilidad más ágil✅ Semáforos confiables en todo momentoLa @alcaldiadetulua sigue firme en su compromiso de cuidarte en cada cruce.#TransformandoATuluá#MovilidadSegura#ParaSerFelices 💙","🚦💡 ¡En Tuluá no dormimos cuando se trata de tu seguridad vial!Nuestra cuadrilla permanente de semaforización trabaja 24/7 para que la movilidad en la ciudad fluya sin interrupciones.👷‍♂️ Ingenieros y técnicos se encargan de dar mantenimiento preventivo y correctivo a los semáforos, solucionando la mayoría de fallas de inmediato y atendiendo casos complejos con especialistas.✅ Menos accidentes✅ Movilidad más ágil✅ Semáforos confiables en todo momentoLa @alcaldiadetulua sigue firme en su compromiso de cuidarte en cada cruce.#TransformandoATuluá#MovilidadSegura#ParaSerFelices 💙",47,"08/12/2025 15:45",N/A,https://www.facebook.com/reel/1295925475246270/,0,0,Reels,,,,,Total,4811,3660,192,157,13,22,210,,210,,58879.326,13.724,0,0,,
1210784941088836,100064720237286,"Alcaldía de Tuluá","¿Sabías que Tuluá es tierra de humedales y que descubrimos uno recientemente en el corregimiento de Quebrada Grande? 🌿💧

Salimos a preguntarle a los tulueños cuántos tenemos… ¡y las respuestas te van a sorprender!😅

Y tú, ¿conocías toda la riqueza natural que tenemos en nuestro municipio?✌🏽😎 Déjanos tu comentario ⬇️","¿Sabías que Tuluá es tierra de humedales y que descubrimos uno recientemente en el corregimiento de Quebrada Grande? 🌿💧

Salimos a preguntarle a los tulueños cuántos tenemos… ¡y las respuestas te van a sorprender!😅

Y tú, ¿conocías toda la riqueza natural que tenemos en nuestro municipio?✌🏽😎 Déjanos tu comentario ⬇️",57,"08/13/2025 08:42",uploaded,https://www.facebook.com/reel/2020215775178836/,1,0,Reels,,,,,Total,3032,2444,93,74,7,12,89,,89,,44235.107,16.286,0,0,,
1210857231081607,100064720237286,"Alcaldía de Tuluá","🔥🙌 Este fin de semana, el JOVENFEST 2025 será tu parche 💙

Desliza y conoce lo que tenemos programado para celebrar la juventud: 🧠 bienestar emocional, 🩺 salud, 💼 empleabilidad, 🐶🐱 vacunación de mascotas, 🎤 presentaciones artísticas, 🏍️ show de STUNT, 🌈 Color Fest, batallas de Hip-Hop & DJ’s  🎨 concurso de graffiti y mucho más para que parches con tus amigos. 😎

📅 Viernes 15 y sábado 16 de agosto – Coliseo de Ferias Manuel Victoria Rojas

💙🤩 Espacios para crear y vivir la juventud al máximo. #ParaSerFelices",,0,"08/13/2025 10:34",N/A,https://www.facebook.com/AlcaldiaDeTulua/posts/pfbid02gk4tWqpPv36WvnWm3W7PH9xn6PCR4u1oC9GAxpNU1Wrr8isC1XDRNXgwDfm3wiZol,0,0,Fotos,,,,,Total,8570,4674,143,104,0,39,194,154,40,,,,,,,
1210869257747071,100064720237286,"Alcaldía de Tuluá","#Obras | Alcaldía canaliza Río Tuluá para reducir inundaciones

Con el objetivo de proteger a las familias que habitan cerca del río y prevenir emergencias durante la temporada de lluvias, la Administración Municipal adelanta la canalización de 250 metros del río Tuluá, en un sector que históricamente ha registrado acumulación de sedimentos y riesgo de desbordamiento

Lee la noticia completa:⬇️⬇️⬇️
",,0,"08/13/2025 10:52",N/A,https://www.facebook.com/AlcaldiaDeTulua/posts/pfbid02M1DcaGvypNQdhxfbGwRCrjLYysa8nePtj1mQR3m4zgy1GKif9T1B8KxQPsYkBNhdl,0,0,Enlaces,,,,,Total,2791,1569,75,57,7,11,22,,15,7,,,,,,
1210953491071981,100064720237286,"Alcaldía de Tuluá","#salud | Alcaldía brinda atención inmediata a ciudadano en situación de abandono.

La alerta sobre un hombre en delicado estado de salud y aparente abandono en la entrada de la iglesia fue reportada en redes sociales, lo que llevó a la Secretaría de Salud, en coordinación con otras dependencias y Bomberos de Tuluá, a activar de inmediato los protocolos de atención.

Lee la noticia completa: ⬇⬇⬇
",,0,"08/13/2025 13:15",N/A,https://www.facebook.com/AlcaldiaDeTulua/posts/pfbid0ECrvjfUxub1jUfoDsMrix1gykJznJiB6FnZEQsktc8hvvrvAUE4n4Sa8NDL6TFMul,0,0,Enlaces,,,,,Total,6393,3920,74,59,2,13,212,,93,119,,,,,,
1211049801062350,100064720237286,"Alcaldía de Tuluá","➡️Conoce la historia de María Cruz, la reina del Centro Día “Para Ser Felices” ✨💙

💙👵 Así como María Cruz, 150 abuelitos viven días llenos de cuidado, alegría y amor en nuestro programa Centro Día Para Ser Felices. 🌟
Aquí encuentran 🍽️ alimentación, 🎯 recreación, 🩺 salud, 💬 acompañamiento psicosocial… y sobre todo, cariño y sonrisas que iluminan cada jornada. Aquí transformamos vidas #ParaSerFelices 💙💪🏼","➡️Conoce la historia de María Cruz, la reina del Centro Día “Para Ser Felices” ✨💙

💙👵 Así como María Cruz, 150 abuelitos viven días llenos de cuidado, alegría y amor en nuestro programa Centro Día Para Ser Felices. 🌟
Aquí encuentran 🍽️ alimentación, 🎯 recreación, 🩺 salud, 💬 acompañamiento psicosocial… y sobre todo, cariño y sonrisas que iluminan cada jornada. Aquí transformamos vidas #ParaSerFelices 💙💪🏼",89,"08/13/2025 16:29",auto,https://www.facebook.com/reel/1125341832805496/,1,0,Reels,,,,,Total,3924,2164,162,117,6,39,62,,62,,50588.525,14.174,0,0,,
1211646707669326,100064720237286,"Alcaldía de Tuluá","¡En El Diamante ahora se transita con tranquilidad! 🚧💪🏼

Un nuevo muro de contención en piedra, alcantarillado y una vía segura están transformando la movilidad y evitando accidentes en la zona rural alta de nuestro municipio. 💙✌🏽Obras  #ParaSerFelices","¡En El Diamante ahora se transita con tranquilidad! 🚧💪🏼

Un nuevo muro de contención en piedra, alcantarillado y una vía segura están transformando la movilidad y evitando accidentes en la zona rural alta de nuestro municipio. 💙✌🏽Obras  #ParaSerFelices",50,"08/14/2025 09:13",N/A,https://www.facebook.com/reel/1416742522720383/,1,0,Reels,,,,,Total,5920,2988,283,219,14,50,170,,170,,67352.548,12.804,0,0,,
1211919754308688,100064720237286,"Alcaldía de Tuluá","✨ ¡Invertimos en el futuro de Tuluá! ✨

Avanzamos con obras que transforman vidas, destinando casi 600 millones de pesos a la adecuación y mejoramiento de:

🏫 Centros de Desarrollo Infantil Cariñositos y Semillitas
🎠 Parque de la Primera Infancia
🏡 Casa de los Abuelos

Espacios renovados, seguros y llenos de vida para nuestros niños, niñas, adolescentes y adultos mayores. 💙

#ParaSerFelices","✨ ¡Invertimos en el futuro de Tuluá! ✨

Avanzamos con obras que transforman vidas, destinando casi 600 millones de pesos a la adecuación y mejoramiento de:

🏫 Centros de Desarrollo Infantil Cariñositos y Semillitas
🎠 Parque de la Primera Infancia
🏡 Casa de los Abuelos

Espacios renovados, seguros y llenos de vida para nuestros niños, niñas, adolescentes y adultos mayores. 💙

#ParaSerFelices",63,"08/14/2025 17:26",uploaded,https://www.facebook.com/reel/4056149427933835/,1,0,Reels,,,,,Total,2387,1351,119,86,7,26,41,,41,,18096.144,8.464,0,0,,
1212457324254931,100064720237286,"Alcaldía de Tuluá","🔥🙌 ¡Ya arrancó el primer día del JOVENFEST 2025!

Estamos en el 📍Coliseo de Ferias Manuel Victoria Rojas con actividades como: 🧠 bienestar emocional, 🩺 atención primaria en salud, 💬 atención en salud sexual y reproductiva, 💼 feria de empleabilidad, presentaciones artísticas, rumboterapia, recreación y ¡mucho más! ✌🏽😎

Estaremos hasta las 12:00 m. 💙 ¡Te esperamos para que vivas la juventud al máximo! 😎 #ParaSerFelices",,0,"08/15/2025 07:49",N/A,https://www.facebook.com/AlcaldiaDeTulua/posts/pfbid0nJEmphYcCUJHpnMMGup149q33ndkECERrsdsD48w9voW5u4VKZ5cJKqqeeuzuVfTl,0,0,Fotos,,,,,Total,17848,9305,207,168,1,38,1534,1187,347,,,,,,,
1212623784238285,100064720237286,"Alcaldía de Tuluá","🚐✨ ¡La Ruta de la Felicidad llegó a Barragán!

Nos descentralizamos con toda nuestra oferta institucional➡️ Llevamos salud 👩‍⚕️, Sisbén 📋, vacunación 🐶, cultura 🎨, recreación ⚽ y mucho más para los tulueños de esta zona rural alta.🌄
¡Seguimos cumpliendo con bienestar y servicios de calidad! #ParaSerFelices💙",,0,"08/15/2025 12:00",N/A,https://www.facebook.com/AlcaldiaDeTulua/posts/pfbid02i9eXUEc3Qbv9eSaxJkwHGL6Dk5kHA9oJUX83ZvzoXo8db9mEwEPbAdWXCQQxtABwl,0,0,Fotos,,,,,Total,7461,4235,114,89,1,24,439,275,164,,,,,,,
1212711704229493,100064720237286,"Alcaldía de Tuluá","📚 Foro Educativo Comunidad en Red: ¡educación que transforma!🙌🏼

Junto a los docentes de Tuluá, reflexionamos sobre los retos del futuro: inteligencia artificial, virtualidad, formación emocional y ciudadanía digital. 🌐💡
¡La educación evoluciona para formar ciudadanos integrales! 🚀 #ParaSerFelices",,0,"08/15/2025 14:55",N/A,https://www.facebook.com/AlcaldiaDeTulua/posts/pfbid0yKSnp9ebnW5bWJZHZRe3Qu5Recdi8gimZywh28RnhcmAPFQzd6vn7iGG4rZx3UP3l,0,0,Fotos,,,,,Total,7083,3428,111,88,1,22,652,445,207,,,,,,,
1212751097558887,100064720237286,"Alcaldía de Tuluá","¡Capturados en Piques Ilegales!❌❌🚨

Gracias a la rápida acción de nuestra Policía Nacional, 3 sujetos que participaban en piques ilegales en el barrio Bosques de Maracabio fueron capturados.
🔹 Acceso carnal abusivo
🔹 Comparendos porte de armas blancas y alucinógenos

💪 Desde la Administración Municipal y la Fuerza Pública seguimos trabajando por la seguridad y tranquilidad de los tulueños. #ParaSerFelices","¡Capturados en Piques Ilegales!❌❌🚨

Gracias a la rápida acción de nuestra Policía Nacional, 3 sujetos que participaban en piques ilegales en el barrio Bosques de Maracabio fueron capturados.
🔹 Acceso carnal abusivo
🔹 Comparendos porte de armas blancas y alucinógenos

💪 Desde la Administración Municipal y la Fuerza Pública seguimos trabajando por la seguridad y tranquilidad de los tulueños. #ParaSerFelices",105,"08/15/2025 16:18",uploaded,https://www.facebook.com/reel/2831726290355030/,1,0,Reels,,,,,Total,5420,2888,248,196,16,36,245,,245,,127156.521,26.629,0,0,,
1213198097514187,100064720237286,"Alcaldía de Tuluá","🎉📅 ¡Agéndate para un finde espectacular en Tuluá!

En la zona rural y urbana tenemos una programación cultural y tradicional que no te puedes perder.
✨ Desliza y descubre todos los eventos para que armes plan con tu familia y amigos.

💙 ¡Te esperamos en el mejor parche del fin de semana! #ParaSerFelices",,0,"08/16/2025 05:00",N/A,https://www.facebook.com/AlcaldiaDeTulua/posts/pfbid02vbkAaGusnk5kEdNR5CnERqXrBYAMb8Kxzvg3x6eEj9UYY3J7Rs1MBh42G4gWn6yLl,0,0,Fotos,,,,,Total,1997,1209,27,20,0,7,38,28,10,,,,,,,
1213402980827032,100064720237286,"Alcaldía de Tuluá","🎙️ #ElPodcastdeVélez | Episodio 27. Tuluá renace:

📢 En este episodio, el alcalde Gustavo Vélez cuenta cómo Tuluá avanza: obras de infraestructura, acciones sociales, cercanía con la ciudadanía, la reducción de la accidentalidad y muchos temas más. 🚧💙
📈 Descubre en este podcast, cómo nuestra ciudad ha crecido en los últimos meses. #ParaSerFelices💙✌🏽","🎙️ #ElPodcastdeVélez | Episodio 27. Tuluá renace:

📢 En este episodio, el alcalde Gustavo Vélez cuenta cómo Tuluá avanza: obras de infraestructura, acciones sociales, cercanía con la ciudadanía, la reducción de la accidentalidad y muchos temas más. 🚧💙
📈 Descubre en este podcast, cómo nuestra ciudad ha crecido en los últimos meses. #ParaSerFelices💙✌🏽",1236,"08/16/2025 10:00",N/A,https://www.facebook.com/AlcaldiaDeTulua/videos/1387421435692050/,1,0,Videos,,,,,Total,3318,2601,275,161,38,76,182,,182,,81987.703,28.646,0,0,0,
1213559397478057,100064720237286,"Alcaldía de Tuluá","🔥 2do día del Joven Fest 🔥

💼 Emprendimientos, 🤸‍♂️ show de stunt y 🎭 presentaciones artísticas llenan de energía el Coliseo de Ferias Manuel Victoria Rojas 🎪
🎉 ¡Así se vive el Festival de la Juventud 2025! 🚀🎶",,0,"08/16/2025 14:45",N/A,https://www.facebook.com/AlcaldiaDeTulua/posts/pfbid03LHLRTeGW9xH47SZDwnmoh8LwnGooHCd2jtbkXB3BaSDC7BaR2xVzcPEENUjguuNl,0,0,Fotos,,,,,Total,14345,8590,103,89,0,14,873,687,186,,,,,,,
1213592974141366,100064720237286,"Alcaldía de Tuluá","#Noticias | Conoce las noticias más importantes de la semana en el nuevo episodio de 45 Segundos #ParaSerFelices 🤩✌🏽","#Noticias | Conoce las noticias más importantes de la semana en el nuevo episodio de 45 Segundos #ParaSerFelices 🤩✌🏽",69,"08/16/2025 16:03",N/A,https://www.facebook.com/reel/1538142313825720/,1,0,Reels,,,,,Total,3567,1943,163,127,4,32,57,,57,,41620.479,12.973,0,0,,
1215823590584971,100064720237286,"Alcaldía de Tuluá","🙌 Más de 300 personas fueron atendidas en Barragán con salud, SISBÉN, vacunación, recreación y cultura.
Además, por primera vez señalizamos las calles para mejorar la movilidad y transitar más seguros. 🚸✨
¡La Ruta de la Felicidad sigue llevando bienestar a cada rincón! 💙 #ParaSerFelices","🙌 Más de 300 personas fueron atendidas en Barragán con salud, SISBÉN, vacunación, recreación y cultura.
Además, por primera vez señalizamos las calles para mejorar la movilidad y transitar más seguros. 🚸✨
¡La Ruta de la Felicidad sigue llevando bienestar a cada rincón! 💙 #ParaSerFelices",66,"08/19/2025 07:35",N/A,https://www.facebook.com/reel/1288352926298093/,1,0,Reels,,,,,Total,991,646,65,52,1,12,14,,14,,8406.458,9.531,0,0,,
1216051963895467,100064720237286,"Alcaldía de Tuluá","#Obras | Gustavo Vélez hace inversión histórica en infraestructura para la Primera Infancia.

Los Centros de Desarrollo Infantil Cariñositos y Semillitas del barrio Chiminangos, que anteriormente presentaban un alto estado de deterioro y condiciones no aptas para su óptimo funcionamiento, serán ahora renovados para brindar entornos seguros, modernos y acogedores a la comunidad infantil. 

Lee la noticia completa:⬇⬇⬇
",,0,"08/19/2025 13:58",N/A,https://www.facebook.com/AlcaldiaDeTulua/posts/pfbid0LBVdkw1dZ2H99Vh2jeebHFQ6FLdMTZ1tUD3JS1YxnKxWRxwRru8aHdGbaJwGJbTnl,0,0,Enlaces,,,,,Total,4313,2634,108,77,9,22,79,,51,28,,,,,,
1216054047228592,100064720237286,"Alcaldía de Tuluá","#BienestarSocial | Más de 2.000 millones para atención de adultos mayores.

Más de 400 abuelitos están siendo beneficiados con esta inversión de 2.000 millones de pesos que fortalece la Atención Integral en cuatro importantes centros: La Casa de los Abuelos, el Jardín de los Abuelos, el Centro San Francisco de Asís en La Marina y el Albergue El Buen Samaritano, este último beneficiado por primera vez con una asignación de 100 millones de pesos.

Lee la noticia completa:⬇️⬇️⬇️
",,0,"08/19/2025 14:02",N/A,https://www.facebook.com/AlcaldiaDeTulua/posts/pfbid0GPsZW8bkm3xkHL3g6aQ2GHh6zq68sS3Q1Ua1WrSZQKd6nRsXMoXQ3o8JELuCKogbl,0,0,Enlaces,,,,,Total,2191,1364,47,37,0,10,25,,7,18,,,,,,
1216054250561905,100064720237286,"Alcaldía de Tuluá","#Juventud | Con salud y educación se “parcharon” los estudiantes de La Marina

300 estudiantes de la I. E. La Marina recibieron este martes, 12 de agosto, toda la oferta institucional y educativa por parte de la Unidad Central del Valle - UCEVA, la Universidad Latinoamericana y el SENA, la socialización de programas nacionales como Renta Joven y los Puntos INNOVA, jornadas de salud con pruebas rápidas de VIH a cargo del Hospital Rubén Cruz Vélez y charlas de prevención de Profamilia en el marco del Día Internacional de la Juventud.

Lee la noticia completa: ⬇️⬇️⬇️
",,0,"08/19/2025 14:02",N/A,https://www.facebook.com/AlcaldiaDeTulua/posts/pfbid0QxETnVWY3Jf9T5jtQMUdRoQm6JgPbuKWweDmq2UESXsAAY4UQWyHFi8LVnyfQfQkl,0,0,Enlaces,,,,,Total,1486,963,38,30,0,8,8,,2,6,,,,,,
1216054713895192,100064720237286,"Alcaldía de Tuluá","#Gobierno | Alcaldía Realiza Jornada de sensibilización en colegios para prevenir la violencia intrafamiliar

A través de la Secretaría de Gobierno, Convivencia y Seguridad, y su Comisaría de Familia, realizó una jornada de sensibilización en la Institución Educativa Pumarejo – Sede Sindical, dirigida a padres y madres de familia, en el marco de la Ley 2126 de 2021. El objetivo fue abordar temas clave para la prevención de la violencia intrafamiliar y el fortalecimiento de entornos familiares protectores para niñas, niños y adolescentes.

Lee la noticia completa: ⬇⬇⬇
",,0,"08/19/2025 14:03",N/A,https://www.facebook.com/AlcaldiaDeTulua/posts/pfbid028JvXhtWSkZM19kvvcBLGKwXT7DQWzQEQbMMUgghg1Ah3kzse3zR6bjtJsqsfYJPXl,0,0,Enlaces,,,,,Total,1467,909,37,27,0,10,19,,2,17,,,,,,
1216073440559986,100064720237286,"Alcaldía de Tuluá","¡Río Tuluá sin residuos!💙💪🏼😎

🌊 Iniciamos los recorridos con nuestros Gestores de Convivencia para la recolección de residuos en el río Tuluá. Con estas acciones recuperamos espacios que habían sido ocupados y llenos de basura. 🙌 Una labor colectiva para devolverle vida y limpieza a nuestro río y zonas verdes aledañas, pensando en el bienestar de todos los tulueños. 🌱✨ #ParaSerFelices","¡Río Tuluá sin residuos!💙💪🏼😎

🌊 Iniciamos los recorridos con nuestros Gestores de Convivencia para la recolección de residuos en el río Tuluá. Con estas acciones recuperamos espacios que habían sido ocupados y llenos de basura. 🙌 Una labor colectiva para devolverle vida y limpieza a nuestro río y zonas verdes aledañas, pensando en el bienestar de todos los tulueños. 🌱✨ #ParaSerFelices",37,"08/19/2025 14:44",N/A,https://www.facebook.com/reel/1105068081103814/,1,0,Reels,,,,,Total,3082,1763,165,126,21,18,74,,74,,29609.152,10.958,0,0,,
1216788377155159,100064720237286,"Alcaldía de Tuluá","🌟 ¡Habitantes de Barragán tendrán Puesto de Salud renovado! 🏥✨

En articulación con el Hospital Rubén Cruz Vélez, adelantamos la renovación del Puesto de Salud del corregimiento de Barragán, con obras de mantenimiento en cubiertas, muros, instalaciones hidráulicas y sanitarias, fachada y cerrajería.

🙌 Después de años sin intervención, este espacio vuelve a recibir la atención que merece, garantizando un lugar digno, moderno y seguro para la atención en salud de esta comunidad #ParaSerFelices 💙",,0,"08/20/2025 11:01",N/A,https://www.facebook.com/AlcaldiaDeTulua/posts/pfbid07gzcoCTeunDFh2aaMLAUg1Cfa1kUMvb2VvmPn93MpfG5vpcRSBWKo1SDynQGSvd6l,0,0,Fotos,,,,,Total,3023,1695,57,40,0,17,90,74,16,,,,,,,
1216930867140910,100064720237286,"Alcaldía de Tuluá","🌳✅ ¡Árbol en el barrio Victoria ya no será un riesgo!🚧🏡

Con la SEDAMA, realizamos la intervención y erradicación de un árbol de caucho (ficus elástica) que se encontraba muerto en pie y representaba un riesgo para los habitantes del sector. 🙌 Con estas acciones seguimos trabajando por una Tuluá más segura y responsable con el entorno y la comunidad #ParaSerFelices 💙✨","🌳✅ ¡Árbol en el barrio Victoria ya no será un riesgo!🚧🏡

Con la SEDAMA, realizamos la intervención y erradicación de un árbol de caucho (ficus elástica) que se encontraba muerto en pie y representaba un riesgo para los habitantes del sector. 🙌 Con estas acciones seguimos trabajando por una Tuluá más segura y responsable con el entorno y la comunidad #ParaSerFelices 💙✨",40,"08/20/2025 15:39",auto,https://www.facebook.com/reel/653846723863175/,1,0,Reels,,,,,Total,2165,1480,71,61,1,9,41,,41,,20532.243,10.944,0,0,,
1217497953750868,100064720237286,"Alcaldía de Tuluá","🚧✨ ¡La calle 34 ahora une comunas 5 y 6!

Gracias a la obra de topping en más de 20 cuadras, la calle 34 se convierte en una vía estratégica que permitirá el paso directo entre los barrios Progresar, Pueblo Nuevo al Sajonia y Salesianos, conectando de manera segura y eficiente estas comunas.

🙌 Con esta nueva vía que llega hasta la carrera 40, transformamos la movilidad y mejoramos la calidad de vida de los tulueños. ¡Las obras siguen transformando a Tuluá! #ParaSerFelices 💙💪🏼","🚧✨ ¡La calle 34 ahora une comunas 5 y 6!

Gracias a la obra de topping en más de 20 cuadras, la calle 34 se convierte en una vía estratégica que permitirá el paso directo entre los barrios Progresar, Pueblo Nuevo al Sajonia y Salesianos, conectando de manera segura y eficiente estas comunas.

🙌 Con esta nueva vía que llega hasta la carrera 40, transformamos la movilidad y mejoramos la calidad de vida de los tulueños. ¡Las obras siguen transformando a Tuluá! #ParaSerFelices 💙💪🏼",30,"08/21/2025 07:36",uploaded,https://www.facebook.com/reel/1834543160806941/,1,0,Reels,,,,,Total,3107,1964,160,126,5,29,105,,105,,22297.318,8.116,0,0,,
1217774543723209,100064720237286,"Alcaldía de Tuluá","🏫🔧 ¡Estudiantes del Occidente tienen espacios seguros!🚧💪🏼

Iniciamos la intervención de un muro que ponía en riesgo la integridad de los estudiantes de la 📍I.E. Técnica Occidente, priorizando la protección de nuestros niños, niñas y adolescentes. 🙌 Con esto, garantizamos espacios seguros y dignos en las instituciones educativas de Tuluá. 💙💪🏼 #ParaSerFelices","🏫🔧 ¡Estudiantes del Occidente tienen espacios seguros!🚧💪🏼

Iniciamos la intervención de un muro que ponía en riesgo la integridad de los estudiantes de la 📍I.E. Técnica Occidente, priorizando la protección de nuestros niños, niñas y adolescentes. 🙌 Con esto, garantizamos espacios seguros y dignos en las instituciones educativas de Tuluá. 💙💪🏼 #ParaSerFelices",47,"08/21/2025 15:18",uploaded,https://www.facebook.com/reel/2931426157050525/,1,0,Reels,,,,,Total,3258,2052,130,99,7,24,55,,55,,34771.94,11.887,0,0,,
1218454736988523,100064720237286,"Alcaldía de Tuluá","👑🎉 ¡Agosto es el mes para celebrar la Semana del Adulto Mayor! 🎉👴👵

Prepárate para una programación llena de vida: recreación, arte, cultura, emprendimiento, actividades lúdico-recreativas, bingo ¡y mucho más! ✨

📌 Y no te pierdas el Gran Reinado del Adulto Mayor, un espacio para resaltar la alegría, el talento y la belleza en la tercera edad. 🌟💃🕺

📅 ¡Agéndate y acompáñanos en estos espacios creados #ParaSerFelices!  💙💪🏼",,0,"08/22/2025 10:00",N/A,https://www.facebook.com/AlcaldiaDeTulua/posts/pfbid0a1RZh82ia5XCEmhmfXig4GS4mcY4CzKgcx7hnicWsJEEi4jvkD4pfkdHqVPPieJ6l,0,0,Fotos,,,,,Total,2180,1358,35,27,0,8,36,29,7,,,,,,,
1218580506975946,100064720237286,"Alcaldía de Tuluá","🚦👮‍♂️ Estudiantes tulueños reciben Educación vial💪🏼😎🚸

Con una jornada pedagógica de movilidad y seguridad vial, nuestros agentes de tránsito compartieron con los estudiantes de primaria del Colegio Bilingüe, conocimientos sobre la importancia de usar casco, chaleco y respetar las normas de tránsito. 💪🏼✅

🙌 Estamos formando ciudadanos responsables y con conciencia vial, creando espacios #ParaSerFelices 💙","🚦👮‍♂️ Estudiantes tulueños reciben Educación vial💪🏼😎🚸

Con una jornada pedagógica de movilidad y seguridad vial, nuestros agentes de tránsito compartieron con los estudiantes de primaria del Colegio Bilingüe, conocimientos sobre la importancia de usar casco, chaleco y respetar las normas de tránsito. 💪🏼✅

🙌 Estamos formando ciudadanos responsables y con conciencia vial, creando espacios #ParaSerFelices 💙",38,"08/22/2025 13:40",N/A,https://www.facebook.com/reel/4162453030693107/,1,0,Reels,,,,,Total,1544,996,67,53,4,10,18,,18,,7976.883,5.718,0,0,,
1218664980300832,100064720237286,"Alcaldía de Tuluá","🚐💚 ¡La Ruta de la Felicidad llegó a Monteloro!

🙌 Atendimos a 180 personas en una gran jornada descentralizada con servicios de salud, deporte, recreación y vacunación para humanos y animales.

📍 En Monteloro unimos esfuerzos con Programas Nacionales, Sisbén, PIC y muchas más iniciativas, transformando a Tuluá en un municipio con más oportunidades y calidad de vida #ParaSerFelices ✨",,0,"08/22/2025 16:27",N/A,https://www.facebook.com/AlcaldiaDeTulua/posts/pfbid0D6s6QuD2t9AFfS4NJatKx4UyYTVmZyDFfPSsA4fn6GQHVWFUY7Y1ZSyBKzSWuamrl,0,0,Fotos,,,,,Total,10585,5970,93,70,3,20,423,269,154,,,,,,,
1218665560300774,100064720237286,"Alcaldía de Tuluá",,,0,"08/22/2025 16:27",N/A,https://www.facebook.com/AlcaldiaDeTulua/posts/pfbid02gYP8ZA4WagpvX8nD67XxkMamqDsqYtvM9jUwspq46QKfMbWWje3ivm6ZaHHSAqwUl,0,1,Texto,,,,,Total,,,,,,,35,,34,1,,,,,,
1219308270236503,100064720237286,"Alcaldía de Tuluá","🎙️ #ElPodcastdeVélez | Episodio 28. La transformación en cada rincón de Tuluá. En este episodio del podcast de Vélez hablamos de cómo la Administración llega a cada rincón del municipio; además, los escenarios deportivos acuáticos ya están abiertos para nuestros deportistas, y cómo más de 200 personas han encontrado empleo gracias a las ferias de la Secretaría de Bienestar Social.","🎙️ #ElPodcastdeVélez | Episodio 28. La transformación en cada rincón de Tuluá. En este episodio del podcast de Vélez hablamos de cómo la Administración llega a cada rincón del municipio; además, los escenarios deportivos acuáticos ya están abiertos para nuestros deportistas, y cómo más de 200 personas han encontrado empleo gracias a las ferias de la Secretaría de Bienestar Social.",691,"08/23/2025 10:01",N/A,https://www.facebook.com/AlcaldiaDeTulua/videos/779595794568057/,1,0,Videos,,,,,Total,2480,1885,223,105,10,108,76,,76,,34319.052,15.728,0,0,0,
1219513103549353,100064720237286,"Alcaldía de Tuluá","#Noticias | Conoce las noticias más importantes de la semana en el nuevo episodio de 45 Segundos #ParaSerFelices 🤩✌🏽","#Noticias | Conoce las noticias más importantes de la semana en el nuevo episodio de 45 Segundos #ParaSerFelices 🤩✌🏽",79,"08/23/2025 16:00",N/A,https://www.facebook.com/reel/1461117168259777/,1,0,Reels,,,,,Total,1426,987,57,47,1,9,17,,17,,12920.11,10.173,0,0,,
1220974213403242,100064720237286,"Alcaldía de Tuluá","#BienestarSocial | Más de 600 jóvenes vivieron el Joven Fest 2025 en Tuluá.

En el marco de la Semana de la Juventud, más de 600 jóvenes se dieron cita en el Coliseo de Ferias Manuel Victoria Rojas para disfrutar del Joven Fest 2025, un espacio creado especialmente para ellos, que brindó atención integral en salud, cultura, deporte, emprendimiento y formación académica.

Lee la noticia completa: ⬇⬇
",,0,"08/25/2025 08:23",N/A,https://www.facebook.com/AlcaldiaDeTulua/posts/pfbid02cQza1g3Rkn1BeGPCWqMFYhiZn1MFk8uJK2EiSM8yAG1wHSLHT94mtRjbnvdi3yA9l,0,0,Enlaces,,,,,Total,663,474,14,13,0,1,9,,5,4,,,,,,
1220975233403140,100064720237286,"Alcaldía de Tuluá","#Noticias | Alcaldía llega a Barragán con oferta institucional para más de 300 habitantes.

En una jornada de descentralización institucional, la Administración Municipal trasladó sus servicios hasta el corregimiento de Barragán, donde alrededor de 300 habitantes fueron beneficiados con atenciones en salud, orientación en programas sociales y actividades comunitarias.

Lee la noticia completa: ⬇⬇⬇
",,0,"08/25/2025 08:25",N/A,https://www.facebook.com/AlcaldiaDeTulua/posts/pfbid0WEqifo74C8CcDvXiYcyxHPAazCxmxQY9ai3LBvkLKzbVANdPPoasqdP4FhX7offl,0,0,Enlaces,,,,,Total,449,324,9,9,0,0,1,,,1,,,,,,
1220975860069744,100064720237286,"Alcaldía de Tuluá","#Obras | Gustavo Vélez hace inversión histórica en infraestructura para la Primera Infancia.

Los Centros de Desarrollo Infantil Cariñositos y Semillitas del barrio Chiminangos, que anteriormente presentaban un alto estado de deterioro y condiciones no aptas para su óptimo funcionamiento, serán ahora renovados para brindar entornos seguros, modernos y acogedores a la comunidad infantil. 

Lee la noticia completa:⬇⬇⬇
",,0,"08/25/2025 08:26",N/A,https://www.facebook.com/AlcaldiaDeTulua/posts/pfbid02Rx7XCgcveNtLNkvSVUpqAvp6yJagWXYZjqozC8J9jRKYriSCRezrkbgVBwjcbagel,0,0,Enlaces,,,,,Total,1740,1182,36,31,1,4,29,,20,9,,,,,,
1220984693402194,100064720237286,"Alcaldía de Tuluá","#Obras | Alcalde renueva Puesto de Salud en Barragán

Comprometidos con mejorar la infraestructura y garantizar espacios más seguros, cómodos y adecuados para la prestación de los servicios de salud en la zona rural, la Administración Municipal adelanta importantes trabajos de remodelación y adecuación en el Puesto de Salud del corregimiento de Barragán, el cual llevaba 12 años sin ser intervenido y presentaba un notable deterioro.

Lee la noticia completa:⬇⬇⬇
",,0,"08/25/2025 08:39",N/A,https://www.facebook.com/AlcaldiaDeTulua/posts/pfbid02Vyc1dzF5W2MmUEw7JDtTD1ZBNMjs4SYWAw8FxacMbyPea1HvaLpLG9DaVUqrituul,0,0,Enlaces,,,,,Total,753,507,28,24,0,4,2,,2,,,,,,,
1220985363402127,100064720237286,"Alcaldía de Tuluá","#Gobierno | Continúa la recuperación y control del espacio público en el río Tuluá

Desde la Secretaría de Gobierno, Convivencia y Seguridad, junto a los Gestores de Convivencia, adelantaron una nueva jornada de recuperación del espacio público en la ribera del río Tuluá, en el tramo comprendido entre el Puente de las Brujas y el Puente del Hotel Juan María, en ambos costados de la vía.

Lee la noticia completa:⬇⬇⬇
",,0,"08/25/2025 08:40",N/A,https://www.facebook.com/AlcaldiaDeTulua/posts/pfbid0hvKpEjRhaeqneHnLbPsVBCE5vFMU6LPhwqAtBQS7d3JdjfrDiAJmxrA5QMvaRn68l,0,0,Enlaces,,,,,Total,1160,813,29,25,1,3,13,,4,9,,,,,,
1220987673401896,100064720237286,"Alcaldía de Tuluá","#Deporte | Piscinas públicas abren sus puertas nuevamente a deportistas.

Con trabajos de mantenimiento y arreglo del motor para la correcta oxigenación del agua, las piscinas públicas del municipio volvieron a abrir sus puertas a deportistas tulueños de los clubes y la Selección Tuluá de Natación, quienes ahora cuentan nuevamente con escenarios en óptimas condiciones para su entrenamiento y formación. 

Lee la noticia completa:⬇⬇⬇
",,0,"08/25/2025 08:43",N/A,https://www.facebook.com/AlcaldiaDeTulua/posts/pfbid0YhCH4RavjBa4ghus9ewdScphfnyUYAmx3v5Knkc7G9qr268F6ss4orjaTbmUDthMl,0,0,Enlaces,,,,,Total,30570,20184,181,148,17,16,797,,587,210,,,,,,
1220989063401757,100064720237286,"Alcaldía de Tuluá","#Obras | Todo listo para la apertura de calle que conecta Sajonia con Pueblo Nuevo.

Con la pavimentación de 240 metros cuadrados, ya todo está listo para la apertura del paso en la calle 29A entre carreras 19 y 20, a un costado del  Centro Comercial Bicentenario Plaza, una obra que transforma notablemente este sector de la ciudad y mejora la movilidad en un punto estratégico de Tuluá.

Lee la noticia completa: ⬇⬇⬇
",,0,"08/25/2025 08:44",N/A,https://www.facebook.com/AlcaldiaDeTulua/posts/pfbid02d1Ps2kRY2of8zxevqTceUCu131cQMvFmUfQHpkfswZi7ptXNbuFVkmxMYbrM79Dil,0,0,Enlaces,,,,,Total,7813,5290,122,101,5,16,154,,60,94,,,,,,
1221201096713887,100064720237286,"Alcaldía de Tuluá","250 madres cabeza de hogar conocieron beneficios de Renta Ciudadana ✌🏽💪🏼✅

✨ Reunimos a estas mujeres madres cabeza de hogar de niños y niñas menores de 6 años y de personas con discapacidad, beneficiarias de este  programa en la Comuna 3. 🌸💜 

Un espacio para darles a conocer el programa, sus beneficios y ayudas que reciben, fortaleciendo el lazo entre la comunidad y la Administración Municipal. 🤝🌟 espacios #ParaSerFelices","250 madres cabeza de hogar conocieron beneficios de Renta Ciudadana ✌🏽💪🏼✅

✨ Reunimos a estas mujeres madres cabeza de hogar de niños y niñas menores de 6 años y de personas con discapacidad, beneficiarias de este  programa en la Comuna 3. 🌸💜 

Un espacio para darles a conocer el programa, sus beneficios y ayudas que reciben, fortaleciendo el lazo entre la comunidad y la Administración Municipal. 🤝🌟 espacios #ParaSerFelices",46,"08/25/2025 14:45",uploaded,https://www.facebook.com/reel/1436179840818111/,1,0,Reels,,,,,Total,1420,838,67,50,2,15,12,,12,,7539.222,5.917,0,0,,
1221753203325343,100064720237286,"Alcaldía de Tuluá","#obras | Puesto de Salud de San Pedro Claver será remodelado

El alcalde Gustavo Vélez dará inicio a la remodelación del Puesto de Salud del barrio San Pedro Claver.

Lee la nota completa aquí ⬇⬇⬇
",,0,"08/26/2025 06:46",N/A,https://www.facebook.com/AlcaldiaDeTulua/posts/pfbid02RFhsZhNK9bkFdxBwva92uUMV2ydjmvX9A892htKL7WBeqAobQv3PriFQWGJWq1Kfl,0,0,Enlaces,,,,,Total,1886,1211,45,36,1,8,29,,21,8,,,,,,
1221858486648148,100064720237286,"Alcaldía de Tuluá","🎉✨ Inició la Semana del Adulto Mayor ✨🎉

Con alegría, juegos y mucha energía, más de 100 abuelitos se dieron cita en el 📍Estadio Doce de Octubre para inaugurar esta celebración con las Olimpiadas del Adulto Mayor 🏅💃. Una semana llena de vida, recreación y sonrisas dedicada a quienes son ejemplo de amor y sabiduría 💙👵👴. #ParaSerFelices",,0,"08/26/2025 09:10",N/A,https://www.facebook.com/AlcaldiaDeTulua/posts/pfbid02NdMgYyWi5DpjyALRhVxVBwWn8KfHQqHxgLiCgXFms63seHTtByrRm9vNgbt2zQRGl,0,0,Fotos,,,,,Total,8241,4775,160,89,1,70,370,290,80,,,,,,,
1221870813313582,100064720237286,"Alcaldía de Tuluá","#Gobierno | Alcaldía de Tuluá fortalece la Comisaría de Familia con moderna dotación tecnológica.

Con la dotación de equipos tecnológicos como escáneres, impresoras y computadores de última generación el alcalde Gustavo Vélez fortalece el trabajo de la Comisaría de Familia y la Casa de Justicia. 

Lee la noticia completa: ⬇⬇⬇
",,0,"08/26/2025 09:27",N/A,https://www.facebook.com/AlcaldiaDeTulua/posts/pfbid03qzD7MHsBG8234Zo6hPRbXvz2x1FbvnbDB3mr2E1UuPadzxaEfFroc5QLzLSkCgTl,0,0,Enlaces,,,,,Total,6396,3745,109,92,4,13,278,,55,223,,,,,,
1221871173313546,100064720237286,"Alcaldía de Tuluá","#Educación | Tuluá avanza en la construcción del Plan Territorial Integral de Gestión del Riesgo Escolar.

La Secretaría de Educación Municipal de Tuluá, en articulación con el Ministerio de Educación Nacional, sostuvo un encuentro con docentes y directivos docentes con el fin de socializar los lineamientos para la construcción del Plan Territorial Integral de Gestión del Riesgo Escolar. 

Lee la noticia completa: ⬇⬇⬇
",,0,"08/26/2025 09:28",N/A,https://www.facebook.com/AlcaldiaDeTulua/posts/pfbid034kBrb1tuv34JzN3RGdoVgB2fc2cHTbgDr84V6bmPPH1PVzQreVLcCv1jsbWS3UtTl,0,0,Enlaces,,,,,Total,2296,1388,68,54,0,14,26,,2,24,,,,,,
1222669429900387,100064720237286,"Alcaldía de Tuluá","Así iniciamos la Semana del Adulto Mayor 💙😎✨

💬 Nuestras participantes expresaron la emoción de vivir esta gran celebración en el primer día de la Semana del Adulto Mayor 🌸💙.
La fiesta continúa y seguimos compartiendo momentos de unión, deporte y diversión con quienes son orgullo y ejemplo para todos 👵👴✨ #ParaSerFelices 💙✨","Así iniciamos la Semana del Adulto Mayor 💙😎✨

💬 Nuestras participantes expresaron la emoción de vivir esta gran celebración en el primer día de la Semana del Adulto Mayor 🌸💙.
La fiesta continúa y seguimos compartiendo momentos de unión, deporte y diversión con quienes son orgullo y ejemplo para todos 👵👴✨ #ParaSerFelices 💙✨",55,"08/27/2025 07:13",uploaded,https://www.facebook.com/reel/3053432431504817/,1,0,Reels,,,,,Total,3156,1331,142,85,1,56,31,,31,,32919.584,11.91,0,0,,
1222706686563328,100064720237286,"Alcaldía de Tuluá","#Educación | Tuluá fortalecerá su educación con 30 docentes orientadores

La Secretaría de Educación Municipal de Tuluá anunció que, gracias a la gestión realizada ante el Ministerio de Educación Nacional, la planta de docentes orientadores pasará de 18 a 30 para el 2026. Este aumento del 66% permitirá fortalecer la convivencia escolar, brindar acompañamiento psicosocial y garantizar ambientes educativos más seguros y favorables para el aprendizaje de los estudiantes.

Lee la noticia completa:⬇⬇⬇
",,0,"08/27/2025 08:07",N/A,https://www.facebook.com/AlcaldiaDeTulua/posts/pfbid02ftV9HbXcbXQU3jBYbALx2na4x9yaNpqvhYJNQ7eEMB1bXiCGQrhtqU2gdxvsN1Yjl,0,0,Enlaces,,,,,Total,3049,1650,83,69,2,12,82,,11,71,,,,,,
1222709686563028,100064720237286,"Alcaldía de Tuluá","#BienestarSocial | Más de 250 madres cabeza de hogar participaron en el segundo encuentro de Renta Ciudadana

En el Coliseo de Ferias Manuel Victoria Rojas se realizó el segundo encuentro de bienvenida del programa Renta Ciudadana, con la asistencia de más de 250 madres cabeza de hogar de la comuna 3, entre ellas cuidadoras de niños menores de 6 años y de personas con discapacidad.

Lee la noticia completa:⬇⬇⬇
",,0,"08/27/2025 08:11",N/A,https://www.facebook.com/AlcaldiaDeTulua/posts/pfbid0sQrSxP3bVQdh9DY25abU2wsGK1KQ1XAEKLPZLvTEMZhXnuc61eURcxYqxGVy8rqml,0,0,Enlaces,,,,,Total,1806,1141,47,36,2,9,23,,7,16,,,,,,
1222757886558208,100064720237286,"Alcaldía de Tuluá","Proyectamos a Tuluá como destino turístico estratégico✅✌🏽

✨ En la Central de Transportes de Tuluá fuimos sede del Encuentro Departamental de Autoridades de Turismo, donde recibimos al Viceministerio de Turismo, la Dirección Nacional de Calidad Turística y la secretaria de Turismo del Valle, Miyerlandi Torres 🌎🚍

Con esto, queremos fortalecer la competitividad y el desarrollo de nuestro municipio en el futuro. 💼🌱 #ParaSerFelices 💙",,0,"08/27/2025 09:26",N/A,https://www.facebook.com/AlcaldiaDeTulua/posts/pfbid0cGFvHvCiktzKeP7TpzSyQJqpsF5qTfKhjrFjSbnULgAc4Qwd5srjvPDHSRBW5eBRl,0,0,Fotos,,,,,Total,5938,3206,129,87,17,25,370,162,208,,,,,,,
1222937009873629,100064720237286,"Alcaldía de Tuluá","#Turismo | Tuluá, sede del Encuentro Departamental de Autoridades de Turismo.

Con la participación de representantes de más de 30 municipios, autoridades departamentales y el acompañamiento del Viceministerio de Turismo, se llevó a cabo en Tuluá el Encuentro Departamental de Autoridades de Turismo, un espacio de diálogo y articulación para proyectar el desarrollo turístico de la región.

Lee la noticia completa:⬇⬇⬇",,0,"08/27/2025 15:05",N/A,https://www.facebook.com/AlcaldiaDeTulua/posts/pfbid02tXHZLjSToBrg8WJGfVFEEz2YgxourPxNQU1K7VD2md3qEu5FxXfTaJj84QDA8CLZl,0,0,Enlaces,,,,,Total,1780,966,33,27,0,6,12,,5,7,,,,,,
1222970886536908,100064720237286,"Alcaldía de Tuluá","✨👑 Conoce a las candidatas al Reinado del Adulto Mayor 👑✨
13 mujeres llenas de alegría, experiencia y carisma competirán por la corona del Adulto Mayor en Tuluá. 💙🌸
Te esperamos este viernes 29 de agosto, en el 📍 Centro del Adulto Mayor de Nariño, para disfrutar juntos un día inolvidable, lleno de magia, unión y diversión. 🎉💃
#ParaSerFelices ✨💙",,0,"08/27/2025 16:25",N/A,https://www.facebook.com/AlcaldiaDeTulua/posts/pfbid0DxmpMX839WrZMBszD5uANvRKQFuf8a1pBXw93JNFboGcwPB9H1dtEaH9ZGTpth7gl,0,0,Fotos,,,,,Total,23848,10886,345,224,51,70,1915,1282,633,,,,,,,
1223009969866333,100064720237286,"Alcaldía de Tuluá","Alejandro: Un orgullo para la Alcaldía. 💙✨💪🏼

✨ Esta es la historia de Alejandro Lugo, un joven tulueño que hace parte de la Administración del alcalde Gustavo Vélez como orientador que inspira y transforma la vida de otros jóvenes.  Hace 9 años fue estudiante, aprendiz y beneficiario del programa #SerPiloEnamora; a pesar de las dificultades, pudo seguir adelante con el apoyo de la Administración Municipal, donde le brindamos espacios #ParaSerFelices 💙🌟","Alejandro: Un orgullo para la Alcaldía. 💙✨💪🏼

✨ Esta es la historia de Alejandro Lugo, un joven tulueño que hace parte de la Administración del alcalde Gustavo Vélez como orientador que inspira y transforma la vida de otros jóvenes.  Hace 9 años fue estudiante, aprendiz y beneficiario del programa #SerPiloEnamora; a pesar de las dificultades, pudo seguir adelante con el apoyo de la Administración Municipal, donde le brindamos espacios #ParaSerFelices 💙🌟",98,"08/27/2025 18:00",uploaded,https://www.facebook.com/reel/749192934754235/,1,0,Reels,,,,,Total,3618,1266,286,225,15,46,83,,83,,40615.171,13.084,0,0,,
1223696489797681,100064720237286,"Alcaldía de Tuluá","#Planeación | Alcalde Gustavo Vélez entrega primeras viviendas en Siete Vueltas

Con la entrega de cuatro casas prefabricadas y tres mejoramientos de vivienda saludable, que incluyen adecuaciones en baños y cocinas; el alcalde Gustavo Adolfo Vélez Román continúa cumpliendo compromisos con las comunidades más vulnerables de Tuluá. En esta ocasión, las familias del sector Siete Vueltas, una de las más afectadas por la ola invernal, recibieron los primeros hogares que marcan el inicio de una transformación en sus condiciones de vida, luego de años de precariedad.

Lee la noticia completa: ⬇⬇⬇
",,0,"08/28/2025 13:48",N/A,https://www.facebook.com/AlcaldiaDeTulua/posts/pfbid0ZEsDWS6foAwZVi3xv2Cqsj9dfS2sULzyZTAYH4npYNoHcPCnXnhcU4HYSb7zAPDol,0,0,Enlaces,,,,,Total,6396,3907,133,96,5,32,206,,115,91,,,,,,
1223704916463505,100064720237286,"Alcaldía de Tuluá","Bingo, música y sonrisas: así vivimos el tercer día del Adulto Mayor 💃🕺

💙✨ Más de 1.500 corazones siguen latiendo al ritmo de la Semana del Adulto Mayor. En esta tercera jornada de celebración, nuestros abuelitos gozaron de arte, bingo bailable y música en vivo, disfrutando de momentos llenos de alegría y unión en el 📍Parque Infantil Julia Escarpeta. 👵👴🎶 #ParaSerFelices",,0,"08/28/2025 14:05",N/A,https://www.facebook.com/AlcaldiaDeTulua/posts/pfbid0sXQVvYL5C7dsvL8hQ347cEq5uQutawrmWPZr4niFHrfuUm9FTgWn7CPsQQMCF2BBl,0,0,Fotos,,,,,Total,5902,3063,93,75,1,17,448,349,99,,,,,,,1
1223787179788612,100064720237286,"Alcaldía de Tuluá","🚦 🚨A partir de la primera semana de septiembre, la Calle 30 hacia la curva de La Herradura tendrá nuevo sentido vial.

Menos tráfico en Sajonia, Progresar y Pueblo Nuevo, además de una rotonda más segura para todos. Un cambio que mejora la movilidad y reduce la accidentalidad en esta zona clave de Tuluá. 📲 Comparte este video y entérate de la transformación vial. #ParaSerFelices","🚦 🚨A partir de la primera semana de septiembre, la Calle 30 hacia la curva de La Herradura tendrá nuevo sentido vial.

Menos tráfico en Sajonia, Progresar y Pueblo Nuevo, además de una rotonda más segura para todos. Un cambio que mejora la movilidad y reduce la accidentalidad en esta zona clave de Tuluá. 📲 Comparte este video y entérate de la transformación vial. #ParaSerFelices",35,"08/28/2025 17:04",uploaded,https://www.facebook.com/reel/24180583208301090/,1,0,Reels,,,,,Total,10028,6077,198,129,34,35,541,,540,1,131390.748,17.558,0,0,,
1224409813059682,100064720237286,"Alcaldía de Tuluá","🏡✨ Alcalde Gustavo Vélez entregó primeras viviendas en 📍Siete Vueltas.

Con la entrega de 4 casas prefabricadas  y 3 mejoramientos de vivienda saludable, el alcalde @gustavovelezr cumple su compromiso con estas comunidades, golpeadas por la ola invernal 🌧️💪. En articulación con la Gobernación del Valle y el Ministerio de Vivienda, llevamos esperanza, dignidad y nuevos comienzos  a quienes más lo necesitan. ✨

#ParaSerFelices 💙🏡🌟","🏡✨ Alcalde Gustavo Vélez entregó primeras viviendas en 📍Siete Vueltas.

Con la entrega de 4 casas prefabricadas  y 3 mejoramientos de vivienda saludable, el alcalde @gustavovelezr cumple su compromiso con estas comunidades, golpeadas por la ola invernal 🌧️💪. En articulación con la Gobernación del Valle y el Ministerio de Vivienda, llevamos esperanza, dignidad y nuevos comienzos  a quienes más lo necesitan. ✨

#ParaSerFelices 💙🏡🌟",73,"08/29/2025 10:55",N/A,https://www.facebook.com/reel/2380637215666869/,1,0,Reels,,,,,Total,1938,1147,113,79,3,31,31,,31,,16003.688,9.213,0,0,,
1224426133058050,100064720237286,"Alcaldía de Tuluá","#Obras | Inicia pavimentación del primer tramo de Intercambiador de la 40.

El proyecto del intercambiador vial de la Carrera 40 avanza de manera significativa y ya muestra sus primeros resultados. En esta primera fase, que corresponde al acceso hacia el barrio Fátima, se tienen proyectados 150 metros lineales de obra, de los cuales 100 ya están listos para iniciar con el proceso de pavimentación. Este tramo marcará el punto de partida para la transformación de uno de los corredores más importantes de la ciudad.

Lee la noticia completa:⬇⬇⬇
",,0,"08/29/2025 11:20",N/A,https://www.facebook.com/AlcaldiaDeTulua/posts/pfbid04CC4N5ZGmXRaKpgAXtCizkioqPN2WP65n8iG2t9RHqLepxk8QjhZW5EFdiF9TiRJl,0,0,Enlaces,,,,,Total,5545,3566,101,87,4,10,69,,13,56,,,,,,
1224495793051084,100064720237286,"Alcaldía de Tuluá","👑💃 Todo listo para el Reinado Municipal del Adulto Mayor 🎉✨
En pocos minutos daremos inicio este gran evento con la participación de 13 mujeres representantes de los grupos de Adulto Mayor 🌸💙.
Mientras tanto, nuestros abuelitos disfrutan de presentaciones artísticas 🎶💃 y una zona de emprendimientos 🛍️✨, en el Centro del Adulto Mayor de Nariño.  Espacios #ParaSerFelices ✨",,0,"08/29/2025 13:44",N/A,https://www.facebook.com/AlcaldiaDeTulua/posts/pfbid02Uw6sZi7wBYBZPZVYPgoskJGZXqETt1UynXMXwSAF4TJ2hugLr6Fy5dSDoYNbnNbil,0,0,Fotos,,,,,Total,8294,4635,117,96,7,14,654,488,166,,,,,,,1
1224581109709219,100064720237286,"Alcaldía de Tuluá","🌍🎧 ¡Conmemoramos el Día Internacional contra el Ruido con estudiantes!

Realizamos una jornada pedagógica con niños y niñas de la I.E. María Antonia Ruiz, creando conciencia sobre los riesgos que genera la contaminación acústica en la salud y el bienestar. 

🌱💙 Promovemos un ambiente sonoro más saludable y la reflexión sobre la importancia de reducir los niveles de ruido en nuestra municipio ✨#ParaSerFelices✨ ✌🏽","🌍🎧 ¡Conmemoramos el Día Internacional contra el Ruido con estudiantes!

Realizamos una jornada pedagógica con niños y niñas de la I.E. María Antonia Ruiz, creando conciencia sobre los riesgos que genera la contaminación acústica en la salud y el bienestar. 

🌱💙 Promovemos un ambiente sonoro más saludable y la reflexión sobre la importancia de reducir los niveles de ruido en nuestra municipio ✨#ParaSerFelices✨ ✌🏽",34,"08/29/2025 16:57",N/A,https://www.facebook.com/reel/4286105831621234/,1,0,Reels,,,,,Total,1118,754,49,35,1,13,11,,11,,4018.523,4.13,0,0,,
1225165916317405,100064720237286,"Alcaldía de Tuluá","🎙️ #ElPodcastdeVélez | Episodio 29. Construyendo Futuro: obras que pondrán a Tuluá en el mapa. 

En este capítulo del podcast, el alcalde Gustavo Adolfo Vélez Román habla con Tae Guevara sobre la Semana del Adulto Mayor, el avance del intercambiador de la 40 y las obras turísticas que transformarán a Tuluá en un referente regional y nacional. Un espacio para conocer cómo cada proyecto contribuye a una ciudad más humana, conectada y reconocida. 💙✨

👉 ¿Qué nombre le pondrías tú a la nueva obra en El Picacho? Déjanos tu respuesta en los comentarios. 🏞️📝","🎙️ #ElPodcastdeVélez | Episodio 29. Construyendo Futuro: obras que pondrán a Tuluá en el mapa. 

En este capítulo del podcast, el alcalde Gustavo Adolfo Vélez Román habla con Tae Guevara sobre la Semana del Adulto Mayor, el avance del intercambiador de la 40 y las obras turísticas que transformarán a Tuluá en un referente regional y nacional. Un espacio para conocer cómo cada proyecto contribuye a una ciudad más humana, conectada y reconocida. 💙✨

👉 ¿Qué nombre le pondrías tú a la nueva obra en El Picacho? Déjanos tu respuesta en los comentarios. 🏞️📝",1159,"08/30/2025 10:00",N/A,https://www.facebook.com/AlcaldiaDeTulua/videos/1544242366546612/,1,0,Videos,,,,,Total,1308,1041,71,56,1,14,39,,39,,41648.097,37.724,0,0,0,
1225186062982057,100064720237286,"Alcaldía de Tuluá","✨Entre sonrisas, cultura y mucha pasión, celebramos en el Centro del Adulto Mayor de Nariño el Reinado del Adulto Mayor 👑. 

Una fiesta de vida donde nuestros abuelos nos enseñaron que el amor y la alegría no tienen edad ✨🎶
👴🏼👵🏿🧓🏽👵🏽🧓🏻👴🏾👴🏻 #ParaSerFelices 💙✌🏽",,0,"08/30/2025 10:31",N/A,https://www.facebook.com/AlcaldiaDeTulua/posts/pfbid0RzJEtiyUohTwJyNC8U6zvwZogdTu5L2FJduW1g7T6QEJnrHqMbVphKyYsuHsScfol,0,0,Fotos,,,,,Total,35042,19228,322,267,16,39,3599,2521,1078,,,,,,,
1225319116302085,100064720237286,"Alcaldía de Tuluá","🪁✨ ¡Ya estamos listos para volar!

Más de 60 niños y jóvenes con sus familias están hoy creando su cometa en nuestro primer taller, calentando motores para el Gran Festival de Cometas este sábado 6 de septiembre 🎉😎✌🏽

👉 Aún puedes venir para inscribirte y participar en las categorías: la más grande, la más pequeña y la más creativa.🪁✨

Un evento que realizamos en colaboración la @central_de_transportes_tulua_ y @labakana103.1 #ParaSerFelices 💙✨",,0,"08/30/2025 14:36",N/A,https://www.facebook.com/AlcaldiaDeTulua/posts/pfbid0DcgKvEFWKyirWdh7ewVDm7TMqqW6sRSinkMqPuo7Pt74ws1TXZA5CgRwcT5fiTidl,0,0,Fotos,,,,,Total,3702,2118,36,28,0,8,164,119,45,,,,,,,
1225354429631887,100064720237286,"Alcaldía de Tuluá","#Noticias | Conoce las noticias más importantes de la semana en el nuevo episodio de 45 Segundos #ParaSerFelices 🤩✌🏽","#Noticias | Conoce las noticias más importantes de la semana en el nuevo episodio de 45 Segundos #ParaSerFelices 🤩✌🏽",68,"08/30/2025 16:00",uploaded,https://www.facebook.com/reel/1966261647521488/,1,0,Reels,,,,,Total,2055,1368,99,80,2,17,37,,37,,25434.226,13.74,0,0,,
1226044549562875,100064720237286,"Alcaldía de Tuluá","🌟🌻 Un domingo muy feliz en La Marina 🥳🤝

Nuestra jornada descentralizada fue todo un éxito con más de 100 tulueños que accedieron a los servicios de la Administración Municipal en el Polideportivo Central de la Consentida del Valle:
✅ Mercado campesino
✅ Atención en salud y Sisbén
✅ Programas nacionales
✅ Cultura, deporte y recreación para toda la familia
¡Y mucho más!

Seguimos llevando la Ruta de la Felicidad a cada rincón de Tuluá.💙✌🏽#ParaSerFelices",,0,"08/31/2025 10:47",N/A,https://www.facebook.com/AlcaldiaDeTulua/posts/pfbid02J4CH6u1uzN9x1dgpqoggr1Gs3Zxh35mkj7kyaCyNPpXkBLfsg4YSvqUnq7Cntwnxl,0,0,Fotos,,,,,Total,8178,4569,146,117,4,25,564,426,138,,,,,,,
1226218602878803,100064720237286,"Alcaldía de Tuluá","La cultura en cada barrio 🎭💃🏼🎨","La cultura en cada barrio 🎭💃🏼🎨 Desde el corazón de Tuluá, cada barrio tiene su latido, su voz, su historia… y un espacio vivo para conectarte con ella. Te invitamos a descubrir los centros culturales de la Casa de la Cultura, cerca de ti:Ramiro Arana – barrio San Pedro ClaverCasa Popular Anual Cabrera – barrio Rubén CruzJulia Scarpeta – Parque InfantilFerdán Muñoz – Corregimiento AguaclaraLa Marina – zona ruralGustavo Adolfo Jaramillo – barrio La Santa CruzNelson Llanos – barrio MunicipalLino Mora – barrio Diablos RojosEdmundo Dante Arias – Corregimiento de NariñoRodrigo Díaz – barrio La TrinidadEnrique Uribe White – Casa de la Cultura (centro)✨ Porque cada barrio lleva en su esencia la fuerza de la cultura, camina, descubre el centro cultural más cercano, y…¡Inscríbete en todos nuestros talleres GRATIS!",103,"08/31/2025 16:29",N/A,https://www.facebook.com/AlcaldiaDeTulua/videos/1329759235382428/,0,0,Videos,,,,,Total,1626,1487,72,56,1,15,31,,31,,18888.362,12.875,0,0,0,
1226708982829765,100064720237286,"Alcaldía de Tuluá","✨ Así vivimos la Ruta de la Felicidad en 📍La Marina ✨

Más de 20 asociaciones campesinas trajeron lo mejor del campo, 80 personas recibieron Atención Primaria en salud y 60 actualizaron su Sisbén.
Además, 32 familias accedieron a programas nacionales como Colombia Mayor y Renta Ciudadana, en medio de cultura, deporte y recreación para todos.

💫 Una jornada descentralizada que fue todo un éxito.
#ParaSerFelices ✌🏽","✨ Así vivimos la Ruta de la Felicidad en 📍La Marina ✨

Más de 20 asociaciones campesinas trajeron lo mejor del campo, 80 personas recibieron Atención Primaria en salud y 60 actualizaron su Sisbén.
Además, 32 familias accedieron a programas nacionales como Colombia Mayor y Renta Ciudadana, en medio de cultura, deporte y recreación para todos.

💫 Una jornada descentralizada que fue todo un éxito.
#ParaSerFelices ✌🏽",69,"09/01/2025 06:37",N/A,https://www.facebook.com/reel/1443246096898671/,1,0,Reels,,,,,Total,1192,906,62,47,1,14,21,,21,,8774.242,8.042,0,0,,
1226864362814227,100064720237286,"Alcaldía de Tuluá","#BienestarSocial | 1500 abuelitos celebraron su semana con alegría

Con juegos, actividades recreativas y deportivas más de 1.500 adultos mayores disfrutaron de la Semana del Adulto Mayor en escenarios como el Estadio Doce de Octubre, el Parque Infantil Julia Escarpeta y el Centro del Adulto Mayor en Nariño.

Lee la noticia completa:⬇⬇⬇
https://tulua.gov.co/publicaciones/6408/1500-abuelitos-celebraron-su-semana-con-alegria/",,0,"09/01/2025 10:36",N/A,https://www.facebook.com/AlcaldiaDeTulua/posts/pfbid0v3Xe7iAXMHgmfYguy5Ca4GhFeV8mLFb1CrpFSXcYthJ5HLtedCvZkot3a2UYjciol,0,0,Fotos,,,,,Total,1295,854,29,17,0,12,13,6,5,2,,,,,,
1226932319474098,100064720237286,"Alcaldía de Tuluá",,,0,"09/01/2025 12:42",N/A,https://www.facebook.com/AlcaldiaDeTulua/posts/pfbid0NHUvMK3tYPcwqrwSPQ4AgLWgVzVfCW2fxmxaqZX4giXRTtddHqsHgQTTaS6ehQfZl,0,1,Texto,,,,,Total,,,,,,,7,,7,,,,,,,
1226946666139330,100064720237286,"Alcaldía de Tuluá","#ParaSerFelices | Ruta de la Felicidad impulsó ventas al 100% en Mercado Campesino.

El corregimiento de La Marina fue escenario del Mercado Campesino, donde participaron más de 20 asociaciones rurales con una variada muestra de más de 60 productos agrícolas como verduras, frutas, lácteos y demás productos de la canasta familiar provenientes de sectores como Balsamar, La Iberia, La Moralia, Barragán, Tochecito y Piedritas. 

Lee la noticia completa:⬇⬇⬇
",,0,"09/01/2025 13:13",N/A,https://www.facebook.com/AlcaldiaDeTulua/posts/pfbid02ArMgVVQC3noMvDxcvnbKLFWM9z5W2EpcbQQawDtdLeYfSLkk38NC1KRVWF7zP3RNl,0,0,Enlaces,,,,,Total,1176,791,24,20,0,4,12,,2,10,,,,,,
1226950629472267,100064720237286,"Alcaldía de Tuluá","#Educación | Tuluá asegura más de 13 mil millones para el PAE en 2026.

La Alcaldía de Tuluá ha logrado un importante avance en la educación municipal al asegurar más de 13 mil millones de pesos para el Programa de Alimentación Escolar (PAE) en 2026. Este logro es fundamental para garantizar la alimentación de los estudiantes en el municipio y refleja el compromiso de la secretaría de Educación con los estudiantes.

Lee la noticia completa:⬇⬇⬇
",,0,"09/01/2025 13:21",N/A,https://www.facebook.com/AlcaldiaDeTulua/posts/pfbid0vyhNYzsdz5JeaUqELJFcSMgZ3CdkLW41bzqEKBPXJyWFnXBjpQBB5LUY184dYEikl,0,0,Enlaces,,,,,Total,2785,1567,101,72,9,20,45,,27,18,,,,,,
1227007269466603,100064720237286,"Alcaldía de Tuluá","🚧✨ ¡Arrancó la pavimentación del Intercambiador de la 40!

Con 100 metros listos para ingresar al barrio Fátima, comienza la transformación de uno de los corredores más importantes de Tuluá. 💙 Seguimos avanzando #ParaSerFelices","🚧✨ ¡Arrancó la pavimentación del Intercambiador de la 40!

Con 100 metros listos para ingresar al barrio Fátima, comienza la transformación de uno de los corredores más importantes de Tuluá. 💙 Seguimos avanzando #ParaSerFelices",51,"09/01/2025 15:34",uploaded,https://www.facebook.com/reel/1132230012187460/,1,0,Reels,,,,,Total,2503,2110,79,67,0,12,77,,77,,28786.773,12.743,0,0,,
1227526329414697,100064720237286,"Alcaldía de Tuluá","🚧 Cada vez más cerca de conectar el barrio Rojas con Escobar y Palobonito. ✅

Una obra de movilidad que cumple lo prometido y transforma la vida de la comunidad. 💪🏼✨
Los habitantes lo dicen con gratitud: estas son obras que generan confianza, unen barrios y construyen la Tuluá #ParaSerFelices 💙","🚧 Cada vez más cerca de conectar el barrio Rojas con Escobar y Palobonito. ✅

Una obra de movilidad que cumple lo prometido y transforma la vida de la comunidad. 💪🏼✨
Los habitantes lo dicen con gratitud: estas son obras que generan confianza, unen barrios y construyen la Tuluá #ParaSerFelices 💙",55,"09/02/2025 07:44",N/A,https://www.facebook.com/reel/1691018744945688/,1,0,Reels,,,,,Total,2557,1501,142,115,4,23,100,,100,,33091.158,14.746,0,0,,
1227798116054185,100064720237286,"Alcaldía de Tuluá","¡Así quedó el cambio de sentido vial en La Herradura!✅💪🏼📢  Hemos leído sus comentarios y venimos a aclararles todo. 😉🚦 Nuestro agente de tránsito les explica cómo será el cambio de sentido vial y de qué manera podrán movilizarse por este sector. 🚗➡️¿Lo entendiste? 👀 Cuéntanos en los comentarios. 📝👇 #ParaSerFelices","¡Así quedó el cambio de sentido vial en La Herradura!✅💪🏼📢  Hemos leído sus comentarios y venimos a aclararles todo. 😉🚦 Nuestro agente de tránsito les explica cómo será el cambio de sentido vial y de qué manera podrán movilizarse por este sector. 🚗➡️¿Lo entendiste? 👀 Cuéntanos en los comentarios. 📝👇 #ParaSerFelices",51,"09/02/2025 15:54",N/A,https://www.facebook.com/reel/1130829152263861/,0,0,Reels,,,,,Total,12745,11511,279,131,127,21,1350,,1350,,179216.431,16.884,0,0,,
1227816019385728,100064720237286,"Alcaldía de Tuluá","#Movilidad | Cambio vial reduce congestión y facilita movilidad en Tuluá.

Con el fin de mejorar la movilidad y descongestionar los accesos al centro de Tuluá, desde el Departamento Administrativo de Movilidad, se puso en marcha el cambio de sentido vial que beneficiará especialmente a los barrios Progresar y Pueblo Nuevo, al ofrecerles más alternativas seguras de desplazamiento hacia puntos estratégicos como el estadio, el centro y otros sectores de la ciudad.

Lee la noticia completa:⬇⬇⬇
",,0,"09/02/2025 16:33",N/A,https://www.facebook.com/AlcaldiaDeTulua/posts/pfbid0RSC1nNiqhgXRCV6c7uGossEgUtP893fi9Qp84w4kDztRquwxd7M8cWbkiDb3ewMZl,0,0,Enlaces,,,,,Total,8248,4532,169,105,60,4,726,,533,193,,,,,,
1228589695975027,100064720237286,"Alcaldía de Tuluá","¡Historias que transforman!🌟Juan Pablo encontró una herramienta en los Puntos Innova que lo llevó a emprender 👨‍💼. Tres semana bastaron para aprender a vectorizar y empezar su nuevo proyecto🚀. Nos contó que ya ha recibido varios pedidos 🧾 y que agradece a la Administración Municipal en cabeza del Alcalde Gustavo Adolfo Vele Román y al Departamento TIC por poner a disposición estas herramientas que benefician a los jóvenes. Espacios que transforman para ser felices 🙌","¡Historias que transforman!🌟Juan Pablo encontró una herramienta en los Puntos Innova que lo llevó a emprender 👨‍💼. Tres semana bastaron para aprender a vectorizar y empezar su nuevo proyecto🚀. Nos contó que ya ha recibido varios pedidos 🧾 y que agradece a la Administración Municipal en cabeza del Alcalde Gustavo Adolfo Vele Román y al Departamento TIC por poner a disposición estas herramientas que benefician a los jóvenes. Espacios que transforman para ser felices 🙌",86,"09/03/2025 12:12",N/A,https://www.facebook.com/reel/782509590932789/,0,0,Reels,,,,,Total,462,415,17,16,0,1,2,,2,,3181.945,7.314,0,0,,
1228648825969114,100064720237286,"Alcaldía de Tuluá","🍃✨ ¡Septiembre llegó con todo! ✨🍃

Arte, música en vivo, deporte, recreación, inclusión y cometas 🪁🎶⚽🎨
Agéndate y desliza 👉 para conocer toda la programación que tenemos para ti y tu familia en este fin de semana. #ParaSerFelices ✨💙💪🏼",,0,"09/03/2025 14:16",N/A,https://www.facebook.com/AlcaldiaDeTulua/posts/pfbid02K8fS4pj125FLtfZt5nhViBCmJVjWNP3RoBDs2DtEH2o3VtuZe5AeBCbpEKmo8dkxl,0,0,Fotos,,,,,Total,2754,1539,33,21,1,11,168,141,27,,,,,,,
1228653852635278,100064720237286,"Alcaldía de Tuluá","🎡✨ ¡Samuel te invita a divertirte en Bicentenario Plaza! ✨🎡👦👉 Nuestro pequeño anfitrión te muestra dónde están los juegos más divertidos y ¡a precios mucho más económicos! 🕹️🎯🚗💨 Además, disfruta de parqueadero gratis y no te pierdas los 🍦 mejores helados del mundo mundial.¿Qué esperas? 😍Ven con tu familia a vivir momentos únicos en Bicentenario Plaza, Tuluá 🏙️💙#BicentenarioPlaza #Tuluá #DiversiónEnFamilia #Helados #juegos","🎡✨ ¡Samuel te invita a divertirte en Bicentenario Plaza! ✨🎡👦👉 Nuestro pequeño anfitrión te muestra dónde están los juegos más divertidos y ¡a precios mucho más económicos! 🕹️🎯🚗💨 Además, disfruta de parqueadero gratis y no te pierdas los 🍦 mejores helados del mundo mundial.¿Qué esperas? 😍Ven con tu familia a vivir momentos únicos en Bicentenario Plaza, Tuluá 🏙️💙#BicentenarioPlaza #Tuluá #DiversiónEnFamilia #Helados #juegos",58,"09/03/2025 14:26",N/A,https://www.facebook.com/reel/4162595484060566/,0,0,Reels,,,,,Total,1342,1294,40,34,1,5,43,,43,,14861.154,12.221,0,0,,
1228725909294739,100064720237286,"Alcaldía de Tuluá","🌟 Las oportunidades transforman vidas 🌟

Laura Valentina encontró en la Administración Municipal su primer empleo, y hoy, desde el programa “Vení, hablemos”, abre caminos para que más jóvenes también hagan realidad sus sueños. 💙✨ Conoce aquí su historia. #ParaSerFelices","🌟 Las oportunidades transforman vidas 🌟

Laura Valentina encontró en la Administración Municipal su primer empleo, y hoy, desde el programa “Vení, hablemos”, abre caminos para que más jóvenes también hagan realidad sus sueños. 💙✨ Conoce aquí su historia. #ParaSerFelices",67,"09/03/2025 16:28",uploaded,https://www.facebook.com/reel/758764246933907/,1,0,Reels,,,,,Total,3353,1254,414,300,60,54,143,,143,,45149.807,15.999,0,0,,
1229408175893179,100064720237286,"Alcaldía de Tuluá","En Tuluá vivimos rodeados de verde 💚🌿 Montañas, humedales, parques y ese airecito fresquito que tanto nos gusta 😌🌬️
¿Y el tuyo? 👀 Cuéntanos tu color favorito en los comentarios 🎨👇 #ParaSerFelices","En Tuluá vivimos rodeados de verde 💚🌿 Montañas, humedales, parques y ese airecito fresquito que tanto nos gusta 😌🌬️
¿Y el tuyo? 👀 Cuéntanos tu color favorito en los comentarios 🎨👇 #ParaSerFelices",66,"09/04/2025 10:01",mixed,https://www.facebook.com/reel/2692742107600774/,1,0,Reels,,,,,Total,602,494,48,35,5,8,9,,9,,4034.268,7.321,0,0,,
1229572192543444,100064720237286,"Alcaldía de Tuluá","#Obras | Socialización de obras en La Marina anuncia embellecimiento del parque e iluminación vial.

Durante una jornada de socialización con la comunidad del corregimiento de La Marina, la Administración Municipal presentó las obras que se adelantarán en esta zona rural de Tuluá y sectores vecinos como El Brasil, El Bergel y La Iberia.

Lee la noticia completa: ⬇⬇⬇
",,0,"09/04/2025 15:07",N/A,https://www.facebook.com/AlcaldiaDeTulua/posts/pfbid02b2PxwLgrTRx1GUvgwQTH7eGY3QYjDZB7F56rgnbpRMfcUkWuqr9JbQcrXAqdjt5el,0,0,Enlaces,,,,,Total,1271,820,31,21,1,9,28,,1,27,,,,,,
1229576782542985,100064720237286,"Alcaldía de Tuluá","#Turismo | Alcaldía capacita a camareros y camareras del sector hotelero.

Con la participación de 39 personas pertenecientes a 17 hoteles de la zona urbana y rural de Tuluá, la Alcaldía Municipal, en convenio con Cotelco Regional Valle y la Cámara de Comercio de Tuluá, dio inicio a la primera capacitación gratuita para camareras y camareros de piso del sector de alojamiento.

Lee la noticia completa: ⬇⬇⬇
",,0,"09/04/2025 15:19",N/A,https://www.facebook.com/AlcaldiaDeTulua/posts/pfbid0eYQHV9S25tV2BaeWoL5cVcoWg2HfPDKETMBBaQdSEaQLxAt27Qt8APEPbfuhy6Mjl,0,0,Enlaces,,,,,Total,656,436,19,15,1,3,8,,5,3,,,,,,
1229578452542818,100064720237286,"Alcaldía de Tuluá","#Seguridad | Golpe al microtráfico y a la instrumentalización de menores en Tuluá.

Gracias al trabajo articulado con la Policía Nacional, en el marco de la estrategia Seguros, cercanos y presentes,  se logró la captura de cinco personas y la aprehensión de un menor de 17 años en los barrios Entre Ríos y La Cruz, debilitando de manera directa las redes dedicadas al microtráfico en el municipio.

Lee la noticia completa:⬇⬇⬇",,0,"09/04/2025 15:22",N/A,https://www.facebook.com/AlcaldiaDeTulua/posts/pfbid02ERRJHkNtEgpQAgf9RK44fCzVqwFwvVxk5qERkjsJBJu4oKbha6VDUaabz4Ct3paLl,0,0,Enlaces,,,,,Total,1132,730,14,11,0,3,27,,9,18,,,,,,
1229587849208545,100064720237286,"Alcaldía de Tuluá","#Salud | Después de 30 años Hospital Rubén Cruz estrena laboratorio.

Con una inversión de más de 1.000 millones de pesos de recursos propios, la E.S.E. Hospital Rubén Cruz Vélez inauguró su propio laboratorio clínico, marcando un hecho histórico para esta entidad después de 30 años de utilizar servicios de laboratorio médico tercerizado.

Lee la noticia completa:⬇⬇⬇",,0,"09/04/2025 15:44",N/A,https://www.facebook.com/AlcaldiaDeTulua/posts/pfbid0bXEFU4qWyrNPTnEYmFtvzZJVoeFTDQ1WtaFQQGmSBcdxev35FkeUprGECAEUkernl,0,0,Enlaces,,,,,Total,1983,1366,26,17,2,7,45,,28,17,,,,,,
1229599725874024,100064720237286,"Alcaldía de Tuluá","🚦👨‍👩‍👧‍👦 ¡Llevamos educación vial a padres y estudiantes!

En Tuluá construimos cultura ciudadana💪🏼 educando a padres de familia y estudiantes en conciencia vial para enseñar a movilizarnos con responsabilidad, ser ejemplo de respeto en las vías 🛑🚗 y transformar nuestras calles en espacios seguros. ✨ #ParaSerFelices","🚦👨‍👩‍👧‍👦 ¡Llevamos educación vial a padres y estudiantes!

En Tuluá construimos cultura ciudadana💪🏼 educando a padres de familia y estudiantes en conciencia vial para enseñar a movilizarnos con responsabilidad, ser ejemplo de respeto en las vías 🛑🚗 y transformar nuestras calles en espacios seguros. ✨ #ParaSerFelices",50,"09/04/2025 16:10",uploaded,https://www.facebook.com/reel/745123445010277/,1,0,Reels,,,,,Total,1720,1499,69,61,4,4,112,,112,,28495.658,19.073,0,0,,
1229668729200457,100064720237286,"Alcaldía de Tuluá","🌟 La cultura llegó al barrio Siete Canchas para compartir con grandes y chicos momentos inolvidables.✨

Arte 🎨, alegría 😄, danzas 💃, regalos 🎁 y mucho más 🎶💚 Transformamos espacios #ParaSerFelices",,0,"09/04/2025 18:04",N/A,https://www.facebook.com/AlcaldiaDeTulua/posts/pfbid037KNL4dDxE8k1P6RyJgY9Ko4AUhRRLjHmDMDw2CsHKAK6XjwRpHLsqkNyHtCkugCml,0,0,Fotos,,,,,Total,2903,1744,49,37,6,6,192,144,48,,,,,,,
1175514871282510,100064720237286,"Alcaldía de Tuluá","🚨12 capturados del grupo delincuencial ‘La Inmaculada’ en el marco de la #OperaciónTuluá 🚨✅💪🏼

Gracias al trabajo articulado con el GAULA de la Policía Valle, cayó una red de extorsión que intimidaba a comerciantes en la galería de nuestro municipio.

Alias “Stefa”, “Wendy”, “Osquitar” y otros 9 integrantes fueron detenidos por imponer cobros ilegales y manejar recursos ilícitos a través de billeteras digitales 📲💵.

Con esta acción reafirmamos nuestro compromiso con la seguridad de los tulueños. #ParaSerFelices 💙💪","🚨12 capturados del grupo delincuencial ‘La Inmaculada’ en el marco de la #OperaciónTuluá 🚨✅💪🏼

Gracias al trabajo articulado con el GAULA de la Policía Valle, cayó una red de extorsión que intimidaba a comerciantes en la galería de nuestro municipio.

Alias “Stefa”, “Wendy”, “Osquitar” y otros 9 integrantes fueron detenidos por imponer cobros ilegales y manejar recursos ilícitos a través de billeteras digitales 📲💵.

Con esta acción reafirmamos nuestro compromiso con la seguridad de los tulueños. #ParaSerFelices 💙💪",52,"07/01/2025 06:39",mixed,https://www.facebook.com/reel/1661482584506684/,1,0,Reels,,,,,Total,54413,33584,1744,1403,83,258,1277,,1277,,1067641.266,24.403,0,0,
1197467869087210,100064720237286,"Alcaldía de Tuluá","💛 Más de 150 abuelitos disfrutaron de la muestra cultural en el Centro Día #ParaSerFelices 💙✌🏽

Estos adultos mayores vivieron un espacio donde las risas y la creatividad no tienen edad 🎨🤹‍♂️✨ con diferentes muestras culturales y feria de emprendimiento 🛍️👵👴, nos enseñaron que nunca es tarde para soñar, crear y brillar.

¡Porque la felicidad también se vive en grande! 🌈💫","💛 Más de 150 abuelitos disfrutaron de la muestra cultural en el Centro Día #ParaSerFelices 💙✌🏽

Estos adultos mayores vivieron un espacio donde las risas y la creatividad no tienen edad 🎨🤹‍♂️✨ con diferentes muestras culturales y feria de emprendimiento 🛍️👵👴, nos enseñaron que nunca es tarde para soñar, crear y brillar.

¡Porque la felicidad también se vive en grande! 🌈💫",47,"07/28/2025 10:51",N/A,https://www.facebook.com/reel/1528224981475144/,1,0,Reels,,,,,Total,2528,1182,117,66,1,50,15,,15,,14994.091,6.55,0,0,
1196780645822599,100064720237286,"Alcaldía de Tuluá","🎉 ¡Más de 3.000 asistentes en la segunda edición del 1/4 de Milla!🏁🔥

Así se vivió un fin de semana cargado de emoción en el Aeropuerto Heriberto Gil Martínez, una de las mejores pistas del país.

🏎️💥 Más de 130 pilotos de todo Colombia hicieron vibrar la pista y el público se dejó llevar por la velocidad y la adrenalina.

🔥 ¡Gracias, Tuluá!
Una vez más la rompimos… y esto apenas comienza. 😎Nos vemos en octubre con más potencia y pasión. #ParaSerFelices","🎉 ¡Más de 3.000 asistentes en la segunda edición del 1/4 de Milla!🏁🔥

Así se vivió un fin de semana cargado de emoción en el Aeropuerto Heriberto Gil Martínez, una de las mejores pistas del país.

🏎️💥 Más de 130 pilotos de todo Colombia hicieron vibrar la pista y el público se dejó llevar por la velocidad y la adrenalina.

🔥 ¡Gracias, Tuluá!
Una vez más la rompimos… y esto apenas comienza. 😎Nos vemos en octubre con más potencia y pasión. #ParaSerFelices",39,"07/27/2025 15:39",N/A,https://www.facebook.com/reel/937437698532708/,1,0,Reels,,,,,Total,4935,3532,133,78,2,53,71,,71,,25111.05,5.542,0,0,
1196630669170930,100064720237286,"Alcaldía de Tuluá","🏁 ¡Más de 2.700 personas ya disfrutan de la velocidad en Tuluá! 🏎️🔥

En este segundo día del 1/4 de Milla Tuluá 2025, vivimos las emocionantes finales junto a 134 pilotos y los carros más rápidos de Colombia.

🚗💨 Aún estás a tiempo de venir con tu familia y amigos.
📍 Estaremos hasta las 6:00 p. m.
¡No te lo pierdas, la pista está encendida! 💥 #ParaSerFelices 💙",,0,"07/27/2025 10:59",N/A,https://www.facebook.com/AlcaldiaDeTulua/posts/pfbid0BERFHekq1j9ksDPHx7vfAMHFKfe8hkyKpu7N8sjMjwP1iPpyC452i3Ku8QNjSLR4l,0,0,Fotos,,,,,Total,7481,4211,80,69,1,10,422,325,97,,,,,,
1195958135904850,100064720237286,"Alcaldía de Tuluá","🚨✅Hoy desde el @cuartodemillatulua_2025 🏁 te contamos las noticias más importantes de la semana en 45 segundos #ParaSerFelices 😎✌🏽","🚨✅Hoy desde el @cuartodemillatulua_2025 🏁 te contamos las noticias más importantes de la semana en 45 segundos #ParaSerFelices 😎✌🏽",81,"07/26/2025 16:41",uploaded,https://www.facebook.com/reel/24355940370703789/,1,0,Reels,,,,,Total,3709,2580,100,83,2,15,55,,55,,38013.963,11.33,0,0,
1195847139249283,100064720237286,"Alcaldía de Tuluá","🎤 ¿Qué piensan los asistentes del @cuartodemillatulua_2025?
🏁 ¡Aquí nos cuentan! 🔥 ➡️ @jerogtr y @cazador_rs69 

La emoción, la velocidad y la pasión por los motores se viven al máximo en esta segunda edición de este evento que hace vibrar a Tuluá.

🚗💨 Aún estás a tiempo de venir y disfrutar de esta gran experiencia con los mejores pilotos de Colombia, en una de las mejores pistas del país. 🏁🇨🇴

📍 Te esperamos hasta las 6:00 p. m. en el Aeropuerto Heriberto Gil Martínez. ¡No te lo pierdas! 😎✌🏽","🎤 ¿Qué piensan los asistentes del @cuartodemillatulua_2025?
🏁 ¡Aquí nos cuentan! 🔥 ➡️ @jerogtr y @cazador_rs69 

La emoción, la velocidad y la pasión por los motores se viven al máximo en esta segunda edición de este evento que hace vibrar a Tuluá.

🚗💨 Aún estás a tiempo de venir y disfrutar de esta gran experiencia con los mejores pilotos de Colombia, en una de las mejores pistas del país. 🏁🇨🇴

📍 Te esperamos hasta las 6:00 p. m. en el Aeropuerto Heriberto Gil Martínez. ¡No te lo pierdas! 😎✌🏽",90,"07/26/2025 12:44",N/A,https://www.facebook.com/reel/742452498187439/,1,0,Reels,,,,,Total,31980,27041,802,666,12,124,423,,422,1,541437.012,18.686,0,0,
1195789915921672,100064720237286,"Alcaldía de Tuluá","🔥 ¡Así arrancamos con toda la energía el primer día del 1/4 de Milla en Tuluá! 🏁💨

Los asistentes ya sienten la adrenalina en una de las mejores pistas del país: el Aeropuerto Heriberto Gil Martínez.😎

🚗💥 La segunda edición de esta fiesta de la velocidad ya está en marcha y tú no te la puedes perder.

📍 Ven con tu parche, vibra con los motores y vive este espectáculo único en el corazón del Valle. #ParaSerFelices 💙",,0,"07/26/2025 10:55",N/A,https://www.facebook.com/AlcaldiaDeTulua/posts/pfbid0ovhsPF2m5RqLBYcAwmYGyvFEqy9YpAMC9uZCPgQd36RJd2P5GyCz1W7bEv1SUfFQl,0,0,Fotos,,,,,Total,10844,6146,116,98,5,13,860,631,229,,,,,,
1195161815984482,100064720237286,"Alcaldía de Tuluá","#tecnologia | Tulueños estrenan computadores en los puntos INNOVA

La Alcaldía de Tuluá, a través del Departamento TIC, avanza en su propósito de acercar la tecnología a los ciudadanos con la renovación de 45 computadores en los puntos INNOVA del municipio. En esta primera fase, fueron dotados el punto del barrio San Pedro Claver con 23 equipos nuevos y el punto José Antonio Galán con 25, permitiendo que más personas puedan acceder a herramientas digitales para formación, capacitación y trámites en línea, de manera cómoda y eficiente.

Lee la noticia completa:⬇⬇⬇ 
",,0,"07/25/2025 15:44",N/A,https://www.facebook.com/AlcaldiaDeTulua/posts/pfbid0VsNzrRUzB1i17apmGZJVzFxnqbP4QHAxUfpkwW3XFi3kCwgbZdXGr8E2GD1TMYkUl,0,0,Enlaces,,,,,Total,2450,1470,48,35,3,10,22,,10,12,,,,,
1195160012651329,100064720237286,"Alcaldía de Tuluá","#SEDAMA | Alcaldía llegó con educación ambiental a los colegios

Con el objetivo de promover la conciencia ambiental y la cultura ciudadana entre los estudiantes, la Secretaría de Desarrollo Agropecuario y Medio Ambiente, SEDAMA, en articulación con Centro Aguas y la Corporación Autónoma Regional del Valle del Cauca, CVC, adelanta jornadas de fortalecimiento de educación ambiental en distintas instituciones educativas del municipio.

Lee la noticia completa:⬇⬇⬇",,0,"07/25/2025 15:40",N/A,https://www.facebook.com/AlcaldiaDeTulua/posts/pfbid02323U2Phk2iofyCtt6dwa2esqVcGM6GS68GwLUVZqWnFNqu5BGBT7EcgpvyYgFJjPl,0,0,Enlaces,,,,,Total,2392,1503,37,25,4,8,20,,8,12,,,,,
1195154555985208,100064720237286,"Alcaldía de Tuluá","🚀 ¡Más de 200 personas podrán acercarse a la tecnología en San Pedro Claver! 😎✌🏽

Entregamos 20 computadores al @puntosinnova del barrio San Pedro Claver, donde la comunidad podrá acceder gratuitamente a estos equipos para estudiar, trabajar o capacitarse.😎✅

Con estos computadores inclusivos, seguimos cerrando la brecha digital y brindando herramientas que transforman vidas, construyendo juntos un Tuluá más equitativo, conectado e innovador. 🌐💻
#ParaSerFelices","🚀 ¡Más de 200 personas podrán acercarse a la tecnología en San Pedro Claver! 😎✌🏽

Entregamos 20 computadores al @puntosinnova del barrio San Pedro Claver, donde la comunidad podrá acceder gratuitamente a estos equipos para estudiar, trabajar o capacitarse.😎✅

Con estos computadores inclusivos, seguimos cerrando la brecha digital y brindando herramientas que transforman vidas, construyendo juntos un Tuluá más equitativo, conectado e innovador. 🌐💻
#ParaSerFelices",62,"07/25/2025 15:26",auto,https://www.facebook.com/reel/1248301469914824/,1,0,Reels,,,,,Total,4117,3173,111,90,3,18,67,,67,,35003.066,9.143,0,0,
1194981136002550,100064720237286,"Alcaldía de Tuluá","📚 ¡200 estudiantes de Monteloro recibieron dotación escolar!

Con 50 sillas, mesas y nuevos libros, la Alcaldía de Tuluá llegó a la 📍I.E Monteloro, beneficiando a los niños y niñas de sus sedes rurales.

Ahora recibirán sus clases en mejores condiciones gracias a la gestión del alcalde @gustavovelezr. 💙🏫 Transformamos la educación rural #ParaSerFelices","📚 ¡200 estudiantes de Monteloro recibieron dotación escolar!

Con 50 sillas, mesas y nuevos libros, la Alcaldía de Tuluá llegó a la 📍I.E Monteloro, beneficiando a los niños y niñas de sus sedes rurales.

Ahora recibirán sus clases en mejores condiciones gracias a la gestión del alcalde @gustavovelezr. 💙🏫 Transformamos la educación rural #ParaSerFelices",28,"07/25/2025 09:45",N/A,https://www.facebook.com/reel/24567457132846773/,1,0,Reels,,,,,Total,2820,1357,188,150,6,32,35,,35,,15084.397,5.993,0,0,
1194368626063801,100064720237286,"Alcaldía de Tuluá","#Cultura | Bibliobús llegó a Tuluá por primera vez

Impactando a más de 200 niños y niñas, hoy el Bibliobús visitó por primera vez el municipio de Tuluá, llevando historias, aprendizaje a niños y niñas de la Institución Educativa Técnica de Occidente. 

https://tulua.gov.co/publicaciones/6320/bibliobus-llego-a-tulua-por-primera-vez/

Lee la noticia completa:⬇⬇⬇",,0,"07/24/2025 16:35",N/A,https://www.facebook.com/AlcaldiaDeTulua/posts/pfbid0ewSmpg3N8aSTXYyKZaWEpifHHvnroFLMdwDo1fkVNvcfL4FfLncHAzV9ZugrNDgFl,0,0,Fotos,,,,,Total,3400,2052,49,42,1,6,55,40,15,,,,,,
1194367656063898,100064720237286,"Alcaldía de Tuluá","🌱 ¡Llegamos con educación ambiental a los colegios! 
Con charlas sobre conciencia ambiental, cultura ciudadana, manejo del ruido y teatro educativo 🎭, seguimos formando estudiantes más conscientes.
junto con @centroaguas.sa.esp y @cvc_ambiental💧 Aprendieron sobre el agua, el ruido y cómo cuidar el planeta desde su colegio 🌎♻️
#paraserfelices #TuluáSeTransforma","🌱 ¡Llegamos con educación ambiental a los colegios! 
Con charlas sobre conciencia ambiental, cultura ciudadana, manejo del ruido y teatro educativo 🎭, seguimos formando estudiantes más conscientes.
junto con @centroaguas.sa.esp y @cvc_ambiental💧 Aprendieron sobre el agua, el ruido y cómo cuidar el planeta desde su colegio 🌎♻️
#paraserfelices #TuluáSeTransforma",42,"07/24/2025 16:33",uploaded,https://www.facebook.com/reel/1283597723342517/,1,0,Reels,,,,,Total,1163,829,36,28,0,8,6,,6,,4754.973,4.524,0,0,
1194365896064074,100064720237286,"Alcaldía de Tuluá","#Educación | Estudiantes de Monteloro recibieron dotación de mesas y sillas

Con la dotación de 50 sillas, mesas y varios libros para la biblioteca escolar, la Administración Municipal llegó hasta la Institución Educativa Monteloro, beneficiando a dos de sus sedes rurales. Esta gestión, liderada por el    alcalde     Gustavo Adolfo Vélez, busca cerrar  brechas educativas y mejorar las  condiciones de aprendizaje de  200  niños y niñas que reciben clases en esta zona del municipio.

Lee la noticia completa:⬇⬇⬇

",,0,"07/24/2025 16:29",N/A,https://www.facebook.com/AlcaldiaDeTulua/posts/pfbid0mgCWw485g72d2QnwDdrXBUx2KcFQzC3DXC8T1rpRB9S7KpLzPWVFGc4iQHeU4gRdl,0,0,Enlaces,,,,,Total,2381,1531,59,46,1,12,22,,9,13,,,,,
1194170596083604,100064720237286,"Alcaldía de Tuluá","#BienestarSocial | 18 madres cuidadoras reciben formación en panadería. 

Como parte de la estrategia de inclusión que lidera la Administración Municipal, 18 mujeres cuidadoras de personas con discapacidad participan activamente en un curso de panadería que busca fortalecer su autonomía económica y abrir caminos hacia el emprendimiento.

Lee la noticia completa:⬇⬇⬇",,0,"07/24/2025 10:07",N/A,https://www.facebook.com/AlcaldiaDeTulua/posts/pfbid02d3oDTD2aTMZakQqCtWZ3fPepzt1BQVzsCvTY22f6pGsBSjYEJc5tU8E5eqp9nNKTl,0,0,Enlaces,,,,,Total,4327,3032,50,37,3,10,40,,21,19,,,,,
1194046499429347,100064720237286,"Alcaldía de Tuluá","🚧 ¡Así avanza el Intercambiador de la 40! 🏗️

Con excavaciones, demolición del pavimento antiguo y traslado de redes, ya se transforma la movilidad en el noroccidente de Tuluá. En el costado del Parque de la Familia, avanzamos con los trabajos para dar paso a la futura rotonda que conectará la carrera 40 con el barrio Fátima. 🔄🚗 

Todo esto, gracias a la gestión del alcalde @gustavovelezr en articulación con @infitulua, apostándole a la transformación de Tuluá. 💙🌱 #ParaSerFelices","🚧 ¡Así avanza el Intercambiador de la 40! 🏗️

Con excavaciones, demolición del pavimento antiguo y traslado de redes, ya se transforma la movilidad en el noroccidente de Tuluá. En el costado del Parque de la Familia, avanzamos con los trabajos para dar paso a la futura rotonda que conectará la carrera 40 con el barrio Fátima. 🔄🚗 

Todo esto, gracias a la gestión del alcalde @gustavovelezr en articulación con @infitulua, apostándole a la transformación de Tuluá. 💙🌱 #ParaSerFelices",31,"07/24/2025 06:53",auto,https://www.facebook.com/reel/1465354114469063/,1,0,Reels,,,,,Total,6754,4053,269,215,10,44,216,,216,,63956.966,11.402,0,0,
1193566836143980,100064720237286,"Alcaldía de Tuluá","🎥✨ Conoce a Angélica y su sabor artesanal con @paperussa.artesanal 🍰👩🏻‍🍳

Una chef y repostera tulueña con un talento único para la cocina artesanal, que transforma ingredientes en experiencias inolvidables. 🥐🍓

Su emprendimiento fue protagonista en la Feria de Emprendimiento Impulsando Comunidades, una iniciativa de @fundacionlevapan, @camaratulua y @alcaldiadetulua que impulsa los sueños y el talento local. 💼🌟

Descubre su historia y cómo, con creatividad, dedicación y mucho amor, Angélica está conquistando Tuluá con cada receta. #ParaSerFelices 💙🔥","🎥✨ Conoce a Angélica y su sabor artesanal con @paperussa.artesanal 🍰👩🏻‍🍳

Una chef y repostera tulueña con un talento único para la cocina artesanal, que transforma ingredientes en experiencias inolvidables. 🥐🍓

Su emprendimiento fue protagonista en la Feria de Emprendimiento Impulsando Comunidades, una iniciativa de @fundacionlevapan, @camaratulua y @alcaldiadetulua que impulsa los sueños y el talento local. 💼🌟

Descubre su historia y cómo, con creatividad, dedicación y mucho amor, Angélica está conquistando Tuluá con cada receta. #ParaSerFelices 💙🔥",143,"07/23/2025 16:42",N/A,https://www.facebook.com/reel/1053170556960202/,1,0,Reels,,,,,Total,2270,1531,72,48,10,14,36,,36,,29314.43,14.195,0,0,
1193390056161658,100064720237286,"Alcaldía de Tuluá","📣 La Superintendencia de Notariado y Registro, en compañía de la Alcaldía de Tuluá, invita a toda la comunidad a participar en una jornada de asesoría jurídica gratuita 🧑‍⚖️ sobre legalización y formalización de predios 🏡 en el municipio de Tuluá, Valle del Cauca.

📆 Jueves, 25 de julio de 2025
🕗 De 8:00 a.m. a 4:00 p.m.
📍 Plazoleta de la Plaza Cívica Boyacá

¡Aprovecha esta oportunidad para resolver tus dudas y poner tus predios en regla! ✅",,0,"07/23/2025 10:39",N/A,https://www.facebook.com/AlcaldiaDeTulua/posts/pfbid0AaxbYuF2k38nuEn3HqKwKDErSgsTiYt5eTez36gWhH1QWXfTmmhjnmc19mz2ypRhl,0,0,Fotos,,,,,Total,3484,2124,49,29,7,13,74,13,61,,,,,,
1193378916162772,100064720237286,"Alcaldía de Tuluá","#SEDAMA | Alcaldía entrega segunda biofábrica y refuerza apoyo al sector campesino.

Con la entrega de una segunda biofábrica que beneficiará a los habitantes de la zona rural alta de Tuluá, como La Diadema, El Paraíso y La Garza, el alcalde Gustavo Adolfo Vélez Román,  continúa fortaleciendo los mercados campesinos. 

Lee la noticia completa: ⬇⬇⬇
",,0,"07/23/2025 10:20",N/A,https://www.facebook.com/AlcaldiaDeTulua/posts/pfbid02vhXss1uvzWcRKYfZRS7DjuP1mX1RCuqUdj4gie9er8HxggzKsfbA1fj8kk5VxBVgl,0,0,Enlaces,,,,,Total,3142,1857,67,45,6,16,35,,23,12,,,,,
1193317599502237,100064720237286,"Alcaldía de Tuluá","¡Aquí sí contamos! Cultura y Bienestar con espacios para crecer 💡👧🏻👧🏽 

En Tuluá, las voces de nuestras niñas niños y jóvenes, son escuchadas y valoradas. 🙌 Por eso, seguimos apostándole a la transformación social a través de la cultura, el arte y la formación. 🎨📚

Con talleres, cursos y espacios diseñados para fortalecer el tejido social y descubrir talentos, seguimos abriendo caminos para que nuestras nuevas generaciones crezcan felices, seguras y con oportunidades. #ParaSerFelices 💙","¡Aquí sí contamos! Cultura y Bienestar con espacios para crecer 💡👧🏻👧🏽 

En Tuluá, las voces de nuestras niñas niños y jóvenes, son escuchadas y valoradas. 🙌 Por eso, seguimos apostándole a la transformación social a través de la cultura, el arte y la formación. 🎨📚

Con talleres, cursos y espacios diseñados para fortalecer el tejido social y descubrir talentos, seguimos abriendo caminos para que nuestras nuevas generaciones crezcan felices, seguras y con oportunidades. #ParaSerFelices 💙",50,"07/23/2025 08:41",N/A,https://www.facebook.com/AlcaldiaDeTulua/videos/1123232252952370/,0,0,Videos,,,,,Total,3813,3159,197,137,16,44,117,,117,,38077.719,11.369,0,0,0
1192819669552030,100064720237286,"Alcaldía de Tuluá","🚧✨ ¡Adiós a los huecos en la calle 34!

Así se ven 1.400 metros lineales de topping en esta vía que conecta a 5 barrios, y hoy está totalmente recuperada con topping, ofreciendo mejor movilidad y calidad de vida a los tulueños. ✌🏽

💙 ¡Aquí trabajamos día y noche para seguir transformando a Tuluá en la ciudad que soñamos #ParaSerFelices! 🤩💪🏼","🚧✨ ¡Adiós a los huecos en la calle 34!

Así se ven 1.400 metros lineales de topping en esta vía que conecta a 5 barrios, y hoy está totalmente recuperada con topping, ofreciendo mejor movilidad y calidad de vida a los tulueños. ✌🏽

💙 ¡Aquí trabajamos día y noche para seguir transformando a Tuluá en la ciudad que soñamos #ParaSerFelices! 🤩💪🏼",31,"07/22/2025 18:27",auto,https://www.facebook.com/reel/3138542999687167/,1,0,Reels,,,,,Total,64348,45128,2945,2298,207,440,1185,,1146,39,636113.19,11.874,0,0,
1192737756226888,100064720237286,"Alcaldía de Tuluá","#Deporte | Alcalde Gustavo Vélez apoya a más de 350 deportistas en juegos Departamentales.

Con transporte, alimentación, uniformes, implementación deportiva y hospedaje, la Administración Municipal de Tuluá apoya a más de 350 jóvenes que participan en los Juegos Departamentales 2025. 

Lee la noticia completa:⬇⬇⬇
",,0,"07/22/2025 15:39",N/A,https://www.facebook.com/AlcaldiaDeTulua/posts/pfbid036QcvAjgoptCYWDbaycdh4tsqwXzWhsNzq3yQryQ2vXmNAkCxmicu3kkb8166uLnvl,0,0,Enlaces,,,,,Total,16020,8183,352,237,62,53,915,,704,211,,,,,
1192728139561183,100064720237286,"Alcaldía de Tuluá","🌳 ¡Retiramos árbol que representaba riesgo en la calle 25!

Con una intervención técnica y responsable de la SEDAMA, ahora la calle 25 es un lugar más seguro para peatones y vecinos de la calle 25. 🛣️💙 El árbol retirado presentaba daños estructurales y fitosanitarios, es decir, con afectaciones por plagas o enfermedades que comprometían su estabilidad. 🚶‍♀️🚗 y que podían afectar a peatones y conductores que transitan por el sector. 🚶‍♀️🚗

🌿 Como medida compensatoria, sembramos nuevos árboles en otros sectores del municipio, reafirmando el compromiso del alcalde @gustavovelezr con una Tuluá más verde, segura y sostenible. 💙🍃 #ParaSerFelices","🌳 ¡Retiramos árbol que representaba riesgo en la calle 25!

Con una intervención técnica y responsable de la SEDAMA, ahora la calle 25 es un lugar más seguro para peatones y vecinos de la calle 25. 🛣️💙 El árbol retirado presentaba daños estructurales y fitosanitarios, es decir, con afectaciones por plagas o enfermedades que comprometían su estabilidad. 🚶‍♀️🚗 y que podían afectar a peatones y conductores que transitan por el sector. 🚶‍♀️🚗

🌿 Como medida compensatoria, sembramos nuevos árboles en otros sectores del municipio, reafirmando el compromiso del alcalde @gustavovelezr con una Tuluá más verde, segura y sostenible. 💙🍃 #ParaSerFelices",52,"07/22/2025 15:17",N/A,https://www.facebook.com/reel/1068224528778518/,1,0,Reels,,,,,Total,2450,1526,111,84,14,13,50,,50,,29200.488,13.272,0,0,
1192562632911067,100064720237286,"Alcaldía de Tuluá","#Hábitat | Tochecito y la media montaña tendrán mejores vías para transitar

Con el mantenimiento y compactación de las vías rurales de la alta montaña, ahora los campesinos de Tochecito, Altaflor, Cascajeros y Volcanes, podrán transportar sus productos y transitar con facilidad hacia la zona urbana.

Lee la noticia completa: ⬇⬇⬇
",,0,"07/22/2025 09:53",N/A,https://www.facebook.com/AlcaldiaDeTulua/posts/pfbid0wY8egRfoYgTbpYsEZGcsyJnBKbLdi66Fr1aSQVqQkvfM5J9VnSAN6R7RYiZNCY4Sl,0,0,Enlaces,,,,,Total,3024,1910,69,52,8,9,41,,25,16,,,,,
1192498622917468,100064720237286,"Alcaldía de Tuluá","🏅 ¡Tuluá presente en los Juegos Departamentales 2025! ⚽🔥

Estos son algunos de nuestros deportistas tulueños que ya están dejando huella en los Juegos Departamentales. 💪 Ellos integran la selección Tuluá de fútbol masculino, representando con pasión, disciplina y talento a nuestro municipio. 💙⚽

Ellos se unen a los más de 300 jóvenes atletas que participarán en 33 disciplinas deportivas, demostrando que en Tuluá sí se transforma el deporte #ParaSerFelices. 🏃‍♀️🏋️‍♂️

¡Vamos, Tuluá! 💙 💪🏽","🏅 ¡Tuluá presente en los Juegos Departamentales 2025! ⚽🔥

Estos son algunos de nuestros deportistas tulueños que ya están dejando huella en los Juegos Departamentales. 💪 Ellos integran la selección Tuluá de fútbol masculino, representando con pasión, disciplina y talento a nuestro municipio. 💙⚽

Ellos se unen a los más de 300 jóvenes atletas que participarán en 33 disciplinas deportivas, demostrando que en Tuluá sí se transforma el deporte #ParaSerFelices. 🏃‍♀️🏋️‍♂️

¡Vamos, Tuluá! 💙 💪🏽",24,"07/22/2025 08:25",N/A,https://www.facebook.com/reel/1081372730804253/,1,0,Reels,,,,,Total,8932,3572,354,253,14,87,370,,370,,55145.42,7.311,0,0,
1191931586307505,100064720237286,"Alcaldía de Tuluá","🚧 Agricultores de Tochecito y Altaflor cuentan con mejores vías para sacar sus productos 🌄

Con maquinaria y labores de compactación,  mejoramos la vía para facilitar el transporte de productos frescos del campo a la ciudad, de estudiantes de zona rural y el acceso a servicios. 

💪🌱 Porque una vía en buen estado mejora la calidad de vida de nuestros campesinos. 🌾 #ParaSerFelices 💙","🚧 Agricultores de Tochecito y Altaflor cuentan con mejores vías para sacar sus productos 🌄

Con maquinaria y labores de compactación,  mejoramos la vía para facilitar el transporte de productos frescos del campo a la ciudad, de estudiantes de zona rural y el acceso a servicios. 

💪🌱 Porque una vía en buen estado mejora la calidad de vida de nuestros campesinos. 🌾 #ParaSerFelices 💙",57,"07/21/2025 15:17",uploaded,https://www.facebook.com/reel/761921066370376/,1,0,Reels,,,,,Total,4255,2580,324,189,26,109,70,,70,,38007.318,9.866,0,0,
1191783262989004,100064720237286,"Alcaldía de Tuluá","#SEDAMA | Alcaldía retira árbol que representaba riesgo en la calle 25.

La Administración Municipal, a través de la Secretaría de Desarrollo Agropecuario y Medio Ambiente, realizó la erradicación de un árbol en la calle 25 que representaba un riesgo para quienes transitan por esta vía y para los habitantes del sector. Esta acción hace parte del compromiso del alcalde Gustavo Vélez Román con la seguridad, la movilidad y el bienestar de todos los tulueños.

Lee la noticia completa: ⬇⬇⬇
",,0,"07/21/2025 10:40",N/A,https://www.facebook.com/AlcaldiaDeTulua/posts/pfbid02HfUk3WPh3pjKYyArHkY73iADnwDkFDKjxCLLng5P48mnpArBP66if5JrWzHKMr81l,0,0,Enlaces,,,,,Total,6833,3827,70,43,16,11,284,,155,129,,,,,
1191782796322384,100064720237286,"Alcaldía de Tuluá","#Salud | 250 mascotas esterilizadas en jornadas descentralizadas.

Con diferentes jornadas tanto en zona urbana, dos de ellas en el Coliseo de Ferias Manuel Victoria Rojas con el apoyo de la Gobernación del Valle, como en zona rural en La Iberia, La Moralia, Venus y Pardo Alto, ya son 250 los animales esterilizados en Tuluá gracias a la estrategia de bienestar animal que lidera Secretaría de Salud de la Alcaldía de Tuluá, en articulación con la Subsecretaría de Protección y Bienestar Animal del Departamento.

Lee la noticia completa:⬇⬇⬇
",,0,"07/21/2025 10:39",N/A,https://www.facebook.com/AlcaldiaDeTulua/posts/pfbid0YzZSMtECBPjudz72iu5RKYzHKmRRSDZLp7KFnQ88iZBeL1R1zAjiEjcWgQb6Y79El,0,0,Enlaces,,,,,Total,1347,864,27,20,0,7,8,,3,5,,,,,
1191780806322583,100064720237286,"Alcaldía de Tuluá","#Salud | Tres Esquinas tiene renovado puesto de Salud

Con una remodelación total y dotación completamente nueva, el Puesto de Salud del corregimiento Tres Esquinas volvió a abrir sus puertas, tras permanecer cerrado durante cuatro años. Este centro, ahora en óptimas condiciones, brindará atención médica continua en medicina general, odontología y otros servicios básicos para la población rural de esta zona de Tuluá.

Lee la noticia completa: ⬇⬇⬇
",,0,"07/21/2025 10:36",N/A,https://www.facebook.com/AlcaldiaDeTulua/posts/pfbid0sXd9FiCXD4eRoVxqA5pLJJnTeXGY5MDnupCVM1LpH26aiRYiLcTuivEPFt5hEi51l,0,0,Enlaces,,,,,Total,1446,951,29,22,0,7,15,,2,13,,,,,
1191780449655952,100064720237286,"Alcaldía de Tuluá","#Planeación | Más de 80 familias de La Estrella inician proceso de legalización

Más de 80 familias del asentamiento La Estrella, ubicado en la vía a Tres Esquinas, comenzaron el proceso de legalización urbanística gracias a la primera jornada de atención integral y caracterización social, liderada por la Alcaldía de Tuluá a través del Departamento Administrativo de Planeación Municipal.

Lee la noticia completa: ⬇⬇⬇
",,0,"07/21/2025 10:35",N/A,https://www.facebook.com/AlcaldiaDeTulua/posts/pfbid0E39BfdK2HHP1EabtFqy2Bn2npnFdnezR2tUqPKBHDuR1iBWeL8PuQbuzXwph42Yxl,0,0,Enlaces,,,,,Total,1484,1021,31,22,0,9,12,,3,9,,,,,
1191692129664784,100064720237286,"Alcaldía de Tuluá","🐾 Un día lleno de huellas, amor y esperanza 💙🤩

Este fin de semana celebramos  el Día Mundial del Perro en el Parque de la Familia📍. Una jornada cargada de emociones, donde tulueños y tulueñas se unieron para honrar la vida de nuestros peludos con amor y compromiso. 🐾🐶

Durante el evento, realizamos vacunación antirrábica gratuita tanto a perritos como gatitos, desparasitación, asesorías sobre tenencia responsable, rifas y actividades para toda la familia. Además, muchos animalitos encontraron una nueva oportunidad de vida gracias a la jornada de adopción liderada por la Fundación Huellitas En La Calle.  🤩🐾💙

¡Porque cada vida cuenta y cada ladrido también merece un hogar! 🐶🏡 #ParaSerFelices",,0,"07/21/2025 08:19",N/A,https://www.facebook.com/AlcaldiaDeTulua/posts/pfbid0NpiVqGuS4D4VTTMEvufafMyp1wGt9w1KFPV8NDSRBL73WvxpdjjmYn5pTyBemUNWl,0,0,Fotos,,,,,Total,7925,4551,92,70,6,16,531,380,151,,,,,,
1191147766385887,100064720237286,"Alcaldía de Tuluá","➡️Conoce las noticias más importantes de la semana en nuestro resumen semanal “45 segundos” #*ParaSerFelices* 💙✅ 😎","➡️Conoce las noticias más importantes de la semana en nuestro resumen semanal “45 segundos” #*ParaSerFelices* 💙✅ 😎",63,"07/20/2025 16:14",N/A,https://www.facebook.com/reel/1255790266585375/,1,0,Reels,,,,,Total,1154,940,41,31,1,9,6,,6,,9233.274,9.078,0,0,
1190924196408244,100064720237286,"Alcaldía de Tuluá","🇨🇴✨ Hoy celebramos con orgullo el Día de la Independencia💪🏼

La Plaza Cívica Boyacá se llenó de honor y patriotismo en el homenaje a nuestros símbolos patrios.🎶 Con presentaciones artísticas y culturales vivimos la conmemoración del Grito de Independencia. 🙌 Exaltando la labor de nuestras fuerzas armadas quienes se encargan de la seguridad de nuestro municipio y del país.

¡Viva nuestra historia, viva nuestra gente, viva Colombia! 💛💙❤️ #ParaSerFelices",,0,"07/20/2025 09:33",N/A,https://www.facebook.com/AlcaldiaDeTulua/posts/pfbid0nrEiRKKg3qnsVVwggAPJpPB9oT6oTaPrrvstU8yZgHDuEWLGdweANMVQMbfCKrp4l,0,0,Fotos,,,,,Total,28275,14179,454,348,43,63,2888,1980,908,,,,,,
1190166333150697,100064720237286,"Alcaldía de Tuluá","‼️🚨 ¡El podcast de Vélez llegó a la Radio Tulueña! En minutos, no te lo pierdas por las emisoras Mundo 89 Tuluá y La Cariñosa ✌🏽😎",,0,"07/19/2025 10:02",N/A,https://www.facebook.com/AlcaldiaDeTulua/posts/pfbid0zqaUjhiiykaXZWbMLGX6tjjeEzQAMUqbX15PfoiHwijjXnMZjyjupMRBGfRWPzQql,0,0,Texto,,,,,Total,6677,3941,80,71,2,7,79,,79,,,,,,
1190164453150885,100064720237286,"Alcaldía de Tuluá","🎙️ #ElPodcastdeVélez | Episodio 23: Comer con dignidad: una obra con sentido social.

En esta entrega del podcast, el alcalde Gustavo Vélez conversa con Felipe Laborda,  un invitado muy especial sobre cómo avanzan tanto las obras civiles como las sociales que están transformando a Tuluá.
💙 Conoce cómo el comedor comunitario “Sazón para ser Felices” ahora brinda alimento, dignidad y esperanza a 250 personas cada día.
#ParaSerFelices","🎙️ #ElPodcastdeVélez | Episodio 23: Comer con dignidad: una obra con sentido social.

En esta entrega del podcast, el alcalde Gustavo Vélez conversa con Felipe Laborda,  un invitado muy especial sobre cómo avanzan tanto las obras civiles como las sociales que están transformando a Tuluá.
💙 Conoce cómo el comedor comunitario “Sazón para ser Felices” ahora brinda alimento, dignidad y esperanza a 250 personas cada día.
#ParaSerFelices",903,"07/19/2025 10:00",N/A,https://www.facebook.com/AlcaldiaDeTulua/videos/1256000175575033/,1,0,Videos,,,,,Total,5338,4157,475,300,35,140,101,,101,,102856.775,21.959,0,0,0
1189579429876054,100064720237286,"Alcaldía de Tuluá","🍽️ ¡Ahora 250 personas podrán acceder a alimentación digna y balanceada! 💙✨

El alcalde @gustavovelezr visitó el comedor comunitario del programa “Sazón para Ser Felices” y anunció la ampliación del cupo para beneficiar a niños, adultos mayores y personas vulnerables 👵👦👨‍🦳 Esta estrategia, liderada por la Secretaría de Bienestar Social, se mantendrá hasta el 30 de diciembre de 2025, garantizando acceso a comida saludable para quienes más lo necesitan 🥗🙌

✅ Lucha contra el hambre
✅ Bienestar social
✅ Atención con enfoque humano

¡Así construimos una Tuluá más justa y solidaria! #ParaSerFelices 💙🍲","🍽️ ¡Ahora 250 personas podrán acceder a alimentación digna y balanceada! 💙✨

El alcalde @gustavovelezr visitó el comedor comunitario del programa “Sazón para Ser Felices” y anunció la ampliación del cupo para beneficiar a niños, adultos mayores y personas vulnerables 👵👦👨‍🦳 Esta estrategia, liderada por la Secretaría de Bienestar Social, se mantendrá hasta el 30 de diciembre de 2025, garantizando acceso a comida saludable para quienes más lo necesitan 🥗🙌

✅ Lucha contra el hambre
✅ Bienestar social
✅ Atención con enfoque humano

¡Así construimos una Tuluá más justa y solidaria! #ParaSerFelices 💙🍲",27,"07/18/2025 15:41",auto,https://www.facebook.com/reel/632863379828682/,1,0,Reels,,,,,Total,5546,3319,233,168,28,37,97,,97,,38408.219,8.057,0,0,
1189437666556897,100064720237286,"Alcaldía de Tuluá","🔵 ¡+2.000 personas beneficiadas en Tres Esquinas! 🏥🙌

Con la apertura del Puesto de Salud en este corregimiento, los tulueños tendrán acceso a servicios médicos de calidad, más cerca de sus hogares 💙 El alcalde @gustavovelezr entregó este renovado espacio con atención integral y personal capacitado del Hospital Rubén Cruz Vélez, mejorando la calidad de vida en la zona rural de Tuluá 🌿

¡Seguimos transformando la salud para quienes más lo necesitan! #ParaSerFelices 💙✨","🔵 ¡+2.000 personas beneficiadas en Tres Esquinas! 🏥🙌

Con la apertura del Puesto de Salud en este corregimiento, los tulueños tendrán acceso a servicios médicos de calidad, más cerca de sus hogares 💙 El alcalde @gustavovelezr entregó este renovado espacio con atención integral y personal capacitado del Hospital Rubén Cruz Vélez, mejorando la calidad de vida en la zona rural de Tuluá 🌿

¡Seguimos transformando la salud para quienes más lo necesitan! #ParaSerFelices 💙✨",45,"07/18/2025 10:44",mixed,https://www.facebook.com/reel/1938802600190195/,1,0,Reels,,,,,Total,3568,1912,231,179,8,44,70,,70,,23825.392,7.387,0,0,
1188809166619747,100064720237286,"Alcaldía de Tuluá","🔵 Tres Esquinas tiene renovado Puesto de Salud 🏥✨

El alcalde Gustavo Vélez, reabrió este centro con espacios dignos, personal calificado y atención continua para la comunidad rural 💙

📅 Martes y sábados
🕖 De 7:00 a. m. a 4:00 p. m.

🩺 Servicios:
✅ Medicina general
✅ Odontología
✅ Enfermería
✅ Programas de promoción y prevención

¡Seguimos llevando salud de calidad a todos los rincones de Tuluá!  #ParaSerFelices 💙🤩",,0,"07/17/2025 16:19",N/A,https://www.facebook.com/AlcaldiaDeTulua/posts/pfbid0LgKqPCd2oa9v6AmnUZcfBwuafygwRyM5H3CdEp8pqNdGTne7h4oNa9NyXgQhdww1l,0,0,Fotos,,,,,Total,15699,8046,313,207,5,101,834,609,225,,,,,,
1188588906641773,100064720237286,"Alcaldía de Tuluá","🏡✨ 📝 Más de 80 familias en proceso de legalización en La Estrella 
🏡

Con una jornada de atención integral,🐶 vacunación para mascotas, 🧑‍💼 atención social y 📋 caracterización puerta a puerta, inicia el proceso de legalización urbanística en este asentamiento ubicado en la vía a Tres Esquinas, donde las familias de este sector, comienzan a ver hecha realidad la esperanza de una vivienda digna, servicios públicos legalizados y beneficios del Estado. 💧🏠📑

¡Seguimos transformando a Tuluá en un municipio más humano! 💙
#ParaSerFelices",,0,"07/17/2025 08:49",N/A,https://www.facebook.com/AlcaldiaDeTulua/posts/pfbid0gNE7RXmdfzN8fqDoxYMDbCpmB2MBKAfzbotwwcf2vDW1XXVZyfo957eLuV7dP4L2l,0,0,Fotos,,,,,Total,4807,2807,51,39,1,11,212,156,56,,,,,,
1188441876656476,100064720237286,"Alcaldía de Tuluá","🧼🔍 ¡Reforzamos el control sanitario en Tuluá!

Hoy con Secretaría de Salud, realizamos nuevamente operativos de Inspección, Vigilancia y Control 🍽️

✅ Revisamos productos y espacios de manipulación
✅ Sensibilizamos a comerciantes sobre normas sanitarias
✅ Invitamos a tener la documentación al día y cumplir la ley

¡Comer bien también es transformar la salud de Tuluá! #ParaSerFelices 💙","🧼🔍 ¡Reforzamos el control sanitario en Tuluá!

Hoy con Secretaría de Salud, realizamos nuevamente operativos de Inspección, Vigilancia y Control 🍽️

✅ Revisamos productos y espacios de manipulación
✅ Sensibilizamos a comerciantes sobre normas sanitarias
✅ Invitamos a tener la documentación al día y cumplir la ley

¡Comer bien también es transformar la salud de Tuluá! #ParaSerFelices 💙",35,"07/17/2025 05:03",uploaded,https://www.facebook.com/reel/1944064523096670/,1,0,Reels,,,,,Total,1235,825,29,24,0,5,5,,5,,5821.315,5.22,0,0,
1188006806699983,100064720237286,"Alcaldía de Tuluá","#Salud | Alcaldía refuerza operativos de control sanitario en establecimientos de alimentos.

Con verificación de las condiciones higiénico-sanitarias en la manipulación y venta de alimentos y bebidas para consumo humano y animal, la Administración Municipal, a través de la Secretaría de Salud, inició nuevamente los operativos de Inspección, Vigilancia y Control (IVC) en establecimientos comerciales del municipio. 

Lee la noticia completa: ⬇⬇⬇
",,0,"07/16/2025 15:09",N/A,https://www.facebook.com/AlcaldiaDeTulua/posts/pfbid0KQHHH2YwCyFVAgcMS12yKZmwMxm3SDwDgB6TKTW9iFxe3VBu4LodTf27bWGes3kDl,0,0,Enlaces,,,,,Total,2364,1520,46,34,6,6,24,,11,13,,,,,
1188004850033512,100064720237286,"Alcaldía de Tuluá","🏥🌿 Atención Primaria en Salud sigue recorriendo la zona rural de Tuluá

Los Equipos Básicos de Salud del @hospitalrubencruzvelez, continúan su recorrido por nuestros corregimientos, llevando atención integral a las comunidades que más lo necesitan. 👩‍⚕️🚑

Esta semana, llegaron al corregimiento de Quebradagrande, donde ofrecieron servicios médicos, odontológicos, psicológicos, de enfermería y trabajo social, con el respaldo de la comunidad y el compromiso de la Administración Municipal. 💙

✅ Más de 150 familias atendidas
✅ Jornadas en Altaflor, El Recreo, El Rocío, El Retiro y ahora Quebradagrande
✅ Salud con enfoque rural, humano y oportuno

¡Seguimos construyendo una Tuluá con bienestar #ParaSerFelices!",,0,"07/16/2025 15:04",N/A,https://www.facebook.com/AlcaldiaDeTulua/posts/pfbid0WyvXXSAtgVd4x1aQ4CcmEGBEzW8A5jreSNZUrbcpLF9ywhyTo3kUSbqQ19uHt2H8l,0,0,Fotos,,,,,Total,4427,2659,52,39,1,12,135,104,31,,,,,,
1187879860046011,100064720237286,"Alcaldía de Tuluá","🎥✨ Conoce a Carolina y su marca ALISK💙 

Una emprendedora tulueña con un talento innato para las manualidades y la moda circular, que transforma el arte en oportunidades. 🧵👜

Su emprendimiento fue el ganador del pabellón de artesanías en la Feria de Emprendimiento Impulsando Comunidades, una iniciativa de @fundacionlevapan, @camaratulua y @alcaldiadetulua. 🏆💼

Descubre su historia y cómo, con sus manos y su creatividad, Carolina está dejando huella en Tuluá. #ParaSerFelices 💙🤩","🎥✨ Conoce a Carolina y su marca ALISK💙 

Una emprendedora tulueña con un talento innato para las manualidades y la moda circular, que transforma el arte en oportunidades. 🧵👜

Su emprendimiento fue el ganador del pabellón de artesanías en la Feria de Emprendimiento Impulsando Comunidades, una iniciativa de @fundacionlevapan, @camaratulua y @alcaldiadetulua. 🏆💼

Descubre su historia y cómo, con sus manos y su creatividad, Carolina está dejando huella en Tuluá. #ParaSerFelices 💙🤩",121,"07/16/2025 10:46",uploaded,https://www.facebook.com/reel/656577640732664/,1,0,Reels,,,,,Total,1908,1503,71,53,9,9,67,,67,,20655.767,11.816,0,0,
1187281896772474,100064720237286,"Alcaldía de Tuluá","🚧 ¡Jarillón artesanal beneficiará las familias de Zabaletas! 🌊🏡

Gracias a una alianza entre la comunidad, la empresa privada, los ingenios y la Administración Municipal, hoy ejecutamos una obra de mitigación del riesgo en la vereda Zabaletas, zona rural plana de Tuluá. Con maquinaria y trabajo conjunto, construimos un jarillón artesanal que evitará desbordamientos del río y desastres en temporada de lluvias, protegiendo la vida y los hogares de las familias tulueñas. 🙌💪

Seguimos transformando la zona rural con obras que brindan seguridad y bienestar a los tulueños. #ParaSerFelices 💙🌱","🚧 ¡Jarillón artesanal beneficiará las familias de Zabaletas! 🌊🏡

Gracias a una alianza entre la comunidad, la empresa privada, los ingenios y la Administración Municipal, hoy ejecutamos una obra de mitigación del riesgo en la vereda Zabaletas, zona rural plana de Tuluá. Con maquinaria y trabajo conjunto, construimos un jarillón artesanal que evitará desbordamientos del río y desastres en temporada de lluvias, protegiendo la vida y los hogares de las familias tulueñas. 🙌💪

Seguimos transformando la zona rural con obras que brindan seguridad y bienestar a los tulueños. #ParaSerFelices 💙🌱",38,"07/15/2025 16:55",auto,https://www.facebook.com/reel/1990015081740249/,1,0,Reels,,,,,Total,2479,1619,110,81,10,19,51,,51,,23756.581,10.887,0,0,
1187262243441106,100064720237286,"Alcaldía de Tuluá","#SEDAMA | Alcaldía entregó biofábrica para fortalecer el agro en Puerto Frazadas.

La Alcaldía de Tuluá, a través de la Secretaría de Desarrollo Agropecuario y Medio Ambiente SEDAMA, entregó insumos clave para poner en marcha biofábricas comunitarias en La Moralia y Puerto Frazadas. Con esta iniciativa, liderada por el alcalde Gustavo Adolfo Vélez Román, se busca fortalecer la producción limpia y sostenible en el campo tulueño.

Lee la noticia completa: ⬇⬇⬇
",,0,"07/15/2025 16:12",N/A,https://www.facebook.com/AlcaldiaDeTulua/posts/pfbid02CmkYxDEJz8jhUc2nheZFzvfekHkH9DhbZ6rn128775Q8W2hKNe7YazRSLNmH4Ryol,0,0,Enlaces,,,,,Total,3564,2181,64,51,3,10,50,,15,35,,,,,
1187033336797330,100064720237286,"Alcaldía de Tuluá","🌱 Entregamos una biofábrica en Puerto Frazadas 🚜

Con la SEDAMA, brindamos insumos clave que fortalecerán la producción limpia en el campo tulueño, para que los productores rurales elaboren sus propios biofertilizantes y abonos orgánicos, cuidando el ambiente y reduciendo costos en La Moralia y Puerto Frazadas. 💚♻️

✅ Melaza, azufre y sulfato
✅ Canecas plásticas
✅ Medidor de pH

Agricultura sostenible para #ParaSerFelices 💙","🌱 Entregamos una biofábrica en Puerto Frazadas 🚜

Con la SEDAMA, brindamos insumos clave que fortalecerán la producción limpia en el campo tulueño, para que los productores rurales elaboren sus propios biofertilizantes y abonos orgánicos, cuidando el ambiente y reduciendo costos en La Moralia y Puerto Frazadas. 💚♻️

✅ Melaza, azufre y sulfato
✅ Canecas plásticas
✅ Medidor de pH

Agricultura sostenible para #ParaSerFelices 💙",53,"07/15/2025 08:59",auto,https://www.facebook.com/reel/1207791977765460/,1,0,Reels,,,,,Total,2337,1145,132,104,5,23,43,,43,,18932.626,9.119,0,0,
1186455286855135,100064720237286,"Alcaldía de Tuluá","#Deporte | Más de 4.000 niños ya viven la experiencia del fútbol en el estadio Doce de Octubre

Más de 4.000 niños de 300 clubes y equipos deportivos de Tuluá, Andalucía, Bugalagrande, La Marina, Trujillo, Ríofrío, Buga, San Pedro y otros municipios cercanos al corazón del Valle, disfrutan hoy de la experiencia única de jugar en el estadio Doce de Octubre, un escenario emblemático que está siendo adecuado especialmente para ellos.

Lee la noticia completa: ⬇⬇⬇
",,0,"07/14/2025 16:14",N/A,https://www.facebook.com/AlcaldiaDeTulua/posts/pfbid022BSkgCr2ugdQiP4L9NzbKWsb6fZwHanogp3HzVrjNAQ2G6w3DKUcdGZTRaZbwPALl,0,0,Enlaces,,,,,Total,4804,3076,95,74,8,13,78,,17,61,,,,,
1186454980188499,100064720237286,"Alcaldía de Tuluá","#BienestarSocial | Tuluá marchó con orgullo por la inclusión y el respeto.

Con un recorrido lleno de color, alegría y mensajes de inclusión, más de 100 personas participaron en la marcha de la población LGBTIQ+ en el municipio de Tuluá, una jornada liderada por organizaciones sociales y acompañada por la Alcaldía Municipal a través de la Secretaría de Bienestar Social.

Lee la noticia completa: ⬇⬇⬇
",,0,"07/14/2025 16:13",N/A,https://www.facebook.com/AlcaldiaDeTulua/posts/pfbid02EHEEaYmncUVVSEkkrwNXxwqamvwNye3Z3TDwHQaKrg4MKWFtJAGMkfosKW85cBaKl,0,0,Enlaces,,,,,Total,2278,1339,31,28,1,2,62,,29,33,,,,,
1186454386855225,100064720237286,"Alcaldía de Tuluá","#Seguridad | Capturados sicarios de la “Inmaculada”.

En una operación conjunta entre la SIJIN del Departamento de Policía Valle y la Fiscalía General de la Nación, fueron capturados en los barrios Porvenir y Farfán dos peligrosos integrantes del Grupo Delincuencial Común Organizado (GDCO) ‘La Inmaculada’, conocidos con los alias de ‘Tingo’ y ‘Rochi’. Ambos son señalados por los delitos de homicidio agravado y porte ilegal de armas.

Lee la noticia completa: ⬇⬇⬇
",,0,"07/14/2025 16:12",N/A,https://www.facebook.com/AlcaldiaDeTulua/posts/pfbid0CrZKGMLZGNPniSubSRzVWdukWUSrm13WSXxazuvZs1qZEVDPBc31RpvpPQBQewXFl,0,0,Enlaces,,,,,Total,17199,9598,151,123,3,25,1254,,237,1017,,,,,
1186451826855481,100064720237286,"Alcaldía de Tuluá","🚨 Capturados dos sicarios del grupo ‘La Inmaculada’ 🕵️‍♂️

En una operación conjunta entre la SIJIN y la Fiscalía, fueron capturados en los barrios Porvenir y Farfán alias ‘Tingo’ y ‘Rochi’, señalados por homicidio  y otros delitos como extorsión y porte ilegal de armas. 🔫👮‍♂️

Ambos fueron enviados a centro carcelario. El trabajo y la lucha contra las estructuras criminales continúan para transformar a Tuluá. 💪🚔","🚨 Capturados dos sicarios del grupo ‘La Inmaculada’ 🕵️‍♂️

En una operación conjunta entre la SIJIN y la Fiscalía, fueron capturados en los barrios Porvenir y Farfán alias ‘Tingo’ y ‘Rochi’, señalados por homicidio  y otros delitos como extorsión y porte ilegal de armas. 🔫👮‍♂️

Ambos fueron enviados a centro carcelario. El trabajo y la lucha contra las estructuras criminales continúan para transformar a Tuluá. 💪🚔",89,"07/14/2025 16:08",uploaded,https://www.facebook.com/reel/1306139197896637/,1,0,Reels,,,,,Total,29997,18345,710,604,11,95,1265,,1265,,638325.382,24.022,0,0,
1186425590191438,100064720237286,"Alcaldía de Tuluá","⚽✨ ¡Los niños llegaron al Doce de Octubre!

El emblemático estadio se llenó de sonrisas, talento y pasión infantil con la Copa Corazón, un torneo que les permite a nuestros niños cumplir el sueño de jugar como profesionales. 🏟️💙

Gracias al liderazgo del alcalde @gustavovelezr y el trabajo de la Secretaría del Deporte y la Recreación, este escenario se convierte nuevamente en un espacio de inclusión, formación y grandes oportunidades para la niñez tulueña y del centro del Valle. ⚽👦👧 #ParaSerFelices","⚽✨ ¡Los niños llegaron al Doce de Octubre!

El emblemático estadio se llenó de sonrisas, talento y pasión infantil con la Copa Corazón, un torneo que les permite a nuestros niños cumplir el sueño de jugar como profesionales. 🏟️💙

Gracias al liderazgo del alcalde @gustavovelezr y el trabajo de la Secretaría del Deporte y la Recreación, este escenario se convierte nuevamente en un espacio de inclusión, formación y grandes oportunidades para la niñez tulueña y del centro del Valle. ⚽👦👧 #ParaSerFelices",49,"07/14/2025 15:09",N/A,https://www.facebook.com/reel/1160413225851976/,1,0,Reels,,,,,Total,4146,1749,287,199,11,77,55,,55,,34503.254,9.491,0,0,
1186300050203992,100064720237286,"Alcaldía de Tuluá","🗳️ ¡Atención, joven tulueño!
Conoce las fechas clave para participar en las elecciones del Consejo Municipal de Juventudes 2025.
¡Haz parte del cambio! #ParaSerFelices 💪🔥",,0,"07/14/2025 11:04",N/A,https://www.facebook.com/AlcaldiaDeTulua/posts/pfbid032Nh7drgf6jExfxp5oncrs66Vv8ERzS1F2sQ3aFandrxnGfprWAwPxZgmEhJgC1HPl,0,0,Fotos,,,,,Total,1815,1108,29,21,1,7,13,9,4,,,,,,
1186175893549741,100064720237286,"Alcaldía de Tuluá","🚧 ¡La transformación vial ya es una realidad en Tuluá!","🚧 ¡La transformación vial ya es una realidad en Tuluá!

✅ Con el inicio de nuevas obras, avanzamos hacia una ciudad con vías más seguras, modernas y pensadas para el bienestar de todos.
🛣️ Así le apostamos a una mejor movilidad y a una mayor calidad de vida para los tulueños.
💙 ¡Seguimos trabajando #ParaSerFelices!",39,"07/14/2025 07:49",N/A,https://www.facebook.com/AlcaldiaDeTulua/videos/4221478421417075/,0,0,Videos,,,,,Total,3925,2884,257,183,40,34,236,,236,,36286.028,10.637,0,0,0
1185479426952721,100064720237286,"Alcaldía de Tuluá","🎙️ElPodcastdeVélez* | Episodio 21: Tuluá comienza su transformación","🎙️ElPodcastdeVélez | Episodio 21: Tuluá comienza su transformación.

En este nuevo episodio, el alcalde Gustavo Vélez recorrió las obras que ya están en marcha y hacen parte de la gran transformación de Tuluá 🏗️🚀
¡Infraestructura moderna y futurista para construir una ciudad pensada #ParaSerFelices! 💙🌆",305,"07/13/2025 10:51",N/A,https://www.facebook.com/AlcaldiaDeTulua/videos/722424947195502/,0,0,Videos,,,,,Total,2888,2376,229,135,24,70,72,,72,,62812.573,24.651,0,0,0
1185381196962544,100064720237286,"Alcaldía de Tuluá","💙 ¡Hoy corrimos juntos por la inclusión! 🏃‍♂️🏃‍♀️

Nuestra población con discapacidad participó con toda la energía en la Carrera Río Tuluá 🏅, un evento organizado por Fenalco Tuluá, donde demostraron que no hay límites cuando hay voluntad 💪✨

Recorrieron las calles con fuerza, alegría y mucho corazón 💙, siendo ejemplo de que todos y todas podemos hacer parte de cualquier espacio cuando hay respeto, empatía e inclusión. 🫶🌈 #ParaSerFelices",,0,"07/13/2025 08:28",N/A,https://www.facebook.com/AlcaldiaDeTulua/posts/pfbid032W7qfe1LEAWnzHLvQg3YNn4dgwbLAWxGtov54adrrxktdNbqSCSRvfiAD1SDzzrml,0,0,Fotos,,,,,Total,22697,13217,253,191,5,57,1468,1099,369,,,,,,
1185295326971131,100064720237286,"Alcaldía de Tuluá","➡️Conoce las noticias más importantes de la semana en nuestro resumen semanal “45 segundos” #ParaSerFelices 💙✅ 😎","➡️Conoce las noticias más importantes de la semana en nuestro resumen semanal “45 segundos” #ParaSerFelices 💙✅ 😎",65,"07/13/2025 06:35",N/A,https://www.facebook.com/reel/1056100566665804/,1,0,Reels,,,,,Total,2732,2115,108,80,10,18,84,,84,,37651.321,15.274,0,0,
1184852793682051,100064720237286,"Alcaldía de Tuluá","🏳️‍🌈✨ ¡Hoy celebramos con orgullo, amor y mucha alegría! ✨🏳️‍⚧️

Más de 💯 personas se unieron a la gran marcha del Orgullo LGTBIQ+ 🏳️‍🌈 que recorrió las calles desde la Secretaría de Bienestar Social hasta la Plaza Cívica Boyacá 🎉

🎭🎶 Con presentaciones artísticas, DJs y música en vivo, vivimos una tarde inolvidable donde la diversidad fue la protagonista.
Un espacio lleno de colores 🌈, respeto 💖 y libertad 🕊️ que transformamos juntos…
¡#ParaSerFelices! 💫",,0,"07/12/2025 17:06",N/A,https://www.facebook.com/AlcaldiaDeTulua/posts/pfbid02FdRWffARKhvXCVK8iZSxVNdsXdeSvtoPkFFNnu6GZkZQ7TdUwXq6gejE4fHn3D3tl,0,0,Fotos,,,,,Total,22423,9579,264,190,54,20,4235,2241,1994,,,,,,
1184661107034553,100064720237286,"Alcaldía de Tuluá","⚽🏟️ ¡Más de 4.000 niños ya viven la emoción del fútbol como verdaderos profesionales! 🙌💙

Desde Tuluá, Andalucía, Bugalagrande, La Marina, Trujillo, Ríofrío, Buga, San Pedro, Restrepo y Yotoco… más de 300 clubes y equipos deportivos están disputando la Copa Corazón 🏆 en el Estadio Doce de Octubre, que por hoy se convierte en el escenario deportivo donde muestran su talento🏠⚽

Estamos transformando este escenario para que cada niño y niña sienta lo que es jugar en un estadio de verdad 💥 ¡Un espacio digno para nuestros futuros cracks! 👟✨",,0,"07/12/2025 10:32",N/A,https://www.facebook.com/AlcaldiaDeTulua/posts/pfbid02j9JybF73ay14qSRZUG7jpPota7sKzaWbuAXwYEZLyBpnAadQpLoEyXumCiikFCfcl,0,0,Fotos,,,,,Total,38936,22975,362,294,18,50,2518,1640,878,,,,,,
1184029913764339,100064720237286,"Alcaldía de Tuluá","🚨 ¡Así se construye la nueva Tuluá! 🏙️💙

El alcalde @gustavovelezr no se detiene y sigue al frente de las obras que le están devolviendo la vida a nuestras vías. 👷‍♂️🛠️
La calle 34, que por años estuvo en mal estado, hoy se transforma en una vía segura y moderna gracias a los trabajos que avanzan y que se realizarán hasta la carrera 40. 🛣️✨

💙 ¡Aquí transformamos con hechos! #ParaSerFelices 🏗️✅","🚨 ¡Así se construye la nueva Tuluá! 🏙️💙

El alcalde @gustavovelezr no se detiene y sigue al frente de las obras que le están devolviendo la vida a nuestras vías. 👷‍♂️🛠️
La calle 34, que por años estuvo en mal estado, hoy se transforma en una vía segura y moderna gracias a los trabajos que avanzan y que se realizarán hasta la carrera 40. 🛣️✨

💙 ¡Aquí transformamos con hechos! #ParaSerFelices 🏗️✅",51,"07/11/2025 15:39",N/A,https://www.facebook.com/reel/1659637634740064/,1,0,Reels,,,,,Total,47690,31654,1890,1463,230,197,897,,897,,810766.883,19.695,0,0,
1184020763765254,100064720237286,"Alcaldía de Tuluá","Parque del Sajonia será transformado

Con el objetivo de mejorar la calidad ambiental, promover la integración social y ofrecer espacios públicos seguros y agradables, la Administración Municipal socializó ante la comunidad el proyecto de intervención integral del parque del barrio Las Acacias del barrio Sajonia que actualmente presenta un alto nivel de deterioro.

Lee la noticia completa: ⬇⬇⬇
",,0,"07/11/2025 15:18",N/A,https://www.facebook.com/AlcaldiaDeTulua/posts/pfbid0sXjUduxJ8zH7wyb1BvpbivrayuytYqjPfrQ2Vnq49xNemroMHQmDPrMvEWoQ7ZZxl,0,0,Enlaces,,,,,Total,2582,1578,49,32,5,12,41,,16,25,,,,,
1183891827111481,100064720237286,"Alcaldía de Tuluá","#Movilidad | Segunda calzada de la calle 27 ya está en funcionamiento.

Con la apertura de la segunda calzada de la calle 27, que conecta el sector de Nariño con el centro de la ciudad, entró en funcionamiento el nuevo cruce semafórico en la intersección de la calle 27 con la carrera 20, facilitando así el flujo vehicular en esta zona estratégica. Esta intervención se enmarca en los lineamientos del Plan de Movilidad Municipal y da respuesta a una necesidad histórica expresada por la comunidad tulueña.

Lee la noticia completa: ⬇⬇⬇
",,0,"07/11/2025 10:42",N/A,https://www.facebook.com/AlcaldiaDeTulua/posts/pfbid0W4jn6jceZkFy6ssoCjmUqXwYpGxPYCkrXbThxYG88QJVXXTrG8nAdPizAJigkuhYl,0,0,Enlaces,,,,,Total,33781,22084,284,226,41,17,972,,543,429,,,,,
1183886197112044,100064720237286,"Alcaldía de Tuluá","🚦 Comenzó a operar la nueva calzada de la calle 27 🏙️

Ya está en funcionamiento la segunda calzada de la calle 27, conectando Nariño con el centro de Tuluá. 🛣️✅ Con esto, llega el nuevo cruce semafórico🚦 en la carrera 20, mejorando la movilidad en esta zona clave.

🧭 Se habilitaron giros en ambos sentidos y se ajustó el sentido vial entre calles 27 y 28, hacia el CC Bicentenario Plaza. 🔄

🚧 Seguimos transformando la movilidad con acciones que responden a una necesidad histórica. #ParaSerFelices 💙","🚦 Comenzó a operar la nueva calzada de la calle 27 🏙️

Ya está en funcionamiento la segunda calzada de la calle 27, conectando Nariño con el centro de Tuluá. 🛣️✅ Con esto, llega el nuevo cruce semafórico🚦 en la carrera 20, mejorando la movilidad en esta zona clave.

🧭 Se habilitaron giros en ambos sentidos y se ajustó el sentido vial entre calles 27 y 28, hacia el CC Bicentenario Plaza. 🔄

🚧 Seguimos transformando la movilidad con acciones que responden a una necesidad histórica. #ParaSerFelices 💙",59,"07/11/2025 10:32",N/A,https://www.facebook.com/reel/1399918344596706/,1,0,Reels,,,,,Total,14051,9366,550,420,61,69,577,,577,,269232.171,22.492,0,0,
1183281070505890,100064720237286,"Alcaldía de Tuluá","#Salud | 120 familias atendidas por Equipos Básicos de Salud en Zona Rural

Comprometida con el bienestar integral de toda la comunidad, la Alcaldía de Tuluá amplió la cobertura del programa de Atención Primaria en Salud con la llegada de los Equipos Básicos en Salud (EBS) a veredas y corregimientos del municipio, beneficiando ya a más de 120 familias rurales. Las jornadas se han llevado a cabo en sectores como la vereda Tochecito, Alto del Rocío, Alta Flor y El Retiro, fortaleciendo el acceso a los servicios de salud en zonas históricamente desatendidas.

Lee la noticia completa:⬇⬇⬇
",,0,"07/10/2025 16:32",N/A,https://www.facebook.com/AlcaldiaDeTulua/posts/pfbid0SsQfUoq77yZhw5CjCXZTHXpmViLpBFbg7132zsgScgLWQ712FHan2yRzCZb8orcgl,0,0,Enlaces,,,,,Total,1705,1095,22,15,0,7,10,,3,7,,,,,
1183278353839495,100064720237286,"Alcaldía de Tuluá","#Planeación | La Estrella inicia proceso de legalización.

Más de 80 familias de este asentamiento, ubicado en la vía a Tres Esquinas, muy pronto podrán acceder a beneficios de vivienda, auxilios del Estado, servicios públicos legalizados, gracias al proceso de legalización urbanística que lidera la Administración Municipal. Esta intervención representa una transformación profunda en las condiciones de vida de una comunidad que durante más de 20 años ha permanecido en la informalidad.

Lee la noticia completa:⬇⬇⬇
",,0,"07/10/2025 16:25",N/A,https://www.facebook.com/AlcaldiaDeTulua/posts/pfbid0qMKi8sfX9pUZFaSKaj9oWeNEu2PpLJG6eJ1d3rkvHVRDFfnwusTZC1omM7BPcv8l,0,0,Enlaces,,,,,Total,4028,2563,73,51,6,16,88,,37,51,,,,,
1183275863839744,100064720237286,"Alcaldía de Tuluá","#Educación | Alcalde Gustavo Vélez adelanta mejoras en la I.E. Técnica Industrial para el regreso a clases.

Con el objetivo de garantizar espacios seguros, funcionales y de excelente calidad para los estudiantes, la Administración Municipal adelanta obras de mejoramiento en la Institución Educativa Técnica Industrial. Entre las intervenciones realizadas se destacan la recuperación de cielos falsos, reparación de goteras, resane de paredes y pintura integral de pasillos y salones, labores que permitirán recibir a los alumnos en condiciones óptimas para el aprendizaje.

Lee la noticia completa:⬇⬇⬇
",,0,"07/10/2025 16:19",N/A,https://www.facebook.com/AlcaldiaDeTulua/posts/pfbid02rx6WhWEecKBG7BXRU2yt2isvXoFDx8Luz7SdYCNbiwmo9DGFtFoCisqsgGSMv6h8l,0,0,Enlaces,,,,,Total,3480,1842,84,68,2,14,35,,11,24,,,,,
1183274600506537,100064720237286,"Alcaldía de Tuluá","#Gobierno | Administración Municipal instaló mesa técnica para la sustitución de vehículos de tracción animal

Con el propósito de avanzar hacia un modelo de movilidad más sostenible y respetuoso con la vida animal, la Administración Municipal del ingeniero Gustavo Adolfo Vélez Román instaló una mesa técnica de proyección para la sustitución de vehículos de tracción animal, reafirmando su compromiso con el diálogo social y el desarrollo integral de todos los sectores de Tuluá.

Lee la noticia completa:⬇⬇⬇
",,0,"07/10/2025 16:16",N/A,https://www.facebook.com/AlcaldiaDeTulua/posts/pfbid06CpwmHyURed1pZuvkDamJVVtiskVwVkgGcNQfSPfHJe9JV1KMp2631G7bo17LZfnl,0,0,Enlaces,,,,,Total,3067,1900,41,34,3,4,61,,22,39,,,,,
1183270183840312,100064720237286,"Alcaldía de Tuluá","📢 ¡El Comité de Ruido volvió a la calle 25!💪🏼

Con el propósito de fomentar la sana convivencia y el respeto por el entorno, realizamos una jornada de sensibilización y verificación en esta importante zona comercial de Tuluá.

🔍 Visitamos establecimientos, revisamos documentación y hablamos sobre la importancia de controlar el ruido en nuestros espacios.

¡Cuidar el ambiente sonoro ✅ también es construir una mejor ciudad! #ParaSerFelices 💙","📢 ¡El Comité de Ruido volvió a la calle 25!💪🏼

Con el propósito de fomentar la sana convivencia y el respeto por el entorno, realizamos una jornada de sensibilización y verificación en esta importante zona comercial de Tuluá.

🔍 Visitamos establecimientos, revisamos documentación y hablamos sobre la importancia de controlar el ruido en nuestros espacios.

¡Cuidar el ambiente sonoro ✅ también es construir una mejor ciudad! #ParaSerFelices 💙",36,"07/10/2025 16:05",N/A,https://www.facebook.com/reel/741702818358539/,1,0,Reels,,,,,Total,1965,1632,65,43,6,16,60,,60,,17660.078,10.214,0,0,
1183074050526592,100064720237286,"Alcaldía de Tuluá","💙 En Tuluá, transformamos vidas 🙌","💙 En Tuluá, transformamos vidas 🙌

Con acciones reales y cercanas✅, apoyamos a quienes más lo necesitan: personas con discapacidad, adultos mayores, familias en situación de vulnerabilidad y mucho más.

Porque aquí no prometemos, actuamos. Aquí, transformamos con hechos. #ParaSerFelices 🤩💪🏼",50,"07/10/2025 09:53",N/A,https://www.facebook.com/AlcaldiaDeTulua/videos/1288584459366875/,0,0,Videos,,,,,Total,3862,3499,202,153,8,41,62,,62,,35047.92,9.937,0,0,0
1182537490580248,100064720237286,"Alcaldía de Tuluá","📢 ¡Atención, comunidad de La Estrella!

Este 10 de julio a las 9:00 a. m. tendremos jornada de socialización sobre la intervención y posible legalización del asentamiento 🏘️, conforme al Decreto 1470 de 2024.

🗣️ Ven y entérate del proceso que adelantaremos para mejorar tu sector.

📍Asentamiento La Estrella

🙌 ¡Te esperamos!",,0,"07/09/2025 17:45",N/A,https://www.facebook.com/AlcaldiaDeTulua/posts/pfbid02SN91z32F3gqMKNuFthY7zNHXub2uU5Yfuqxuqf1CBUdjXrSoqe3hX5qRwG6QNQSTl,0,0,Fotos,,,,,Total,2036,1286,30,25,2,3,42,18,24,,,,,,
1182537300580267,100064720237286,"Alcaldía de Tuluá","🌳 ¡Socialización para el mejoramiento del parque Sajonia!

Este jueves 10 de julio a las 5:00 p. m. te invitamos a la jornada de socialización sobre los nuevos proyectos de construcción, mantenimiento y conservación de espacios públicos en el barrio Sajonia. 🛠️✨.

📍Lugar: I.E. Gimnasio del Pacífico – Sede Julia Becerra (Barrio Sajonia)

💬 Ven, infórmate y haz parte de las acciones que mejorarán nuestros parques y zonas verdes.

🙌 ¡Tuluá sigue cambiando para ti! #ParaSerFelices",,0,"07/09/2025 17:45",N/A,https://www.facebook.com/AlcaldiaDeTulua/posts/pfbid0CVNV12vHAVSDCF1pFk4X9UNXXsmKcBnuqXpWPJ3TzwLnrq1F1DVfsAfVUoS4xQXil,0,0,Fotos,,,,,Total,1988,1256,33,23,3,7,40,26,14,,,,,,
1182503683916962,100064720237286,"Alcaldía de Tuluá","📍¡Escuchamos a la Comuna 5 con PLANEA A TU COMUNA!✅

Hoy llegamos a la Comuna 5 para escuchar de primera mano a sus líderes y habitantes. 🗣️
Sus voces nos marcan el camino para intervenir y cumplirles con:

🔧 Mejoramiento de la malla vial
♻️ Gestión de residuos sólidos
🚦 Señalización
🚨 Seguridad
🏀 Polideportivos, parques y zonas verdes y mucho más.

¡Seguimos transformamos a la comunidad #ParaSerFelices 💙😎✅","📍¡Escuchamos a la Comuna 5 con PLANEA A TU COMUNA!✅

Hoy llegamos a la Comuna 5 para escuchar de primera mano a sus líderes y habitantes. 🗣️
Sus voces nos marcan el camino para intervenir y cumplirles con:

🔧 Mejoramiento de la malla vial
♻️ Gestión de residuos sólidos
🚦 Señalización
🚨 Seguridad
🏀 Polideportivos, parques y zonas verdes y mucho más.

¡Seguimos transformamos a la comunidad #ParaSerFelices 💙😎✅",36,"07/09/2025 16:26",N/A,https://www.facebook.com/reel/1435161794392474/,1,0,Reels,,,,,Total,2622,1474,141,75,1,65,28,,28,,19554.34,8.36,0,0,
1182442963923034,100064720237286,"Alcaldía de Tuluá","🏥 ¡Equipos Básicos en Salud ya están en zona rural!

El programa de Atención Primaria en Salud ya llegó a las veredas y corregimientos de nuestro municipio para brindar atención primaria, cercana y continua a más de 120 familias.

👩‍⚕️ Escuchamos, orientamos y cuidamos a nuestra comunidad, promoviendo una salud más humana y participativa.
Súmate a la transformación de tu salud y bienestar. ✅💪🏼 Porque construir salud también es trabajar #ParaSerFelices 💙🏥🩺",,0,"07/09/2025 13:55",N/A,https://www.facebook.com/AlcaldiaDeTulua/posts/pfbid0uzucvr3w51kPrXDHzamWxHHoTQL41iJMz6XvNbTfi5fEY5TNo4bhsthu2vGg2PHnl,0,0,Fotos,,,,,Total,3507,2011,80,63,2,15,166,132,34,,,,,,
1181857977314866,100064720237286,"Alcaldía de Tuluá","#Seguridad | Tuluá disminuye cifra de hurtos en 2025

Gracias a la implementación de estrategias integrales, el fortalecimiento de los frentes de seguridad, el uso de tecnología y la participación activa de la comunidad, Tuluá muestra avances reales en la lucha contra el delito.

Lee la noticia completa:⬇️⬇️⬇️
",,0,"07/08/2025 20:08",N/A,https://www.facebook.com/AlcaldiaDeTulua/posts/pfbid024vtfa6kzL2TAsAf7x1n6am8WkuqiXBg4Zc1UUkZfkXjnHC6USZ8zR5NRuVFE7gpFl,0,0,Enlaces,,,,,Total,2097,1483,83,35,39,9,18,,8,10,,,,,
1181857313981599,100064720237286,"Alcaldía de Tuluá","#Noticias | “Iglesia en Tu Barrio” llegó con servicios gratuitos, recreación y acompañamiento espiritual a tulueños

La Administración Municipal, a través de la Coordinación de Asuntos Religiosos, continúa acercando su oferta institucional a la comunidad con la jornada descentralizada “Iglesia en Tu Barrio”, una estrategia que une esfuerzos entre las iglesias del municipio y las entidades del Estado para brindar atención gratuita, recreación y acompañamiento espiritual a las familias tulueñas.

Lee la noticia completa:⬇️⬇️⬇️
",,0,"07/08/2025 20:07",N/A,https://www.facebook.com/AlcaldiaDeTulua/posts/pfbid0tsP7FFDA3hDCQWDobczWw2ko46wPuG9FaCBLwP5668jPRQVTFjmvAaPE8wDtay7tl,0,0,Enlaces,,,,,Total,1817,1232,30,21,1,8,25,,6,19,,,,,
1181751317325532,100064720237286,"Alcaldía de Tuluá","📱💡 ¡La tecnología también es para nuestros abuelitos! 💙

Hoy los Puntos INNOVA llegaron al Centro Vida para enseñar, con mucho cariño cómo usar los smartphones.
Una jornada llena de sonrisas, aprendizaje y mucho amor, donde nuestros adultos mayores dieron sus primeros pasos en el mundo digital. 👵👴📲

Porque el conocimiento no tiene edad y en Tuluá seguimos creando espacios para aprender, compartir y conectarnos. #ParaSerFelices 🥹💙","📱💡 ¡La tecnología también es para nuestros abuelitos! 💙

Hoy los Puntos INNOVA llegaron al Centro Vida para enseñar, con mucho cariño cómo usar los smartphones.
Una jornada llena de sonrisas, aprendizaje y mucho amor, donde nuestros adultos mayores dieron sus primeros pasos en el mundo digital. 👵👴📲

Porque el conocimiento no tiene edad y en Tuluá seguimos creando espacios para aprender, compartir y conectarnos. #ParaSerFelices 🥹💙",79,"07/08/2025 16:29",uploaded,https://www.facebook.com/reel/1733572487530395/,1,0,Reels,,,,,Total,961,822,40,34,0,6,1,,1,,5129.506,5.674,0,0,
1181713957329268,100064720237286,"Alcaldía de Tuluá","🐶🐱 ¡Más de 50 animalitos esterilizados en la zona montañosa de Tuluá! 💙

Estuvimos en sectores como La Iberia, La Moralia, Venus y Pardo Alto, con jornadas de esterilización para proteger a nuestros peluditos. Un trabajo en articulación con las Juntas de Acción Comuna.
👉 Esta es solo la primera etapa: la meta es llegar a más de 300 animales esterilizados en próximas jornadas.
Salud, conciencia y bienestar también llegan al campo.

¡Así construimos espacios #ParaSerFelices!💙","🐶🐱 ¡Más de 50 animalitos esterilizados en la zona montañosa de Tuluá! 💙

Estuvimos en sectores como La Iberia, La Moralia, Venus y Pardo Alto, con jornadas de esterilización para proteger a nuestros peluditos. Un trabajo en articulación con las Juntas de Acción Comuna.
👉 Esta es solo la primera etapa: la meta es llegar a más de 300 animales esterilizados en próximas jornadas.
Salud, conciencia y bienestar también llegan al campo.

¡Así construimos espacios #ParaSerFelices!💙",38,"07/08/2025 15:05",uploaded,https://www.facebook.com/reel/1254358646098526/,1,0,Reels,,,,,Total,985,828,55,43,0,12,4,,4,,5135.192,5.667,0,0,
1181566217344042,100064720237286,"Alcaldía de Tuluá","#Seguridad | Tuluá disminuye cifra de hurtos en 2025.

Gracias a la implementación de estrategias integrales, el fortalecimiento de los frentes de seguridad, el uso de tecnología y la participación activa de la comunidad, Tuluá muestra avances reales en la lucha contra el delito. Durante lo corrido del año 2025, el municipio ha registrado una r educción de 115 casos en hurtos comunes , reflejando un impacto positivo en materia de seguridad.

Lee la noticia completa: ⬇⬇⬇",,0,"07/08/2025 10:08",N/A,https://www.facebook.com/AlcaldiaDeTulua/posts/pfbid0FMG7UtMwMZcBmGERBEhiZRAExiSNVKbGaLPYkCUv7ZLLZrVGXcoyVw6tppqKC8Krl,0,0,Enlaces,,,,,Total,3485,2366,57,44,1,12,28,,10,18,,,,,
1181551984012132,100064720237286,"Alcaldía de Tuluá","🏗️ ¡En la zona rural también se ven las obras #ParaSerFelices! 🌄💪

Porque el compromiso es con todo el territorio, hoy en Puerto Frazadas avanzamos con una importante obra de recalce de muro para prevenir el desbordamiento de la quebrada Los Trópicos. 💧

✅ 31 metros lineales intervenidos
✅ Obra de prevención y protección para la comunidad rural
✅ Seguridad y bienestar para nuestras familias campesinas

Seguimos llegando con soluciones reales, donde más se necesitan.  ¡Para Ser Felices!💙✅💪🏼",,0,"07/08/2025 09:43",N/A,https://www.facebook.com/AlcaldiaDeTulua/posts/pfbid02zgd1srw3RQx27URrf59ruJjfyM6AwbAcbMq9yhwQHbYhpjzJmmD9iWjeBu9tyacjl,0,0,Fotos,,,,,Total,2021,1295,49,36,0,13,33,29,4,,,,,,
1181089490725048,100064720237286,"Alcaldía de Tuluá","#Obras | La calle 34 se transforma: Rehabilitación histórica beneficiará a cinco barrios.

Con la intervención de más de 1.400 metros lineales y la recuperación total de 16 cuadras, la Administración Municipal del ingeniero Gustavo Adolfo Vélez Román adelanta la rehabilitación vial más grande de los últimos años en Tuluá, impactando directamente la movilidad y calidad de vida de los habitantes de los barrios Sajonia, Salesiano, Avenida Cali, Victoria y Fátima. 

Lee la noticia completa:⬇️⬇️⬇️
",,0,"07/07/2025 19:32",N/A,https://www.facebook.com/AlcaldiaDeTulua/posts/pfbid0H3Yt1Hd6tQtDuisEuzC5KhYQGPoU1ycVPMWdwVYpViuqJsGxbCDQNkV6Ya4iY2vul,0,0,Enlaces,,,,,Total,8703,5279,178,134,15,29,191,,63,128,,,,,
1181088670725130,100064720237286,"Alcaldía de Tuluá","#Obras | La PTAP de La Moralia ya supera el 93% de avance y beneficiará a más de 700 habitantes.

La Planta de Tratamiento de Agua Potable (PTAP) de La Moralia se encuentra en su etapa final, con un avance del 93.28%, consolidándose como una solución concreta para garantizar el acceso al agua potable en esta zona rural del municipio de Tuluá. La obra es desarrollada por la Administración Municipal, bajo el liderazgo del alcalde Gustavo Adolfo Román, en conjunto con Empresas Municipales de Tuluá, EMTULUÁ E.S.P.

Lee la noticia completa:⬇️⬇️⬇️
",,0,"07/07/2025 19:31",N/A,https://www.facebook.com/AlcaldiaDeTulua/posts/pfbid0pfqrA4Wdwh5mkFK6efKYGedCLY6eorktvJVkN8du25vmTSGdDwfrPavqjvJBugdul,0,0,Enlaces,,,,,Total,1648,1076,38,28,1,9,7,,2,5,,,,,
1181088017391862,100064720237286,"Alcaldía de Tuluá","#BienestarSocial | Comfenalco Valle reconoce a la Secretaría de Bienestar Social por su compromiso con el empleo.

La Secretaría de Bienestar Social de Tuluá fue reconocida por la Agencia de Empleo Comfenalco Valle Delagente por su destacada labor en la generación de empleo durante el primer semestre de 2025. Este reconocimiento exalta el compromiso de la Administración Municipal con la promoción de oportunidades laborales dignas y sostenibles para los tulueños.

Lee la noticia completa:⬇️⬇️⬇️
",,0,"07/07/2025 19:29",N/A,https://www.facebook.com/AlcaldiaDeTulua/posts/pfbid02B2qmEwrZB5A2JGQPs7cuYY9y5Ar3xcAkdcdLa5kWp6iJNTphJKCaw11kPdeG3xZDl,0,0,Enlaces,,,,,Total,2988,1928,45,37,1,7,92,,3,89,,,,,
1180993477401316,100064720237286,"Alcaldía de Tuluá","🎨✨ ¡Nuestros espacios educativos tienen nueva cara! 🏫💫

Hoy realizamos verificación en la I.E. Técnica Industrial Carlos Sarmiento Lora, que ahora luce renovada, con murales 🖌️, pintura 🎨 y ambientes más bonitos 🌈.

Un entorno digno, alegre y colorido que inspira a nuestros estudiantes 👩‍🎓👨‍🎓 y fortalece la educación de calidad 📚💙
#ParaSerFelices 😊🌟","🎨✨ ¡Nuestros espacios educativos tienen nueva cara! 🏫💫

Hoy realizamos verificación en la I.E. Técnica Industrial Carlos Sarmiento Lora, que ahora luce renovada, con murales 🖌️, pintura 🎨 y ambientes más bonitos 🌈.

Un entorno digno, alegre y colorido que inspira a nuestros estudiantes 👩‍🎓👨‍🎓 y fortalece la educación de calidad 📚💙
#ParaSerFelices 😊🌟",47,"07/07/2025 16:17",uploaded,https://www.facebook.com/reel/1070743634486338/,1,0,Reels,,,,,Total,3453,1928,219,167,15,37,83,,83,,30697.941,9.892,0,0,
1180690617431602,100064720237286,"Alcaldía de Tuluá","🚧 ¡16 cuadras y más de 1.400 metros de vía renovada! 🛣️🙌

Así avanza la obra de la calle 34, una de las más importantes de Tuluá, que atraviesa 5 barrios y conecta el occidente con el oriente del municipio. 🌇➡️🌄 Con el apoyo de INFITULUÁ, la Administración del alcalde @gustavovelezr, le apuesta a una movilidad más segura, cómoda y eficiente para todos. 🚗🚶‍♀️

Seguimos construyendo una ciudad que se mueve mejor #ParaSerFelices 💙","🚧 ¡16 cuadras y más de 1.400 metros de vía renovada! 🛣️🙌

Así avanza la obra de la calle 34, una de las más importantes de Tuluá, que atraviesa 5 barrios y conecta el occidente con el oriente del municipio. 🌇➡️🌄 Con el apoyo de INFITULUÁ, la Administración del alcalde @gustavovelezr, le apuesta a una movilidad más segura, cómoda y eficiente para todos. 🚗🚶‍♀️

Seguimos construyendo una ciudad que se mueve mejor #ParaSerFelices 💙",52,"07/07/2025 07:13",N/A,https://www.facebook.com/reel/742370701779570/,1,0,Reels,,,,,Total,8121,5969,421,335,40,46,219,,218,1,106689.564,14.721,0,0,
1179966894170641,100064720237286,"Alcaldía de Tuluá","🎉 ¡Ya estamos en la III Feria de Emprendimiento: Impulsando Comunidades! 🛍️✨

Hoy el Parque de la Guadua se llena de talento, creatividad y sabor con más de 70 emprendimientos, presentaciones artísticas, show de gastronomía, premios y mucho más. 😍🔥

📍Estamos hasta las 5:00 p. m. con toda la oferta institucional: Renta Ciudadana, Colombia Mayor, vacunación canina y felina, Renta Joven, Puntos INNOVA, ¡y muchas sorpresas más!

🌈 Ven, apoya lo nuestro y disfruta en familia. #ParaSerFelices 💙🤩",,0,"07/06/2025 11:20",N/A,https://www.facebook.com/AlcaldiaDeTulua/posts/pfbid0WntkRjJZ5FMt5iNNhUJp7sHsUZVyW5C8YzWtKDCAxE8ibUm9YgRuiAMp5kCFY8mHl,0,0,Fotos,,,,,Total,9826,6202,100,77,5,18,780,608,172,,,,,,
1179204134246917,100064720237286,"Alcaldía de Tuluá","➡️Conoce las noticias más importantes de la semana en nuestro resumen semanal “45 segundos” #ParaSerFelices 💙✅ 😎","➡️Conoce las noticias más importantes de la semana en nuestro resumen semanal “45 segundos” #ParaSerFelices 💙✅ 😎",67,"07/05/2025 16:10",uploaded,https://www.facebook.com/reel/24279785881625062/,1,0,Reels,,,,,Total,1469,889,55,39,0,16,7,,7,,8931.104,6.504,0,0,
1179169420917055,100064720237286,"Alcaldía de Tuluá","🙌✨ ¡Con Iglesia a tu barrio, nuestra oferta institucional llegó hoy a la I.E. Corazón del Valle! 🏫

Estamos compartiendo con la comunidad y brindando servicios como SISBÉN, vacunación, orientación familiar, pastoral social, atención a las juventudes, ropero comunitario, charlas y mucho más. 💬🧥🧑‍⚕️

📍Ven y aprovecha esta jornada pensada para ti y tu familia. ¡Estamos hasta las 6:00 p. m.! Te esperamos 🤩💙 #ParaSerFelices",,0,"07/05/2025 14:53",N/A,https://www.facebook.com/AlcaldiaDeTulua/posts/pfbid0331PNpidqC16fN9uvSctnx8AJqfKyuzVrJxsYPD749iq9pNQXasvqWXDgh9e1SdHsl,0,0,Fotos,,,,,Total,6180,3601,79,62,0,17,402,317,85,,,,,,
1178320081001989,100064720237286,"Alcaldía de Tuluá","#Movilidad | Tuluá reconocida a nivel nacional por reducción de índices de accidentalidad

Gracias a las estrategias en materia de movilidad implementadas por el alcalde Gustavo Adolfo Vélez Román, el municipio de Tuluá se convirtió en el único del Valle del Cauca en registrar una reducción significativa en la accidentalidad vial durante el año 2024.

Lee la noticia completa:⬇⬇⬇",,0,"07/04/2025 14:32",N/A,https://www.facebook.com/AlcaldiaDeTulua/posts/pfbid02s7NvEjPVX2davkDCV46ZGBaCxiuEhhBNwzrQRmA291szBvpgnR24gKM9V4891thAl,0,0,Enlaces,,,,,Total,7932,4837,242,161,62,19,555,,432,123,,,,,
1178319677668696,100064720237286,"Alcaldía de Tuluá","#Educación | Administración Municipal lidera gestión para aplicar nuevo decreto sin afectar la educación.

Con el objetivo de garantizar la correcta aplicación del Decreto 277 de 2025 y proteger la calidad de la educación en el municipio, la Administración del alcalde Gustavo Vélez Román gestionó una asistencia técnica del Ministerio de Educación Nacional para brindar claridad sobre los cambios normativos que impactan directamente a docentes, rectores y estudiantes del sistema educativo oficial.

Lee la noticia completa:⬇⬇⬇
",,0,"07/04/2025 14:31",N/A,https://www.facebook.com/AlcaldiaDeTulua/posts/pfbid0JBjPz6zXUuFnwJTo3JnG9872kdx6h4YwtyXr7vmtrM8RYZmu4GUCb8BdC6Av1CS6l,0,0,Enlaces,,,,,Total,4017,2328,48,40,0,8,124,,14,110,,,,,
1178290214338309,100064720237286,"Alcaldía de Tuluá","🎉✨ ¡Prepárate para vivir un fin de semana #ParaSerFelices!
Desliza 👉 y descubre todo lo que hemos preparado para ti este sábado y domingo 🗓️: una agenda llena de cultura 🎭, sabores deliciosos 🍲, recorridos turísticos 🏞️ y momentos únicos para disfrutar en familia 👨‍👩‍👧‍👦 o con amigos 💃🕺.

Desde la Alcaldía Municipal seguimos creando espacios pensados para tu alegría y bienestar.
💙💪🏼¡No te lo puedes perder! #ParaSerFelices",,0,"07/04/2025 13:29",N/A,https://www.facebook.com/AlcaldiaDeTulua/posts/pfbid02srTnQzoqVq8AFSpnejcP9G6cuX8KpJrAamyGH8csRKqSPRDeEAMdD7yGQ2JMo4ol,0,0,Fotos,,,,,Total,3580,2144,47,40,0,7,224,189,35,,,,,,
1178162227684441,100064720237286,"Alcaldía de Tuluá",,,0,"07/04/2025 09:43",N/A,https://www.facebook.com/AlcaldiaDeTulua/posts/pfbid035RtMtzvF925VF9oQS9Xxgffopq2cBiZKh5e2PhwXf7zT1br2cy9Zkm2hLNByRYCl,0,1,Fotos,,,,,Total,1628,1058,40,29,0,11,47,40,7,,,,,,
1178158321018165,100064720237286,"Alcaldía de Tuluá","#BienestarSocial | Más de 90 personas inician la ruta para obtener su certificado de discapacidad en Tuluá.

Más de 90 tulueños participaron en el inicio de la ruta para la obtención del certificado de discapacidad, una jornada clave que marca un paso fundamental en el reconocimiento de derechos y el acceso a beneficios sociales para esta población.

Lee la noticia completa: ⬇⬇⬇
",,0,"07/04/2025 09:36",N/A,https://www.facebook.com/AlcaldiaDeTulua/posts/pfbid03BKw2qkkNkPzQez2XBLFyf4KfkcR6ZyA4aTVPtoafPVigJAjw1vYKREzfhq58WHpl,0,0,Enlaces,,,,,Total,1823,1225,36,26,0,10,16,,6,10,,,,,
1178149877685676,100064720237286,"Alcaldía de Tuluá","En Tuluá, las obras se empiezan a ver✅💪🏼

Muy pronto iniciará la transformación del Lago Chilicote 🏞️, un proyecto que renueva la esperanza, el turismo y la recreación para todos.
Con más de $7.000 millones de inversión 💰, nuestro lago será un símbolo de progreso y bienestar. #ParaSerFelices 💙","En Tuluá, las obras se empiezan a ver✅💪🏼

Muy pronto iniciará la transformación del Lago Chilicote 🏞️, un proyecto que renueva la esperanza, el turismo y la recreación para todos.
Con más de $7.000 millones de inversión 💰, nuestro lago será un símbolo de progreso y bienestar. #ParaSerFelices 💙",49,"07/04/2025 09:22",N/A,https://www.facebook.com/reel/715422254612676/,1,0,Reels,,,,,Total,5951,3482,347,234,40,73,239,,239,,59108.442,11.316,0,0,
1177560174411313,100064720237286,"Alcaldía de Tuluá","Mejoramos calle 34 y ahora será  importante arteria vial✅🚧

Gracias al compromiso del alcalde Gustavo Vélez, seguimos con el mejoramiento de las vías, en esta ocasión en el barrio Sajonia, que ahora será clave para la movilidad de la zona. 🛣️✨

✅ Más 800 metros intervenidos
✅ Obras con recursos 100% tulueños
✅ Más seguridad, mejor tránsito y bienestar para todos

¡Así le seguimos apostando a una Tuluá moderna, conectada y con vías dignas #ParaSerFelices! 🏙️🚦","Mejoramos calle 34 y ahora será  importante arteria vial✅🚧

Gracias al compromiso del alcalde Gustavo Vélez, seguimos con el mejoramiento de las vías, en esta ocasión en el barrio Sajonia, que ahora será clave para la movilidad de la zona. 🛣️✨

✅ Más 800 metros intervenidos
✅ Obras con recursos 100% tulueños
✅ Más seguridad, mejor tránsito y bienestar para todos

¡Así le seguimos apostando a una Tuluá moderna, conectada y con vías dignas #ParaSerFelices! 🏙️🚦",20,"07/03/2025 16:12",N/A,https://www.facebook.com/reel/710237511792688/,1,0,Reels,,,,,Total,3463,1777,158,89,8,61,64,,64,,19215.914,6.377,0,0,
1177547384412592,100064720237286,"Alcaldía de Tuluá","#Obras | Lago Chilicote: un nuevo impulso al turismo en Tuluá.

Con una inversión cercana a los 7.000 millones de pesos, cofinanciados entre la Gobernación del Valle del Cauca y la Administración Municipal, Tuluá avanza en la ejecución del ambicioso proyecto de renovación integral del Lago Chilicote, uno de los espacios más emblemáticos y queridos por los tulueños.

Lee la noticia completa:⬇⬇⬇
",,0,"07/03/2025 15:44",N/A,https://www.facebook.com/AlcaldiaDeTulua/posts/pfbid0JT8WxgQkP6CJCBNK1D5u8k4UPQGLNhJ598s7aiL1TZ9SQsaoATCXkFK7HgL7DP4Ul,0,0,Enlaces,,,,,Total,8406,5360,176,133,17,26,561,,212,349,,,,,
1177546884412642,100064720237286,"Alcaldía de Tuluá","#Obras | Mejoramos calle 34 y ahora será importante arteria vial.

Atendiendo el llamado de la comunidad y como parte de las obras complementarias al proyecto de recuperación del Lago Chillicote y a otras aperturas viales estratégicas, la Administración del alcalde Gustavo Vélez  adelanta el mejoramiento de la capa de rodadura de la calle 34 en el barrio Sajonia. Esta vía, que se encontraba en pésimas condiciones, ha sido priorizada por su importancia para la movilidad del sector y el bienestar de sus habitantes.

Lee la noticia completa:⬇⬇⬇
",,0,"07/03/2025 15:43",N/A,https://www.facebook.com/AlcaldiaDeTulua/posts/pfbid02wFroB1KDnf2mSdiFyzJamcSsALS8cC9qsLf6sfpWu8PZfZaRKMFrNu6uQZ1NkVhTl,0,0,Enlaces,,,,,Total,2149,1464,49,33,4,12,38,,13,25,,,,,
1177546534412677,100064720237286,"Alcaldía de Tuluá","#SaludAnimal | Más de 50 caninos y felinos fueron esterilizados en jornada gratuita en Tuluá.

En una apuesta por el bienestar animal y la tenencia responsable de mascotas, la Administración Municipal, en articulación con la Subsecretaría de Protección y Bienestar Animal del Departamento, realizó una jornada de esterilización gratuita de perros y gatos en el Coliseo de Ferias Manuel Victoria Rojas.

Lee la noticia completa: ⬇⬇⬇
",,0,"07/03/2025 15:42",N/A,https://www.facebook.com/AlcaldiaDeTulua/posts/pfbid02nFWPDeRBPvTim9k6VY2x3vEaXAKCwWuby3UchTaKmy3U3eR8KyYKsGTd9s2g8Y6Wl,0,0,Enlaces,,,,,Total,1123,785,20,15,0,5,4,,1,3,,,,,
1177521581081839,100064720237286,"Alcaldía de Tuluá","Tuluá reconocida a nivel nacional por reducción de índices de accidentalidad ✅🏅

Gracias a las estrategias lideradas por el alcalde Gustavo Adolfo Vélez Román, nuestro municipio fue reconocido a nivel nacional por lograr la mayor reducción de accidentalidad en el Valle del Cauca. 👏con el Premio Guardianes de la Vida, entregado por la Agencia Nacional de Seguridad Vial, la Universidad de los Andes y El Tiempo.

📉 100 accidentes menos en 2024, fruto del trabajo técnico, pedagógico y comprometido desde el Departamento Administrativo de Movilidad.

Tuluá es ejemplo para todo el país. ¡Seguimos avanzando con orden, prevención y seguridad vial! 💪🚧 #ParaSerFelices","Tuluá reconocida a nivel nacional por reducción de índices de accidentalidad ✅🏅

Gracias a las estrategias lideradas por el alcalde Gustavo Adolfo Vélez Román, nuestro municipio fue reconocido a nivel nacional por lograr la mayor reducción de accidentalidad en el Valle del Cauca. 👏con el Premio Guardianes de la Vida, entregado por la Agencia Nacional de Seguridad Vial, la Universidad de los Andes y El Tiempo.

📉 100 accidentes menos en 2024, fruto del trabajo técnico, pedagógico y comprometido desde el Departamento Administrativo de Movilidad.

Tuluá es ejemplo para todo el país. ¡Seguimos avanzando con orden, prevención y seguridad vial! 💪🚧 #ParaSerFelices",31,"07/03/2025 14:59",uploaded,https://www.facebook.com/AlcaldiaDeTulua/videos/9906719266121572/,0,0,Videos,,,,,Total,5268,3482,209,158,24,27,170,,170,,50833.023,10.815,0,0,0
1177462227754441,100064720237286,"Alcaldía de Tuluá","🚨¡Los Puntos Innova ayudan a cerrar la brecha digital!🚨

Desde su entrega en 2016 por el MINTIC a la Administración del Ingeniero @gustavovelezr estos espacios han sido herramientas perfectas para acercar a las comunidades con el conocimiento digital 💻, con la información y por supuesto con cursos y talleres que han beneficiado a miles de ciudadanos.

La Administración Municipal a través del Departamento Administrativo TIC extiende la invitación a toda la ciudadanía para que aprovechen estos espacios, dotados de internet 🛜 ,equipos y ambientes muy bien adecuados para el desarrollo de múltiples actividades. #ParaSerFelices","🚨¡Los Puntos Innova ayudan a cerrar la brecha digital!🚨

Desde su entrega en 2016 por el MINTIC a la Administración del Ingeniero @gustavovelezr estos espacios han sido herramientas perfectas para acercar a las comunidades con el conocimiento digital 💻, con la información y por supuesto con cursos y talleres que han beneficiado a miles de ciudadanos.

La Administración Municipal a través del Departamento Administrativo TIC extiende la invitación a toda la ciudadanía para que aprovechen estos espacios, dotados de internet 🛜 ,equipos y ambientes muy bien adecuados para el desarrollo de múltiples actividades. #ParaSerFelices",59,"07/03/2025 12:53",uploaded,https://www.facebook.com/reel/1056293459977050/,1,0,Reels,,,,,Total,1203,786,39,26,1,12,5,,5,,6133.881,5.561,0,0,
1177313284436002,100064720237286,"Alcaldía de Tuluá","📢 ¡Tu decisión cuenta! 🗳️
¿Tienes entre 14 y 28 años? ¡Es momento de participar!✅
Inscribe tu documento y prepárate para las elecciones del Consejo Municipal de Juventudes 2025 🙌🏼

🗓️ Inscripciones hasta el 21 de julio
📍 Entra a 👉 idj.registraduria.gov.co

🔍 Y desde el 19 de septiembre, verifica tu inscripción en:
🌐 www.registraduria.gov.co

💬 Elige, propone y transforma tu municipio. ¡Comparte y motiva a más jóvenes como tú! 💪🏼 #ParaSerFelices Registraduría Nacional del Estado Civil de Colombia",,0,"07/03/2025 08:32",N/A,https://www.facebook.com/AlcaldiaDeTulua/posts/pfbid02PPG11DH1SFQmsTnjX8UwuXYFbedakqym1WdWTqYw7uy9kTegoAsFerake1uhRERJl,0,0,Fotos,,,,,Total,2155,1378,33,20,0,13,90,68,18,4,,,,,
1177289281105069,100064720237286,"Alcaldía de Tuluá","🎉 ¡Feria de Emprendimiento en Tuluá! 💼✨
Este 6 de julio acompáñanos en el Parque de la Guadua y disfruta de:

🎨 Presentaciones artísticas
🍽️ Show de gastronomía
🛍️ Más de 70 emprendimientos
🎁 Premios, Oferta Institucional y mucho más

🕙 De 10:00 a. m. a 5:00 p. m.
¡Una oportunidad para apoyar el talento local y fortalecer nuestras comunidades! 💪🏽 #ParaSerFelices  ¡Te esperamos!",,0,"07/03/2025 07:57",N/A,https://www.facebook.com/AlcaldiaDeTulua/posts/pfbid02fqs9Xy48A2miwrHrYnu6WN7W5bcMgiRqft2HWBzaYc5PgDeLwuyGH2jeZCjVeQrYl,0,0,Fotos,,,,,Total,1644,1068,47,37,0,10,8,5,3,,,,,,
1176771321156865,100064720237286,"Alcaldía de Tuluá","#Salud | Tuluá inaugura el primer Club Cuidarte para pacientes diabéticos e hipertensos.

Con el objetivo de transformar la atención en salud y fortalecer el acompañamiento a pacientes crónicos, el Hospital Rubén Cruz Vélez, en articulación con la Secretaría Departamental de Salud del Valle del Cauca y la Secretaría de Salud Municipal, inauguró en Tuluá el primer Club Cuidarte, una iniciativa pionera dirigida a personas con diagnóstico de diabetes e hipertensión.

Lee la noticia completa:⬇⬇⬇
",,0,"07/02/2025 15:38",N/A,https://www.facebook.com/AlcaldiaDeTulua/posts/pfbid02RRyJyyxEFpwjhXasmbetJH1qy7J12RLHzUUL49tocorfJiHzJSiAksFLBqYs3BxZl,0,0,Enlaces,,,,,Total,3331,2276,68,48,5,15,102,,38,64,,,,,
1176744467826217,100064720237286,"Alcaldía de Tuluá","🩺🐾 ¡+50 animalitos esterilizados por una Tuluá que protege y cuida!
Seguimos dando pasos firmes por el bienestar animal 💙✅

Gracias al trabajo articulado entre la Subsecretaría de Protección y Bienestar Animal y la Secretaría de Salud Municipal, realizamos una jornada de esterilización gratuita que permitió a más de 50 caninos y felinos acceder a su cirugía 🐶🐱
Esterilizar es:
✅ Prevenir el abandono
✅ Evitar el maltrato
✅ Un acto de amor

#ParaSerFelices 💙😺🐶","🩺🐾 ¡+50 animalitos esterilizados por una Tuluá que protege y cuida!
Seguimos dando pasos firmes por el bienestar animal 💙✅

Gracias al trabajo articulado entre la Subsecretaría de Protección y Bienestar Animal y la Secretaría de Salud Municipal, realizamos una jornada de esterilización gratuita que permitió a más de 50 caninos y felinos acceder a su cirugía 🐶🐱
Esterilizar es:
✅ Prevenir el abandono
✅ Evitar el maltrato
✅ Un acto de amor

#ParaSerFelices 💙😺🐶",40,"07/02/2025 14:35",uploaded,https://www.facebook.com/reel/705112092318593/,1,0,Reels,,,,,Total,1041,750,63,42,7,14,12,,12,,8239.638,8.756,0,0,
1176590784508252,100064720237286,"Alcaldía de Tuluá","🔧🏫 ¡Recuperamos las aulas de la I. E. Julia Restrepo!

Gracias al compromiso del alcalde Gustavo Vélez y al trabajo articulado con la directiva del plantel, hemos restaurado 3 aulas y avanzamos en la intervención de otras 3 más. 💪✨

📍La Secretaría de Educación visitó la obra y comprobó los avances de esta intervención prioritaria para garantizar espacios seguros para nuestros estudiantes.

💙 ¡Seguimos cumpliendo con hechos y transformando la infraestructura educativa de Tuluá! #ParaSerFelices 💙✅","🔧🏫 ¡Recuperamos las aulas de la I. E. Julia Restrepo!

Gracias al compromiso del alcalde Gustavo Vélez y al trabajo articulado con la directiva del plantel, hemos restaurado 3 aulas y avanzamos en la intervención de otras 3 más. 💪✨

📍La Secretaría de Educación visitó la obra y comprobó los avances de esta intervención prioritaria para garantizar espacios seguros para nuestros estudiantes.

💙 ¡Seguimos cumpliendo con hechos y transformando la infraestructura educativa de Tuluá! #ParaSerFelices 💙✅",42,"07/02/2025 09:38",N/A,https://www.facebook.com/reel/1260339225878743/,1,0,Reels,,,,,Total,2845,1560,176,137,10,29,49,,49,,26825.586,10.377,0,0,
1176584231175574,100064720237286,"Alcaldía de Tuluá","#BienestarSocial | Mesa de Participación de Niños, Niñas y Adolescentes: Voces para la Construcción de la Política Pública.

Más de 50 niños, niñas y adolescentes de diferentes instituciones educativas participaron activamente en la Mesa de Participación, un espacio de diálogo donde aportaron sus ideas, experiencias y propuestas para la construcción de la Política Pública que garantizará la protección y el cumplimiento de sus derechos. 

Lee la noticia completa:⬇⬇⬇
",,0,"07/02/2025 09:26",N/A,https://www.facebook.com/AlcaldiaDeTulua/posts/pfbid0GXQeMMKJf6yMiw2FMziiw8XK2ZfiNpeLmu4R6FYzx95SAjz4JM91YLGpq6nEa52Ml,0,0,Enlaces,,,,,Total,1283,909,33,25,0,8,12,,1,11,,,,,
1176581881175809,100064720237286,"Alcaldía de Tuluá","#Gobierno | Tuluá fortalece la prevención de la violencia intrafamiliar y la protección de los derechos de la niñez.

La Administración Municipal de Tuluá, a través de la Secretaría de Gobierno, Convivencia y Seguridad y su Comisaría de Familia, desarrolló una importante jornada de sensibilización en el Colegio Guillermo Ponce de León, en cumplimiento de las funciones establecidas en la Ley 2126 de 2021.

Lee la noticia completa: ⬇⬇⬇
",,0,"07/02/2025 09:22",N/A,https://www.facebook.com/AlcaldiaDeTulua/posts/pfbid02N3B4JJe9emwzPJxLYHHzFzkX1pLvm6QQUWKkgsGWz94TKUnwxMARErRdpCCSwzTgl,0,0,Enlaces,,,,,Total,1467,1049,47,32,3,12,18,,6,12,,,,,
1176578981176099,100064720237286,"Alcaldía de Tuluá","#Educación | Alcaldía avanza en recuperación de techos en la I.E. Julia Restrepo.

Con el compromiso de garantizar entornos educativos seguros y dignos para la comunidad estudiantil, el alcalde Gustavo Vélez Román,  continúa trabajando por recuperación de las aulas de la Institución Educativa Julia Restrepo.

Lee la noticia completa: ⬇⬇⬇
",,0,"07/02/2025 09:18",N/A,https://www.facebook.com/AlcaldiaDeTulua/posts/pfbid02nMd6ezgZPSnKEUqs2C7ezX5LdaLpMPiHuD9JNgkpuiaAcmUT9oPSPdmT4hW3Ju81l,0,0,Enlaces,,,,,Total,2243,1528,82,62,7,13,15,,10,5,,,,,
1175983077902356,100064720237286,"Alcaldía de Tuluá","🏁🔥 ¡Vuelve la emoción a toda velocidad! 🔥🏁

El Cuarto de Milla Tuluá regresa este 26 y 27 de julio al Aeropuerto Heriberto Gil Martínez 🚗💨

Pilotos de todo el país, motores al límite y un solo objetivo: romper récords en la mejor pista del Valle 💙

¿Estás listo para volver a sentir la adrenalina? 😎🔥 #ParaSerFelices 💪🏼🤩","🏁🔥 ¡Vuelve la emoción a toda velocidad! 🔥🏁

El Cuarto de Milla Tuluá regresa este 26 y 27 de julio al Aeropuerto Heriberto Gil Martínez 🚗💨

Pilotos de todo el país, motores al límite y un solo objetivo: romper récords en la mejor pista del Valle 💙

¿Estás listo para volver a sentir la adrenalina? 😎🔥 #ParaSerFelices 💪🏼🤩",20,"07/01/2025 16:27",N/A,https://www.facebook.com/reel/931452162440427/,1,0,Reels,,,,,Total,65263,49856,814,691,14,109,310,,310,,459850.078,8.887,0,0,
1175843164583014,100064720237286,"Alcaldía de Tuluá","🌱🌳 ¡Tuluá se sigue vistiendo de verde!

En una gran jornada de reforestación, sembramos 70 árboles en la salida norte de nuestro municipio con el apoyo del Batallón de Alta Montaña – Distrito Buga.🚨✅

Un paso más hacia una Tuluá sostenible, consciente y comprometida con el medio ambiente. #ParaSerFelices 🤩💙🍃","🌱🌳 ¡Tuluá se sigue vistiendo de verde!

En una gran jornada de reforestación, sembramos 70 árboles en la salida norte de nuestro municipio con el apoyo del Batallón de Alta Montaña – Distrito Buga.🚨✅

Un paso más hacia una Tuluá sostenible, consciente y comprometida con el medio ambiente. #ParaSerFelices 🤩💙🍃",21,"07/01/2025 13:55",uploaded,https://www.facebook.com/reel/1243406483860730/,1,0,Reels,,,,,Total,1125,886,45,34,0,11,8,,8,,3757.673,3.651,0,0,
1175622564605074,100064720237286,"Alcaldía de Tuluá","🚸👮‍♂️ ¡Llegó la Patrulla Escolar a Tuluá! 💙💙

Iniciamos en la Institución Educativa Gimnasio del Pacífico con esta gran estrategia de educación y seguridad vial 🚦📚.

Niños y niñas que serán ejemplo y voz de las normas que salvan vidas llegarán a las demás Instituciones mostrando la importancia de las normas y la seguridad en las calles✅ 💙🙌.

¡Así construimos una Tuluá más segura desde la escuela! 💙✨ #ParaSerFelices","🚸👮‍♂️ ¡Llegó la Patrulla Escolar a Tuluá! 💙💙

Iniciamos en la Institución Educativa Gimnasio del Pacífico con esta gran estrategia de educación y seguridad vial 🚦📚.

Niños y niñas que serán ejemplo y voz de las normas que salvan vidas llegarán a las demás Instituciones mostrando la importancia de las normas y la seguridad en las calles✅ 💙🙌.

¡Así construimos una Tuluá más segura desde la escuela! 💙✨ #ParaSerFelices",29,"07/01/2025 09:31",N/A,https://www.facebook.com/reel/595057903263841/,1,0,Reels,,,,,Total,6614,5604,236,180,31,25,130,,130,,59520.128,10.209,0,0,
