Registro,Dispositivo,Fecha de nacimiento,Género,¿Qué tan satisfecho está con su vida actualmente?,¿Hasta qué punto siente que las cosas que hace en su vida diaria valen la pena?,"<b>Pensando en tu bienestar emocional, ¿qué tan feliz o ansioso(a) te sentiste ayer?</b>",<b>¿Qué aspecto cambiarías en Tuluá para mejorar tu bienestar y el de los demás?</b>,¿Mejorarías algo en tu Barrio?,¿En que barrio resides y que harías para mejorarlo?,Duración
2024-11-19 15:21:59,phone,1966-05-21,female,6,,Preocupada por la seguridad de mi ciudad,La seguridad es el mejor lugar para vivir pero no hay seguridad vivimos con mucho miedo,SI,Villa campestre.   Mucha  pólvora en diciembre eso perturba la tranquilidad de todos  y las vías están en muy mal estado,02:02
2024-11-19 11:17:08,phone,2001-07-31,male,7,9,Neutral,Más espacios de actividad deportiva gratuitas como running,SI,"Lusitania, actividades de integración con los vecinos",01:27
2024-11-19 09:20:05,phone,1983-05-18,male,7,8,Neutral,"La seguridad, y la estabilidad económica",NO,"José Antonio galan, creo que mi barrio dentro de lo posible está bien.",02:12
2024-11-19 08:58:51,phone,1977-02-22,female,7,8,Un poco ansioso,La seguridad y que generen empleo,SI,"Barrio popular, cooperar para mantener limpias sus calles y que halla seguridad",02:16
2024-11-19 08:47:55,phone,1975-04-27,female,8,8,Feliz,"Seguridad, empleo, recreación",SI,Panamericano  parques o espacios verdes para compartir,02:43
2024-11-19 07:51:14,computer,1957-09-28,male,8,8,Neutral,"El bienestar está en mí, en las cosas que disfruto conmigo mismo como para no pensar en el cómo mejorar mi transcurrir en la ciudad cuando me encuentro un mundo de personas esclavizadas en su vivir como que le tienen miedo a que les pese la libertad.",NO,"Victoria, por ser un barrio de los más antiguos ya hay poco para mejorarlo, darle pequeñas reformas como aprovechar los pequeños espacios .",10:19
2024-11-19 07:43:09,phone,1987-06-03,male,8,5,Neutral,"Darle más vida al río Tuluá, haciéndolo un lugar de recreación y deportivo.",SI,"Aguaclara  Callejón 7 vueltas. Falta parque para niños y abuelos,  mejorar la seguridad.",10:18
2024-11-19 03:21:13,phone,1978-11-04,male,10,10,Muy Feliz,Seguridad,SI,El refugio. Seguridad más policia,03:39
2024-11-19 03:08:21,phone,1989-10-17,male,7,7,Feliz,"Que se mejore la seguridad la tranquilidad es importante, además el comercio las extinciónes varios negocios cerrados acaba la ciudad también que pinten los pare y siga señalizaciones mucho accidente y es q hay varios puntos que uno no sabe quién tiene la vía más campañas en esto tambien",SI,Moralito las vías de acceso a este barrio y el bosque están sin pavimentar y hay mucha piedra,04:17
2024-11-19 01:35:00,phone,2005-04-27,female,8,8,Un poco ansioso,"Pintar los policías acostados , mejor las vías y tener más responsabilidad vial",SI,"En lago , las calles",01:15
2024-11-19 00:23:47,phone,1985-03-08,female,9,10,Feliz,Poder tener un negocio que no saboteen los que quieren el dinero fácil,SI,"Bosques de Maracaibo,  que se hicieran eventos importantes, bosques es una ciudadela prácticamente",07:59
2024-11-19 00:20:25,phone,1989-05-26,female,8,8,Feliz,Tuluá debería tener sitios de recreación familiar,SI,"Villa campestre y para mejorarlo se necesita inversión y acción en las vías que están en pésimo estado, así como mejorar su seguridad",01:52
2024-11-18 23:21:57,phone,1998-05-12,male,6,7,Neutral,Mayor inversión social y educación   Más seguridad,SI,7 de agosto   Más presencia policial,01:14
2024-11-18 23:13:21,phone,1981-05-30,female,7,10,Muy Feliz,La Seguridad,NO,"Lomitas , señalizacion y pavimentar calles que están en tierra",01:46
2024-11-18 22:57:14,phone,1947-06-08,female,,8,Feliz,La seguridad,NO,Me crié en Tuluá pero viv9 en cal8,03:45
2024-11-18 22:43:00,phone,1976-11-15,female,9,8,Feliz,"Más seguridad en los.parques para disfrutar en familia .pavimentación en los barrios ,mejor refrigerios escolares más atención a.los.niños en las escuelas y colegios para evitar bullying, mejor educación .y deportes gratis",SI,Buenos aires .Pavimentación de.emi cuadra para disfrutar conmi familia y vecinos,03:08
2024-11-18 22:04:34,phone,1980-04-04,female,10,10,Triste,La seguridad,SI,Palmar Mas union con los vecinos,02:03
2024-11-18 20:57:18,phone,1979-12-05,male,7,8,Feliz,Oportunidades de trabajo digno,SI,"Victoria, seguridad",01:24
2024-11-18 20:54:16,phone,1983-06-12,female,8,10,Muy Feliz,Mas seguridad,SI,"Alvernia, revisar la facturacion de los servicios publicos",01:45
2024-11-18 18:57:53,phone,1986-03-24,male,6,6,Muy ansioso,"El tema de servicios públicos, pocas oportunidades laborales, la inseguridad, los arrendamientos costosos, la falta de oportunidades",SI,Alvernia,02:43
2024-11-18 17:23:41,phone,1994-01-31,male,10,10,Feliz,La seguridad es lo que le hace mucha falta a los tulueños,SI,En aguaclara vía los caímos mejoraría la vía principal ya que yo vivo en una curva que es peligrosa pondría unos reductores de velocidad,02:53
2024-11-18 14:05:33,phone,1965-06-19,female,4,,Neutral,Volver e estos gratuitos para todos ya se avotaron,SI,Portales del rio.con acuerdos para mejoramiento de cada familia,03:55
2024-11-18 13:05:07,phone,1966-08-15,male,7,8,Feliz,"Aumentar las fuentes de trabajo, y que estas no dependan de los políticos de turno en la administración.",SI,Moralito el bosque sus calles están sin pavimentar.,02:37
2024-11-18 12:54:30,phone,1956-02-19,male,,8,Feliz,"La obra que ponga la ciudad en movilidad,gestionando un cruce vial en la antigua terminal.y un tren urbano de San pedro aguaclara por la línea ferrea.",SI,"Los parques.mas equipos,luz y mantenimiento.debe ser el orgullo de cada sector.",03:34
2024-11-18 11:46:35,phone,1985-12-07,male,10,10,Muy Feliz,Que allá cámaras de seguridad,SI,Tercer milenio calle 5C17-28 señales de pare,04:35
2024-11-18 11:41:59,phone,1988-04-11,male,10,10,Un poco ansioso,Más oportunidades de vivienda,SI,Bosques de maracaibo mejorar que no hagan tanto ruido en las noches,01:45
2024-11-18 11:25:04,phone,1963-12-16,female,9,8,Muy Feliz,La basura regada en tantos lugares. Las heces de los perros en calles andenes para las personas que caminamos es terrible.,NO,,05:57
2024-11-16 11:44:02,phone,1996-05-15,female,10,10,Feliz,La seguridad,SI,Aguaclara  Seguridad,01:12
2024-11-16 11:21:38,phone,1980-03-16,male,7,7,Un poco ansioso,Vida social,SI,Fátima,05:54
2024-11-16 10:29:47,phone,1969-04-14,female,5,5,Un poco ansioso,"Que no molesten los vendedores ,y la gente que vive del diario en sus motos,aveces no tienen papeles al día porque o comen o los adquieren.",SI,"Progresar La bulla ,es demasiada aveces hasta tres días seguidos con un equipo sin parar prendido.",02:32
2024-11-16 10:06:49,phone,2000-07-10,female,7,7,Feliz,"Que los entes municipales se encarguen de realizar su trabajo como debe ser, las calles en mal estado son un peligro constante para todos, el alumbrado publico, hay sectores en donde no se les hace mantenimiento, la poca accion para enfrentar la delincuencia aun sabiendo quienes son los responsables",SI,"Las brisas, es un barrio que durante años se ha solicitado el pavimento de las calles, y con el pasar de las décadas aun no se hace nada",05:10
2024-11-16 09:56:14,phone,2006-08-30,female,6,8,Neutral,Amo mi tulua,SI,Barrio el bosque la seguridad en ese barrio es fatal,01:22
2024-11-16 08:45:44,phone,1988-06-14,female,7,7,Feliz,"Tuluá está trabajando dignamente por recuperar la tranquilidad de sus ciudadanos. Pero toca trabajar, fortalecer pedagógicamente con diversas estrategias a los niños, jóvenes que aún no están en problemas de violencia que no se han dejado influenciar y perseverar, recuperar los que ya lo están.",SI,"Aguaclara, seguiré aportando desde mi formación actividades para mantener la mente de los niños ocupada.",08:59
2024-11-16 07:36:16,phone,1967-05-06,male,10,9,Un poco ansioso,La inseguridad de mi ciudad,SI,La movilidad,00:51
2024-11-16 06:35:00,phone,1952-04-05,male,10,10,Neutral,"El costo de la canasta familiar, la extensión que no para y allí el costo de los producto",SI,"Bosques de maracaibo,  tres POLIDEPORTIVOS y ninguno tiene cubierta para que los niños ,jóvenes y adultos ocupen sus espacios libres en esto",07:54
2024-11-16 03:48:58,phone,1997-03-19,female,6,10,Muy Feliz,"Ayudad a los jóvenes a conseguir empleos, también ayudas a madres cabeza de familia, seguridad",SI,"Barrio la Cruz, más actividades de integración, ayudar a los jóvenes que consumen drogas a mejorar la calidad de vida",02:08
2024-11-16 01:17:34,phone,2001-03-08,female,8,7,Feliz,Me gustaría que hubiera más trabajo más actividades con los niños y niñas de Tuluá para que no cayeran en las drogas más oportunidades de salir adelante y más apoyo de la alcaldía,SI,Villaliliana mi cuadra es la única que está sin paimentar y nos afecta mucho cuando llueve mejoraría el parque y la seguridad,03:17
2024-11-16 00:42:34,phone,1988-01-21,female,2,2,Un poco ansioso,Más oportunidades de empleo y empleos bien remunerados,SI,Santa ines ... la seguridad,01:04
2024-11-15 23:46:59,phone,1992-09-16,female,7,10,Neutral,La seguridad y las oportunidades de Trabajo,NO,Pueblo nuevo y no haría nada para mejorarlo ya que me gusta mucho el ambiente donde resido,09:03
2024-11-15 23:16:35,phone,1992-10-29,male,5,7,Neutral,Acabar la extorcion.,SI,Pavimentacion,01:09
2024-11-15 23:00:28,phone,1990-04-18,female,3,6,Muy ansioso,La seguridad,SI,Portales de río paila tratar de mirar cómo gestionar un parque para nuestra niñes,01:31
2024-11-15 22:54:35,phone,1986-02-09,male,10,9,Feliz,"Que se pudiera hacer actividades para que tulua sea conocida por sus cosas buenas,como car audios,válidas de motores en las calles tulueñas como en las otras ciudades y así los negocios y las familia disfrutarán más y dejaran de viví con esos temores de antes y si hay como hacerlo solo es querer",SI,Guayacanes las ca lles que falta por el paimentar,05:09
2024-11-15 22:51:47,phone,1981-06-13,female,10,9,Un poco ansioso,Cambiaría la inseguridad a uno leda miedo salir ya con tanta delincuencia  Cambiaría ese aspecto con muchas actividades en los colegios estar más pendientes de los jóvenes por que no parece que los colegios es una cosa loca se ve mucha delincuencia,SI,Progresar  El barrio está muy dañado da pesar por que son jóvenes que lo han desmejorado,06:13
2024-11-15 19:28:27,phone,1991-03-31,female,7,7,Muy ansioso,Seguridad en los colegios y dotación de las aulas para que los niños disfruten más tiempo en la escuela en lugar de la calle y el celular,SI,"Guayacanes, mejorar la calle",02:34
2024-11-15 18:39:33,phone,1993-09-28,male,3,4,Un poco ansioso,"La seguridad, el empleo formal",SI,"Barrio independencia, correcta demarcación de las señales de tránsito, instalación de camaras de seguridad",04:08
2024-11-15 18:33:38,phone,1998-08-13,female,8,6,Neutral,"Los parques, sería mejor parques más familiares en los que se puedan compartir con niños, el parque principal es solo lleno de viejos y mujer de la vida alegre, nada familiar para los niños",NO,"Cespedes, es un barrio muy tranquilo",02:42
2024-11-15 18:21:07,phone,1975-12-30,female,8,,Feliz,Seguridad para todos y todas los emprendimientos,SI,Bosques de Maracaibo la limpieza del popo de los perritos,03:55
2024-11-15 17:24:37,phone,2004-04-19,female,8,7,Neutral,Dar más trabaji a madres solteras y una ayuda,SI,"Rubén cruz Vélez, las calles",01:17
2024-11-15 15:50:38,phone,1984-08-09,male,7,7,Un poco ansioso,Creo que a pesar de ser una persona respetuosa y responsable seria bueno dejar la indiferencia frente a los demás y tener más empatia con las personas,SI,Salesianos mejoraría la seguridad es un barrio que se torna muy solo en siertos horarios del dia aunque la policía hace una buena labor falt,04:31
2024-11-15 15:37:40,phone,1977-06-30,female,7,8,Feliz,"La seguridad, el desempleo, la alza de los servicios públicos",SI,"Jazmín, mejoraría el flujo vehicular ya que los camiones se estacionan en la 40 en los talleres y no permiten la visibilidad de los carros",02:57
2024-11-15 15:18:46,phone,1967-12-02,female,5,4,Un poco ansioso,Oportunidades laborales,SI,Bosques de Maracaibo,01:13
2024-11-15 15:07:52,phone,1978-01-20,female,9,10,Muy Feliz,"La seguridad en los barrios, los parques que están sin iluminación",SI,Urbanización La esperanza,02:17
2024-11-15 13:30:02,phone,1956-02-19,male,9,,Feliz,La movilidad atraves de la línea del tren.aprovechando toda la franja ferrea.es trabajo y eficiencia circular.,SI,Definitivamente la vida barrial se agranda con equipos biomecanicos y buen alumbrado.dan confianza y utilidad social.,03:19
2024-11-15 13:26:16,phone,1988-10-10,male,8,8,Neutral,Más Oportunidades de empleo,SI,Popular cambiar la junta que lleva muchos años y no se nota progreso en el barrio,01:54
2024-11-15 13:17:41,phone,2000-01-12,female,7,9,Muy ansioso,Más sonas que se puedan estar con nuestros niños y que no estén tantos viciosos,SI,Portales de río paila Más señalización peatonal para nuestros niños,01:51
2024-11-15 11:16:42,phone,1985-03-03,female,6,8,Un poco ansioso,La inseguridad que se está manejando en este momento,SI,Aguaclara la inseguridad,01:00
2024-11-15 09:53:53,phone,1974-06-17,male,8,8,Muy ansioso,"La seguridad que persivimos con el tema de la delincia organizada, como lo es la extorsión, microtrafico y cucariato.",SI,El parque y el polideportivo,02:54
2024-11-15 08:35:07,phone,1986-08-27,male,10,10,Feliz,Seguridad y movilidad,SI,"Villa nueva, mayor vigilancia y control de la policía",01:59
2024-11-15 08:28:50,phone,1988-10-14,male,10,10,Muy Feliz,Todavía se siente mucha inseguridad. Las bandas criminales impiden el libres desarrollo de la economía. Impiden el crecimiento,SI,"Fátima. Kr 34 con 34, reductores. Es un cruce muy accidentado. Muy poca presencia de policía. Se ve grupos de hombres en horas de madrugada",03:57
2024-11-15 08:19:08,phone,1983-10-22,male,6,9,Neutral,Igualdad en procedimiento cuando se trata de tránsito hacen comparendos en partes que una moto este parqueada pero no dificultad la movilidad pero en otras calles principales q hay dificultad si no están ejm calle 26 y calle 25 y calle 37,SI,San pedro claver mejoraría los parques más bancas y más motivados en la recreación y integración familiar y amistades,03:41
2024-11-15 05:10:11,phone,1957-04-19,female,10,10,Temo por mi vida,La Paz de Nuestra Ciudad pues se ha perdido toralmente,SI,"El Bosque, que sea brillar La Paz y El Amor no El Miedo y La Sosobra o Temor",03:21
2024-11-15 01:18:46,phone,1995-11-05,male,10,9,Muy Feliz,"El robo, la extorsión y la persecución a la gente trabajadora y humilde",SI,"Fátima. Arreglo de las vías, y control sobre el parque de la familia",01:47
2024-11-15 01:01:43,phone,1978-04-15,male,7,9,Feliz,Me gustaría que se fijarán más en los abuzos de servicios públicos más control con los jóvenes consultando alucinógenos en los parques.la seguridad es primordial rescatar el comercio de la ciudad qide nuevo recostrullan una nueva terminal Intermedia en el centro y arrime las busetas de los pueblos..,SI,El transporte urbano.mas vigilancia en los parques para aumentar los viciosos y más precensia dela alcaldía con sus habitantes,12:35
2024-11-15 00:40:58,phone,1976-03-13,female,10,10,Feliz,Q esté año hagan un alumbrado bonito teniendo en cuenta la transversal 12 y q vuelvan los défiles,SI,Rubén cruz veles iluminación en los parques,03:59
2024-11-14 23:43:28,phone,1981-10-16,male,8,8,Feliz,La seguridad y la oportunidad de empleo,SI,Nariño. Canchas y parques,02:39
2024-11-14 22:52:54,phone,1983-07-23,female,9,9,Neutral,"Tuluá está en proceso la seguridad ha mejorado, pero sería  bonito reforzar la seguridad en entornos escolares, además de promover las escuelas de padres municipales",NO,Barrio Popular y sería bueno mejorarlo con más espacios de esparcimiento,02:31
2024-11-14 22:36:55,phone,1964-06-14,male,9,9,Feliz,Que las motos respeten los semáforos,SI,La Villa. Organizar el parqueadero.,02:28
2024-11-14 22:15:38,phone,1974-07-08,female,10,10,Muy Feliz,"Trabajar en construir más empatía en los tulueños, que logremos mayor trabajo en equipo  por el bienestar de los tulueños y de quienes nos visitan.",SI,"Urbanización la Herradura, por el parque donde está el saman, este se ha convertido en el campo donde traen las mascotas hacer sus necesidad",05:26
2024-11-14 21:51:18,phone,1979-06-03,female,,,Feliz,No ya corucion en tulua,SI,Farfán,02:07
2024-11-14 21:22:28,phone,1971-09-06,male,9,8,Feliz,"Obligaría a muchos, por medio de normas, a sembrar más árboles y a cuidar los que hay. Hay mucha gente acabando con el ornato urbano y creo que la alcaldía hasta lo promueve. Mucho bla bla de &#039;cuidar el medio ambiente &#039; y a hora del té nada de nada.",SI,Urbanización la Villa. Sembraría más árboles en la ribera del río Morales a su paso por el sector.,04:09
2024-11-14 21:08:05,computer,1955-10-15,female,8,9,Muy Feliz,La extorción,SI,socialización,02:19
2024-11-14 21:01:45,phone,1960-12-19,female,5,10,Feliz,La paz la tranquilidad y que salgan fuentes de empleo sin empleos la gente sufre,SI,Corregimiento falta iluminación por los lados del aeropuerto muy oscuro,03:59
2024-11-14 20:29:18,phone,1957-09-06,male,10,10,Muy Feliz,La salud,SI,Santa Rita  El encierro del polideportivo,02:11
2024-11-14 20:21:29,phone,1994-12-28,female,0,1,Muy ansioso,La seguridad y el alcalde,SI,San Pedro Claver seguridad,01:05
2024-11-14 20:01:00,phone,1969-08-03,female,10,10,Feliz,"La seguridad, las calles en mal estado, la limpieza de las calles",SI,"Bolivar ,,, señalizaciones y tapar huecos",07:28
2024-11-14 19:07:04,phone,1980-07-16,female,3,8,Muy Feliz,"Él respeto,la educación,el acompañamiento,alas diferentes, personas que vivimos Qui,y trabajó para poder realizar nuestro proyecto,y economia alas familias",SI,"invasión  las Vegas campaña de salud, general para todos, niños, adultos mayores, citologías,y vacunas,las necesitamos, gracias 🙏",08:38
2024-11-14 18:17:38,phone,1974-10-22,female,7,,Feliz,"Que respeten las señales de tránsito, más cultura ciudadana, el espacio público",SI,La calidad de las vías y más zonas verdes,01:40
2024-11-14 15:08:21,phone,1985-01-07,female,5,6,Un poco ansioso,Por que no hay dinero que alcance,SI,En las delicias que Allan más actividades deportivas para todos,01:55
2024-11-14 14:05:19,phone,2002-12-22,female,5,6,Un poco ansioso,La seguridad de las personas,SI,La seguridad y las vías públicas,01:27
2024-11-14 13:52:59,phone,2002-09-30,female,10,10,Muy ansioso,"Considero que hace falta invertir en las vías, y en tapar los huecos, ya que además de ser peligroso, también causa mucha molestia, al igual que alterados entre las personas",NO,Nuevo principe,03:02
2024-11-14 13:28:33,phone,1956-02-19,male,8,9,Feliz,La parte de empleo que va de la mano con la modernización de la ciudad.teleferico la marina.transformacion de la antigua terminal   con proyecto de salto urbanistico.,SI,"Mantenimiento a todos y maquinaria para todos.como ningún otro lugar de colombia.hay plata unido con proyección,la llave completa.",06:28
2024-11-14 13:08:48,phone,1977-04-09,male,3,1,Un poco ansioso,"La mentalidad retrógrada de la gente que se quedó n la época de los narcos, además la gente en Tuluá es poco solidaria y hasta inhumana, regionalistas y egoístas.",SI,"Maracaibo. Impulsaría el comercio, veo como cada mes cierran un negocio diferente, mejoraría la seguridad y las zonas comunes",03:46
2024-11-14 12:54:21,phone,1999-03-15,female,8,7,Muy ansioso,Lugares donde se puedan hacer actividades distintas ya que los fines de semana lo único que se halla para hacer es tomar o comer.,SI,Panamericano. Menos ruido.,01:34
2024-11-14 12:07:34,phone,1967-01-21,male,7,8,Neutral,"Educación en todo los aspectos el respeto a las leyes de tránsito, a la vida ,menos tramitologia,control en los precios y ser más solidarios con la humanidad menos política más echos y reconocer a Dios como nuestro salvador.  Dios los bendiga  juntos somos más por una tulua mejir",SI,"El lago ,señalisacion ,policía acostados  es un corredor para uceva velocidad, cambiar luz amarilla por la blanca el cruce paso ancho semafo",08:02
2024-11-14 11:23:11,phone,1976-07-05,male,8,8,Un poco ansioso,La consolidación de la seguridad y el mejoramiento de la economía local,SI,"La Esperanza, más transporte publico, más comercio y más seguridad",01:57
2024-11-14 09:31:57,phone,1994-03-15,male,8,7,Neutral,Mejor infraestructura comercial,SI,"Campoalegre, le faltó un tramo a la pavimentada entrando al corregimiento",01:49
2024-11-14 09:19:50,phone,1978-12-26,female,10,10,Muy Feliz,Que sigan tapando los huecos,NO,Panamericano,03:01
2024-11-14 08:42:13,phone,1975-05-07,male,3,8,Temo por mi vida,Seguridad Más vías  y arreglo de las existentes,SI,"Limonar, pavimento",01:10
2024-11-14 08:37:59,phone,1995-01-04,male,8,8,Muy Feliz,"La seguridad, la ciudad está llena de delincuencia y los locales están siendo azotados por las extorsiones.",NO,Buenos Aires. Tal vez pavimentar algunas calles y tener más zonas verdes.,01:45
2024-11-14 06:18:17,phone,1959-10-14,male,8,8,Un poco ansioso,Que se tenga más tranquilidad,SI,Las nieves quitar tanto ruido en las noches,02:56
2024-11-14 02:26:39,phone,1980-09-02,female,7,8,Neutral,Que se priorizará el hablar más de Dios para que genere un cambia real en la hente,SI,"Guayacanes , volver a 7 canchas menos peligroso",03:29
2024-11-13 23:49:03,phone,1965-04-13,female,7,10,Feliz,"La situación de tantos seres  humanos , mascotas y equinos en situación de calle ..",SI,"La urbanización la Villa , mejoraría las zonas de esparcimiento de los niños , las vías y la tenencia de mascotas .",03:30
2024-11-13 23:00:39,phone,1970-02-15,female,6,9,Un poco ansioso,"Más ayuda a lía animales caballos,  perros y gatos",SI,San Luis la convivencia falta respeto por el sueño del vecino,02:01
2024-11-13 22:41:05,phone,1962-07-08,male,6,9,Temo por mi vida,Más seguridad por hoy en día todo ampon quiere ganarse la fácil y no le importa matar a otro y la policía no toma carta,SI,Prados del Norte,05:54
2024-11-13 19:49:38,phone,2005-07-08,female,5,4,Estresada,Tener un lugar seguro,SI,"Peñaranda, tener un parque y organizar las calles",01:34
2024-11-13 19:42:42,phone,1972-01-12,female,9,9,Muy Feliz,Evitar que ingresen en nuestro municipio perdonas en calidad de habitantes de calle,SI,Que tenga mejor alumbrado publico,01:40
2024-11-13 19:34:10,phone,1988-12-28,female,6,9,Feliz,La inseguridad y mejorar los lugares donde hay invasiones no se ayudas reubicar,SI,Villa de las palmas 2 la entrada no está pavimentada y es un peligro,01:48
2024-11-13 19:29:24,phone,2006-11-02,female,1,4,Neutral,LA SOCIEDAD Y EL TRÁNSITO Y EL CALOR HPTA,SI,FÁTIMA Y MARACAIBO,00:49
2024-11-13 17:57:52,phone,1956-02-19,male,8,8,Feliz,Salud y recreacion.atraves de ojos parques y darle valor a la rivera del rio.,SI,Un teleférico desde la marina.se daría un salto de progreso como lo puede tuluá.solo es voluntad y proyección urbana.tuluá  PUEDE.,03:58
2024-11-13 17:53:31,phone,1956-02-19,male,8,,Feliz,Trabajo y salud.,SI,Todo lo alusivo al mantenimiento y ampliación de equipos en los parques.utilizar la viá férrea para hacer transporte público y teleférico.,03:42
2024-11-13 16:26:48,phone,2000-06-03,male,7,9,Un poco ansioso,Los delincuentes,NO,,00:46
2024-11-13 15:42:20,phone,1964-09-02,female,8,8,Feliz,"Construiría un albergue para los habitantes de la calle, con derecho a alimentación y a proyectos para que sigan ál siguiente nivel, aprendan a sostenerse de un todo. Cumplir con la ley sobre las carretillas, cambiar carretillas por un vehículo de trabajo rentable para los carretilleros.",SI,"Fátima, la daría vida a la voley playa y haría eventos permanentes en el Parque de la Familia. Y sobre todo haría un censo de mi barrio.",07:01
2024-11-13 15:23:02,phone,1965-04-16,male,5,6,Un poco ansioso,Srguridad,SI,Más limpio,01:35
2024-11-13 14:52:47,phone,1978-06-30,female,7,10,Feliz,"Que los alcaldes realmente hagan obras y no roben dinero a través de los contratos fraudulentos que hacen, que acaben con los dispendios de droga que saben donde están y se hacen los ciegos, que haya más seguridad para que se terminen los robos;  viviendas a un costo justo",SI,"La Villa;terminar alto volumen de la música, prohibir fumar y vender bebidas alcohólicas en el supermercado.Prohibir consumo de alucinógenos",30:25
2024-11-13 14:48:13,computer,1991-12-06,male,9,9,Muy ansioso,"Mas parques biosaludables y con mejores juegos para niños, y hacia la zona del limonar",SI,"Senderos de villa liliana, mejorar la señalizacion e implementar reductores, y tambien mas parques para niños",05:27
2024-11-13 14:00:42,phone,1965-10-15,male,8,9,Feliz,Volver hacer una ciudad bonita y segura,SI,"La Graciela, de marcar bien las calles con sus normas de tránsito",03:20
2024-11-13 12:28:54,phone,2005-01-20,male,7,8,Neutral,Más seguridad en todos los aspectos,SI,Av. Cali mejorar las calles,02:57
2024-11-13 11:57:29,phone,1960-03-07,male,5,5,Muy ansioso,Extorsión eliminada. La extorsión desestimula cualquier emprendimiento. Personas han sido asesinadas. En el INPEC hay total corrupción. Los internos andan armados y con celulares. Los ciudadanos que han podido se han ido de Tuluá. Hay inmuebles de todo tipo en arriendo y en venta. Todo está paraliza,SI,Trabajo comunitario. No hay civismo.,05:40
2024-11-13 11:04:59,computer,1989-06-15,female,5,5,Un poco ansioso,"más programas gratuitos de todas las edades, que incorporen la comunidad",SI,principe,00:57
2024-11-13 09:52:31,phone,1985-02-06,male,6,8,Neutral,"Oportunidades laborales, con entrada de nuevas empresas; aprovechando ubicación geográfica. Garantizar la seguridad de los tulueños sea con la fuerza publica o negociando con las fuentes de violencia; más apoyo a la cultura y el deporte para alejar la juventud del Ocio.",SI,"La Graciela, casa comunal y realizar eventos culturales, de conciencia ciudadana, talleres varios, ferias emprendimiento. Señalización vial",06:50
2024-11-13 09:50:00,phone,2000-12-28,male,1,1,Neutral,"Más seguridad policías, más libertad de caminar por las calles a cualquier hora sin peligro, más centro de recreación para pasear y hacer tours para las familias y saber dónde pasear por qué en tulua hay muy pocas cosas para salir a pasear y recrear con la familia.",SI,"El paraíso, más recreación familiar las iluminación, supermercado y más seguridad policial.",02:49
2024-11-13 09:46:05,phone,1986-07-19,female,2,2,Temo por mi vida,Quitar tanta inseguridad ...me cambio la vida la extorcion entre en depresión severa,NO,El paraiso,01:40
2024-11-13 09:23:24,phone,1969-09-15,male,9,9,Muy Feliz,"Podar las verlas entre tulua y el corregimiento de la Marina, dan asco e inseguridad.",SI,"La bastilla, retirar basura, escombros y venta de sustancias psicoactivas en la orilla del río.",02:19
2024-11-13 09:04:53,phone,1984-12-16,female,9,10,Muy Feliz,En que la gente de mi barrio dege de meter vicio en la calle  que respeten y en  cuanto a la buya hay casas que hasta entre semana ponen alto volumen hasta tarde  que la policia intervengan,SI,En urbanización san Francisco poondria un cai en el farillon y sacaria tanto delincuente y drogadicto para que no contaminen mas niños,03:41
2024-11-13 08:20:50,phone,1984-05-15,male,6,7,Un poco ansioso,"Mejoraría el tema de la los parques , no tanto cemento más vida . Y no al abandono de los parques son lugares para compartir en familia",SI,Nuestro parque infantil que está abandonado lleno de malesa tirado a olvido,02:43
2024-11-13 07:31:41,phone,1976-03-13,female,10,10,Neutral,El económico,SI,Rubén cruz veles iluminación y aseó del parque q las personas q sacan sus mascotas recojan sus eses y  sacar la basura el día y hora q es,04:23
2024-11-13 06:27:51,phone,1974-02-22,female,,,Feliz,La seguridad,NO,Limpieza,02:48
2024-11-13 04:40:31,phone,1987-03-03,male,10,9,Muy Feliz,La forma de cada ser humano,SI,Las vías,01:40
2024-11-13 04:02:02,phone,1970-06-27,female,9,,Muy Feliz,Acabar con la  inseguridad  del pueblo,SI,Farfan,02:52
2024-11-13 04:01:39,phone,1980-03-05,male,10,10,Muy Feliz,,NO,Consejo,01:41
2024-11-13 03:13:58,phone,1983-02-13,female,4,6,Feliz,"Cambio de alcalde, definitivamente este señor no  tiene sentido de pertenencia por nuestra tulua, necesitamos alguien con don humano y que quiera sacar adelante los proyectos sociales y la seguridad de nuestro municipio",SI,"Príncipe, la seguridad y las señales de tránsito",02:21
2024-11-13 02:14:43,phone,1986-05-17,female,10,10,Muy Feliz,La seguridad,SI,"La esperanza en la vía Riofrío, esperando pronto la continuidad de la calle 27",01:59
2024-11-13 02:02:29,phone,1991-11-18,female,6,7,Un poco ansioso,Mi trabajo,SI,San Pedro claver mejoraría la vigilancia,01:21
2024-11-13 01:00:50,phone,1973-12-22,female,10,10,Neutral,La inseguridad.,SI,"Marandua, mejoraría el parque ,con botes de basura, juegos para que nuestros hijos tengan un lugar ,dónde recrearsen,y la seguridad ante tod",08:58
2024-11-13 00:23:08,phone,1979-10-22,female,10,10,Muy Feliz,La inseguridad,SI,"Aguaclara,  más vigilancia",02:31
2024-11-13 00:18:43,phone,1999-12-18,female,10,8,Neutral,Colocar puente peatonal en la variante que conecta los semáforos que vienen desde Andalucía y el centro de Tuluá  Andenes,SI,Estambul  Reductores de velocidad,02:04
2024-11-12 23:34:36,phone,1960-09-15,male,10,10,Muy Feliz,"Recreación 3 edad, recuperación equinos carretilleros, más seguridad policial, apoyo y ampliación cobertura salud hospitales, campañas vacunacion canina",NO,El Jardín. Señalizacion vias y vigilancia policial,06:22
2024-11-12 23:12:25,phone,2004-02-21,male,4,4,Muy ansioso,"Promover y fomentar el amor por los diferentes tipos de arte y recibir una buena remuneración para pequeños, medianos y grandes artistas locales en sus diferentes especialidades.   Gestionar proyectos nacionales en internacionales relacionados con el arte.",SI,Santa inés segunda etapa.  Mejorar la calidad de vida de los ciudadanos instalando programas artísticos cercanos al barrio.,03:32
2024-11-12 23:07:15,phone,1992-08-11,male,8,10,Feliz,La seguridad,SI,"Chiminangos, más presencia de policía porque hay mucho vendedor de vicio",00:53
2024-11-12 23:00:33,phone,1958-06-24,male,8,9,Feliz,Bajar el precio de los productos de primera necesidad,SI,Panamericano,02:20
2024-11-12 22:27:06,phone,1990-01-06,male,8,7,Neutral,El tuyo de los bares en zona residencial esto causa tención en el ambiente,SI,Transversal 12 barrio Departamental sacaría los bares a las afueras demasiado ruido olores de sustancias alucinógenas peleas ruido excesivo,02:54
2024-11-12 21:46:30,phone,1966-07-06,female,9,9,Feliz,No le cambiaría nada le aumentaría más policía para combatir la delincuencia que se a poderoso de la ciudad,SI,No vivo en tulua pero voy mucho por allá de compras,02:35
2024-11-12 21:24:14,phone,1989-02-05,female,7,8,Neutral,"Mejoraría el sector de restaurantes, abrirle la oportunidad de llegar a nuevos restaurantes",SI,San Carlos príncipe,02:00
2024-11-12 20:48:01,phone,1991-12-09,female,6,6,Muy ansioso,"Creo que la seguridad ,da miedo salir ala calle solas ,que loS ataques A las mujeres anvuelto",SI,Bello horizonte  El ruido es insoportable cada ves se vuelve peor,03:25
2024-11-12 20:46:18,phone,1961-09-14,female,9,9,Neutral,Seguridad,SI,"Victoria, andenes iguales, semáforos sobre la carrera 34, seguridad, multar a motociclistas ruidosos. Desalojar carros que se parques call",02:28
2024-11-12 20:32:57,computer,2002-08-27,male,7,7,Feliz,"Invertiría fuertemente en tecnología, fomentaría un espacio de innovación que conecte desarrolladores, emprendedores y jóvenes interesados en tecnología. Realizaría meetups, talleres y hackathons las cuales pueden inspirar, educar y generar oportunidades de empleo tecnológico en la ciudad.",SI,"Victoria. 2 cosas, el civismo y los modales de las personas, me ha tocado ver como escupen y orinan en mi andén. Y 2, hay mucha indigencia.",06:19
2024-11-12 20:28:49,phone,1994-06-15,male,1,1,Temo por mi vida,,SI,"Chiminangos, la inclusión social",02:50
2024-11-12 19:20:35,phone,1979-11-08,female,6,5,Un poco ansioso,"La seguridad , generacion de empleo",SI,"Barrio el laguito  hay probelmas de alcantarillado  , inundaciones cuando llueve",02:16
2024-11-12 19:02:28,phone,1997-07-10,female,4,5,Un poco ansioso,El aspecto económico,NO,,00:32
2024-11-12 18:11:47,phone,1979-10-24,male,9,10,Feliz,Más orden y autoridad en el tránsito por la ciudad. Es muy estresante recorrer la ciudad pendiente de no accidentarse,SI,"El Retiro. Mejorar las vías, controlar los establecimientos comerciales, los vehículos mal parqueados y el ruido.",01:52
2024-11-12 18:00:37,computer,1979-08-11,male,5,7,Un poco ansioso,Más seguridad,SI,Calles sin pavimentar,00:31
2024-11-12 17:41:27,phone,1961-07-04,male,4,7,Muy ansioso,Muchos huecos en las calles y en la Marina mucho popo de perros en.las calles hace falta de control de animales aca las calles son el.patio de los perros y señalización de la.via a la marina antes no.hay accidentes y mas.seguridad...,SI,Corregimiento de la marina.de tulua lo.que avia.dicho control de animales popociando en.las.vias y parqués no es grato estar.ahi olores a po,05:44
2024-11-12 17:30:00,phone,1955-12-08,male,9,9,Un poco ansioso,Menos violencia y menos extorsion,NO,Salesiano,03:07
2024-11-12 17:00:35,phone,1953-04-26,male,8,10,Feliz,El civizmo y cultura ciudadana en los colegios  Respeto por normas de transito,SI,Salesianos  Orden vía principal cr 26 Nada carteles y cadenas sobre la vía esta es pública y los negocios se la toman,04:41
2024-11-12 16:58:54,phone,1979-01-03,male,9,8,Feliz,Tener más sitios de esparcimiento para disfrutar fines de semana,SI,"Nuevo príncipe, más medios de trasporte",01:27
2024-11-12 16:20:16,phone,1990-02-21,female,5,8,Neutral,La inseguridad,SI,"En agua clara ,acondicionar los callejones",01:51
2024-11-12 16:01:55,phone,2005-08-29,male,8,10,Neutral,,SI,,00:25
2024-11-12 15:56:17,phone,1977-01-23,female,10,10,Un poco ansioso,Mejorar la seguridad,SI,Panamericano  Reubicar bares y discotecas cercanos,01:57
2024-11-12 15:45:36,phone,1963-08-19,male,10,10,Feliz porque estoy con mis hija no porque desde la alcaldía me hagan ser feliz porque tulua es un caos en todos los sentidos los únicos felices son los funcionarios de la alcaldía es lo único que hace Robert posada,"Una ciudad mas segura como hablan ustedes de felicidad si todos los días matan una o dos personas cuántos accidentes diarios hay, esas ambulancias que forman un caos peligroso y desde la alcaldía no se hace nada, uno sale feliz de su casa pero el tráfico la imprudencia el caos vehicular le quitan la",SI,"Santa Rita, pavimentación de las calles con ese polvero quien va a estar feliz",06:01
2024-11-12 15:45:22,phone,1964-11-29,male,10,10,Muy Feliz,"La inteligencia vial y de convivencia que se vive en el municipio, la falta de amor por la ciudad.",SI,"La ceiba. Actualmente la cancha deportiva la retiraron la malla, supuestamente para mejorar, pero al momento paralizaron las obras.",04:14
2024-11-12 15:43:37,phone,1960-03-25,female,8,8,Neutral,"La seguridad, cultura ciudadana aquí no se respeta nada, más control en los precios de los productos, la limpieza de las calles y el mantenimiento de los jardines y parques, cobrar los servicios públicos no por estratos si no por ingresos de los ciudadanos , más actividades recreativas",SI,Salesiano,06:51
2024-11-12 15:11:52,phone,1966-09-06,female,7,8,Neutral,Cumplimiento de las normas de tránsito de todos los actores,SI,Centro,01:13
2024-11-12 15:10:14,phone,1985-09-25,male,6,7,Un poco ansioso,Más empleó  Y que dejen trabajar y no pongan tantas trabas a los emprendedores y comerciantes informales,SI,Santa Rita 1 Que terminen de paimentar las calles que faltan muchos años y nada,45:39
2024-11-12 14:58:52,phone,1971-08-28,male,10,8,Muy Feliz,Seguridad más seguridad,SI,Palo bonito,01:44
2024-11-12 14:21:36,phone,1960-06-11,female,10,10,Muy Feliz,la intolerancia es un aspecto que está acabando con nuestro mundo y la falta de amor por los necesitados pues la avaricia y la ambición al dinero es la causa de todos los males y para esto es muy necesario el temor de Dios en el corazón de los seres humanos y si no amas a Dios tampoco amarás atupro,SI,si tuviera la capacidad económica  en serranía el polideportivo del barrio la independencia ya que an ávido varios asistentes con los fu gad,14:26
2024-11-12 13:40:32,phone,1988-12-29,male,10,10,Muy Feliz,"Apoyar a microempresa, fortalecer más el comercio. Ser más atractivo para la inversión para crear empresas y así aumentar el empleo con eso baja los índices de inseguridad.",NO,Graciela,02:23
2024-11-12 10:57:42,phone,2000-01-03,female,8,7,Feliz,La seguridad en la calles en tema de robos y extorsión.,SI,Pavimento de la calles,01:55
2024-11-12 10:47:21,phone,1958-06-30,female,10,10,Muy Feliz,Justicia,SI,Urbanización la paz más oportunidades,01:22
2024-11-12 10:08:23,phone,1956-02-19,male,8,,Feliz,"Necesitamos aprovechar la orilla del río tulua,como fuente de empleo,a través de proyectos turísticos y de vinculación ciudadana con entretenimiento gastronomía  y recreacion.",SI,Mejorar la infraestructura de los parques y hacerlos más aprovechables con equipos de ejercicio corporal.,04:28
2024-11-12 10:03:47,phone,1956-02-19,male,8,,Feliz,"La movilidad.hay espacio y no lo aprovechamos.ojala que esta mala cistumbre,cambie con el aprovechamiento del espacio de la antigua terminal de buses.",SI,Los parques.estan descuidados y requieren equipos.mas atención seria gratificante.,03:21
2024-11-12 08:59:59,phone,1999-03-22,male,7,8,Feliz,"Mas espacios deportivos, ciclorutas, caminatas, espacios para runners, potenciar turismo deportivo.",SI,"Ruben cruz, mejoraría los parques",01:22
2024-11-12 07:57:53,phone,1968-06-08,female,8,9,Feliz,Cultura ciudadana y respeto por los demás está muy sucia la ciudad y stborizar y crear sentido de pertenencias para cuidar  de los árboles más respobilidad,SI,Limpieza  Control del ruido  Organización de víasy señalización de las mismas,08:32
2024-11-12 02:08:04,phone,1958-11-01,male,3,5,Neutral,Mejorar la seguridad,SI,El aseo,01:12
2024-11-12 01:34:15,phone,1974-10-11,female,5,7,Un poco ansioso,"Que nos traten con más empatia, sobre todo en las casa de salud. Hospital.",SI,"Bosques de Maracaibo. Que en los parques, sean más iluminados y pasas de seguido la policía, hay inseguridad...",07:28
2024-11-12 01:28:00,phone,1967-09-08,female,5,8,Feliz,La falta de tranquiidad,SI,"Corregimiento de nariño, activarla el sector comercial, para generar empleo a las personas  ya sean jóvenes y adultos",04:35
2024-11-12 01:18:19,phone,1985-07-16,male,5,5,Feliz,"Señalización  todas las vías  2 veces al año mínimo,   mas zonas verdes  y jardines . Arreglo de vías, , más lugares de esparcimiento, para turismo,  mejorar estadio   .diseñar una zona grande (2manzanas)para  puestos de comidas  . Más lugares de arte y cultura dónde  se reúnan familias y amigos.",SI,"El Porvenir.   Demarcar las  vías  y en la transversal 12 también . jardines zonas verdes., hacer un ugar grande para aprender música, baile",19:03
2024-11-12 01:11:50,phone,1983-02-16,male,0,10,Temo por mi vida,,SI,,03:53
2024-11-12 01:06:22,phone,1955-07-28,female,10,10,Feliz,La Seguridad,SI,"Victoria, seguridad, pavimento, semáforos Carrera 34 Con Calle 28, todos los días accidentes, prohibir las motos ruidosas. Limpieza parquea",03:08
2024-11-12 00:59:35,phone,1980-12-19,female,6,5,Neutral,"El empleo en tulua es escaso y hablo de un empleo digno porque ser independiente no es vender dulce en la esquina o en un semáforo , por ende hay demasiada inseguridad , por la pobreza eso hace que la gente no se pueda superar económicamente y tener una vida digna sin escapes . La plata hace falta .",SI,"Vivo en el nuevo farfan , la calle 20 es una calle vieja y no la paimentan es triste ver tanto años y seguimos con pantano y polvo .",05:50
2024-11-12 00:51:43,phone,2001-06-22,female,9,8,Neutral,La inseguridad y violencia,SI,"Barrio panamericano, hablar para tener más seguridad en el barrio contra los delincuentes",01:03
2024-11-12 00:29:10,phone,1962-10-14,female,9,8,Feliz,"Seguridad,los espacios peatonal, educación, empleo",SI,Centro,03:38
2024-11-12 00:27:00,phone,1982-07-02,female,5,4,Neutral,Más actividades en familia ciclovía mejorar parques,NO,Progresar menos ruido en las casas cuando hacen fiestas no dejan dormir,01:30
2024-11-11 23:54:03,phone,1968-08-15,male,7,8,Feliz,Dejen trabajar los vendedores ambulantes ellos también merecen ganar un dinero para llevar un sustento y hacer felices a sus familias,SI,Las delicias más convivencia social y vigilancia policial sobre todo en la noche no se ve una patrulla ni para remedio,03:18
2024-11-11 23:49:36,phone,1990-07-13,female,9,8,Neutral,La seguridad,NO,Santa ines,01:28
2024-11-11 23:14:08,phone,1964-06-12,male,9,8,Feliz,Mejoramiento de los parques y seguridadbpara el fisfrute de lss familias y acabar con sitios de juegos casinos maquinas publicos,SI,Barrio las Delicias el sitio de la cancha al lado de la iglesia para actividades recreativas de niños,05:55
2024-11-11 23:06:31,computer,1983-01-25,male,5,3,Neutral,"Que mejoren el acceso a las empresas a Tuluá, y que mejoren el tema de las extorsiones",SI,"Alvernia, mejorar el tema vial",01:14
2024-11-11 22:48:46,phone,1998-05-22,female,4,4,Un poco ansioso,La seguridad,NO,Palobonito,00:29
2024-11-11 22:45:51,phone,1952-09-05,male,3,2,Un poco ansioso,Mejorar el trafico,SI,Salesianos.mas seguridad y control de vehículos en andenes,02:34
2024-11-11 22:25:48,phone,1963-03-09,male,9,8,Feliz,Sensación de inseguridad,SI,Bosques de Maracaibo  Más respeto y convivencia,00:58
2024-11-11 22:11:15,phone,1970-07-13,female,10,,Un poco ansioso,La seguridad,SI,El deliro La seguridad,01:04
2024-11-11 21:55:42,phone,1959-01-23,male,7,,Feliz,"Bien estaría con todo y lo demás, algo pasa en Tuluá. Hay demasiadas casas en alquiler y en venta. No al éxodo y ostra nsismo.",SI,Tomas Uribe. Más trabajo y comercio empresarial.,08:45
2024-11-11 21:51:47,phone,1961-04-05,male,9,9,Feliz,"Ayuda sicológica, médica,sanitaria y estancia para los habitantes de calle.  Mayor seguridad para comerciantes y empleados ante las extorsiones y actos  criminales. Mantenimiento y reparación de calles y avenidas. No al maltrato animal (caballos) usados como tracción de llamadas   zorras",SI,Franciscanos. Ayudar a mantener limpias las calles,07:53
2024-11-11 20:55:51,phone,1983-12-12,male,8,10,Feliz,Que todos los ciudadanos fuésemos más empaticos más amables dejar a un lado la hostilidad la incertidumbre respetar las normas de convivencia implica acompañar a las autoridades locales a vigilar la ciudad,SI,Chiminangos ....mejorar la infraestructura vial señalizar las vías más acompañamiento de las autoridades por el consumo de estupefacientes,11:41
2024-11-11 20:38:25,phone,1967-03-29,female,10,10,Muy Feliz,La delincuencia,SI,La villa que se acabe el consumo de los residentes a las sustancias sicoactivas,28:22
2024-11-11 20:37:42,phone,1991-05-10,male,3,2,Muy ansioso,"Más seguridad, Mas comercio libre",SI,Mejorar condición de la vías de acceso,01:59
2024-11-11 20:06:25,phone,1995-04-03,female,4,4,Muy ansioso,"Cambiaría que la parte cultural y deportiva tuvieran más apoyo, para personas de toda edad, pero especialmente lo jóvenes.",SI,"Flor de la campana, trataría de que el estado estuviera presente con programas de atención a jóvenes, para protegerlos de la droga.",01:58
2024-11-11 19:35:34,phone,1962-12-22,male,10,10,Feliz,Seguridad y sitios para visitar y hacer turismo.,SI,Esperanza Etapa 1. Animales equinos en la calle.,02:20
2024-11-11 19:24:27,phone,1997-04-04,female,9,10,Neutral,La Seguridad  Mas empleos  Espacio publico,SI,La seguridad,01:13
2024-11-11 17:49:42,phone,1971-06-04,male,,3,Tristeza de ver a tulua hecha mierda,Toda la administración empezando por velez román,SI,Nuevo príncipe la seguridad,02:22
2024-11-11 17:48:02,phone,1971-02-09,male,10,9,Feliz,"El tema de la seguridad y mejorar en cuanto a transito hay muy pocos agentes de seguridad, la gente no respeta los semáforos y andan sin casco, así la ciudad va en retroceso ya parce un pueblo",NO,La Graciela y mejoraría la iluminación,05:07
2024-11-11 17:41:18,phone,1972-06-07,male,6,8,Feliz,Más oportunidades para los  mayores. Plan de bienestar para papás solteros Ayudas para hombres no de tercera edad,SI,Palobonito  Las señalización de sus calles  Control a personas de calle ( aseo . alimentación.y salud),04:24
2024-11-11 17:31:48,phone,1998-01-23,male,9,10,Neutral,Me encargaría de escribir más,SI,Ser más amigable,02:05
2024-11-11 17:23:53,phone,1960-07-07,male,10,10,Muy Feliz,,SI,En el barrio la nueva Holanda,02:21
2024-11-11 17:18:08,phone,1998-03-20,male,9,7,Muy Feliz,"Más seguridad, mejores calles y un atractivo turístico para domingos y embellecer más los parques",SI,"En el Popular. Mejorar la movilidad cerca a la cárcel, es caótica de noche e intervenir los parques con más iluminación y limpieza",02:13
2024-11-11 17:07:08,phone,1983-03-20,male,8,9,Feliz,"Esos parques terribles. Siento que el mismo Gobierno local apoya el consumo de drogas, no iluminándolos, invirtiendo en su cambio y generando más espacios para la familia sin costo",SI,Sajonia. Mejoraría el parque chilicote. Convirtiéndolo en un sitio espectacular digno de visitar en familia,03:02
2024-11-06 09:41:01,phone,1976-07-20,male,8,,Neutral,"Más Espacios Deportivos, Hay Muy Pocos, Y Los Pocos Que Hay , No Están En Optimas Condiciones , Falta De Mantenimiento Y Inversión",SI,Fátima,02:28
2024-11-06 08:04:15,phone,1970-06-07,male,6,6,Feliz,Todo,SI,Todo,02:08
2024-11-06 01:05:59,phone,1990-02-09,male,10,8,Un poco ansioso,,SI,,01:04
2024-11-06 01:03:49,phone,1970-10-01,male,4,4,Muy ansioso,Para mi sería importante un ambiente permanente para desarrollar emprendimiento e interactuar con otros tipo coworking,SI,"Portales del Rio. Falta educación cívica. Hay vecinos ruidosos, mascotas que ensucian el parque, gente que bota basura, consumo de drogas.",04:10
2024-11-06 00:51:31,phone,1954-02-09,male,8,9,Feliz,"Concientizarnos en que la vida es una, y debemos aprovecharla,ya que el tiempo vuela",SI,"Aprovechando nuestro parque infantil,atraer a la familia, jóvenes niños etc en programación didáctica y ejemplar",05:04
2024-11-06 00:23:27,phone,1977-12-03,male,10,10,Muy Feliz,La seguridad,NO,Flor de la campana  Nada todo esta bien,01:18
2024-11-05 23:45:27,phone,1960-11-05,male,8,,Muy Feliz,Orden público,SI,Las olas  tener honestidad y respeto por la naturaleza 🏞️,02:28
2024-11-05 23:25:27,phone,1977-12-15,male,8,7,Neutral,Libertad,SI,Principe,00:55
2024-11-05 23:10:13,phone,1950-07-16,male,9,10,Feliz,Lugares  para que los indigentes o personas ocasionalmente sin hotel puedan pernoctar con seguridad y decentemente.,SI,"Barrio Escobar. Procuraría que los rresidentes empaquen los residuos de los alimentos aparte de los restos de papel, plástico, metal, vidrio",07:35
2024-11-05 22:59:22,phone,1973-10-14,male,8,9,Feliz,La seguridad,NO,Balcones del Empedrado,01:09
2024-11-05 22:53:51,phone,1945-07-14,male,10,10,Muy Feliz,"La inseguridad y el desempleo, el Alcalde",NO,Ciudad Campestre. Aumentar las rondas de la policía,04:20
2024-11-05 22:44:16,phone,1977-09-10,female,10,10,Muy Feliz,En las noches más policías,SI,"en el barrio progresar , el alumbrado",02:26
2024-11-05 22:42:36,phone,1997-04-14,male,4,6,Neutral,Que hubiera una zona donde los niños puedan jugar y comer,SI,Las carreteras,01:57
2024-11-05 21:28:46,phone,1995-01-17,male,5,7,Neutral,Mejorar la seguridad del municipio sin afectar el comercio que es la principal fuente de ingresos y trabajo,SI,"Saman del norte, que los vecinos dejarán de trancar las calles con sus carros estacionados",02:02
2024-11-05 14:42:02,phone,1993-06-24,male,10,10,Feliz,"Más seguridad donde cada comerciante grande o pequeño tenga acompañamiento permanente de las autoridades, que no se sientan solos.",SI,Victoria,03:19
2024-11-05 13:35:04,phone,1995-10-02,female,7,7,Feliz,"Vivo en la vereda cienegueta y la alcaldia hicieron el parque junto a la escuela del sector y el parque lo dejaron  abandonar se creció el monte, las máquinas para los adultos y juegos se han dañado quer rico esto para mejorar pues hacemos parte de tuluá y nos ven como gente mala y no es así",SI,"Vereda Cienegueta, Informar más a las personas q no es un lugar donde habita la guerrilla y q es muy tranquilo pero por acá ni domicilios  (",05:49
2024-11-05 12:05:22,phone,2000-10-24,male,10,10,Muy Feliz,"Que el gran malparido alcande gobierne y deje de poner política de mierda, que deje de hacer cortinas de humo con esas caravanas de mierda que lo único a que perjudican es a la gente trabajadora y la supuestas ratas siguen por ahí libres.",SI,"El Limonar, es necesario la pavimentación de la vías de acceso al barrio. Ya pagamos impuestos como para qué se lo siga robando.",03:26
2024-11-05 11:59:33,phone,1969-03-11,male,6,8,Neutral,Seguridad y generar empleo,NO,San Benito,25:07
2024-11-05 11:05:10,phone,1995-08-15,male,5,6,Un poco ansioso,"El trabajo que no sea a dedo como la mayoría que vive -trabaja aquí y en la alcaldía que dan contratos a personas que nunca van a hacer nada por allá, este pueblo es al amaño del que tiene",NO,Nada,02:04
2024-11-05 11:03:14,phone,1979-01-01,female,10,10,Neutral,La inseguridad que vive nuestra ciudad en diferentes sectores.,SI,"San Pedro Claver,  mejoraría la atención y el horario en el centro de salud de nuestro barrio más atención en la salud de los vecinos.",16:20
2024-11-05 10:09:55,phone,1971-03-28,male,8,9,Feliz,"Seguridad, tránsito, recreación y deporte, llevar  las chataterrias que existen por la margen del Río cerca al puente de las brujas a una zona distante del casco urbano, Alameda con recreación deportiva y vida sana en las márgenes del río.",SI,"Los habitantes de calle indigentes,  personas que reflejan desorden, abandonado, negligencia y deficiente administración del alcalde",06:01
2024-11-05 08:12:21,phone,1986-11-09,female,6,8,Neutral,Mejorar la seguridad en nuestra ciudad  Cada vez nuestro pueblo tuvieron se vuelve fantasma,NO,Porvenir Mejoraría la.seguridad,01:34
2024-11-05 01:53:41,phone,1964-01-10,female,10,10,Feliz,El aseo del centro,NO,Sajonia seguridad,01:58
2024-11-05 00:55:43,phone,1986-12-26,male,1,8,Neutral,"Seguridad,orden, y buenas actividades alegres para todo publico",SI,"7 de agosto Seguridad, y mantenimiento a las alcantarillas para que no se inunden más las cuadras",03:23
2024-11-05 00:51:03,phone,1970-04-28,female,9,,Feliz,La parte donde en la delincuencia y sicariato que está insistiendo mucho en nuestro en nuestro tuluá eso es lo que recorriría y trataría de que mejorara que los alcaldes y funcionarios públicos de ayuden y serán los unas un proyecto para para ver cómo hacemos para eliminar tanta su muerte que hay.,SI,Hacer actividades deportivas lúdicas hacer trabajos para que esos jóvenes que se encuentran en los parques tenga un oficio que hacer o mante,03:01
2024-11-05 00:48:57,tablet,1968-12-31,female,7,7,Neutral,Cambiar el desorden del tráfico y arreglar los huecos de muchas calles,SI,Villa campestre,02:09
2024-11-05 00:38:26,phone,1979-07-11,male,7,8,Neutral,Las vias se esta quedando corta la movilidad Ejemplo Calle 22 barrio palovonito Es muy trancitada pero las carreras que atraviesa tienen poco flujo si uvieran cemaforos carrera de por medio una si en la otra no  Muchos autos parqueados en las vias del centro Mas obras de arte dara buena censacion,SI,Villa colombia Luces en los parques Obras de arte sobre la transversal Pero no fieros o latas de malas formas el arte da censaciones buenas,13:45
2024-11-05 00:31:54,phone,1974-11-14,female,8,9,Feliz,Encontrar más empatía,SI,"Urbanización la herradura, pavimentar las calles",01:42
2024-11-05 00:31:11,phone,1967-09-04,male,7,7,Feliz,Cambiaría la politiquería por más acciones que relacione más a los jóvenes. No veo un futuro claro para la juventud el deporte y la cultura pasaron a otro plano.,SI,Sintra san Carlos. Construir verdaderos parques de recreación para los niños no los hay.,06:17
2024-11-04 23:41:29,phone,1974-08-03,female,8,8,Un poco ansioso,Más oportunidad de empleos,SI,"Salesiano, servicios públicos más económicos, más actividades de cursos para adultos y niños",01:25
2024-11-04 22:44:14,phone,1975-10-12,female,5,5,Muy ansioso,En lo personal me gustaría que miraran un poco el bienestar de nuestros niños en especial los niños de mi ceptor,SI,Vivo en el callejón sanfrancisco siete vueltas yo he querido tener un comedor comunitario para los niños y un lugar de recreación para ellos,08:12
2024-11-04 22:01:08,phone,1950-10-30,male,10,10,Muy Feliz,Algunas vías mejoramiento,SI,Nuevo Principe Zonas verdes,04:59
2024-11-04 21:51:40,phone,1941-08-15,female,8,10,Feliz,LA SEGURIDAD,SI,La Graciela. La iluminación y la seguridad,03:19
2024-11-04 21:37:05,phone,1982-06-15,male,3,4,Muy ansioso,Mejorar Seguridad generar empleo,SI,Bosques de Maracaibo,01:54
2024-11-04 21:36:48,phone,1982-09-09,male,9,7,Feliz,En seguridad y laboral,SI,"La graciela, señalizacion en las calles",05:23
2024-11-04 21:25:45,phone,1969-07-30,female,10,10,Muy Feliz,La inseguridad,SI,Barrio Maracaibo mejoraria los parques mas limpios y seguros,02:29
2024-11-04 21:22:50,phone,1969-08-31,female,8,10,Feliz,Tener un empleo mejor pago,SI,"Villa Campestre, reparchar las calles.",03:15
2024-11-04 20:52:15,phone,1969-01-01,male,9,,Neutral,Civismo,SI,Avenida. Cali..... Seguridad,02:35
2024-11-04 20:35:30,phone,1959-02-05,male,10,10,Feliz,Descolmarar el río y mejorar la seguridad,SI,"Iluminación , cámaras, muro del rio, castigar a los q arrojan basuras, los q dejan los perros solos en cale, vivo en la Villa",02:16
2024-11-04 20:22:16,phone,1993-11-03,male,8,6,Muy Feliz,"Mayor número de zonas verdes que puedan servir al colectivo y con zonas verdes no me refiero a parques con bancas y zonas de ejercicios, sino sitios para conectar con la naturaleza.",SI,"La Graciela, lo mejoraría ayudando a concientizar a la gente que cuiden el río y la fauna que hay a sus alrededores.",03:36
2024-11-04 18:50:03,phone,1978-03-28,male,6,5,Neutral,Que los tulueños que laboran tenga todas sus prestaciones legales,SI,Barrio Popular..el alumbrado público.. el alcantarillado...y cambiar definitivamente el consejo comunal..ps nunca hacen nada por mejorar el,02:47
2024-11-04 17:52:01,phone,1984-05-18,male,7,6,Feliz,"Mejores vías, más espacios de esparcimiento, más parques, más zonas verdes, mejorar la seguridad",SI,"Entre ríos, las vías, el parque y los alrededores del río",05:48
2024-11-04 17:07:43,phone,1962-05-29,male,3,,Muy Feliz,Ser la mejor persona que e venido haciendo servir ala comunidad,SI,Lo primero que yo quiero es como líder qué meayudaran a terminar el polideportivo ese es mi más grande anhelo,10:48
2024-11-04 15:56:07,phone,1985-07-04,male,2,2,Neutral,La seguridad especialmente para comercio,SI,La esperanza,00:48
2024-11-04 15:24:08,phone,1981-08-07,male,10,10,Feliz,Que el alcalde no abuse ni tropelle a los vendedores ambulantes. Que les mandé avoegar con el patán de Martin Hincapié,SI,Maracaibo,01:24
2024-11-04 14:39:46,phone,1969-07-27,female,6,6,Muy ansioso,"La segura ,el empleo ,sacar a los corruptos en la alcaldía ,mejorar Urgencias del Hospital Tomas Uribe Uribe con profesionales ,cómo traumatólogos,cirujanos ,cardiólogos ,pediatras ,que atiendan a los pacientes con dignidad .",SI,"Barrio la Esperanza ,CRA 14a con 26c1,26c3 ,estamos cansados de la bulla de los equipos de sonido a alto volumen.",05:22
2024-11-04 14:25:02,phone,1977-01-13,male,8,9,Muy Feliz,"El transito, y las calles sin huecos. La malla vial esta extremadamente dañada por todos lados.",SI,"Calles sin huecos, todas las calles estan dañadas.",02:06
2024-11-04 13:13:56,phone,1956-02-19,male,8,8,Feliz,Saludos y deporte.,SI,"Darle a la antigua terminal el cambio que merece tuluá.una obra que marque,la audacia,imaginación,belleza y utilidad de diseño y movilidad.",03:04
2024-11-04 12:01:24,phone,1984-04-26,female,4,4,Muy ansioso,Seguridad y mayor oferta laboral (empresas?,SI,Siete de Agosto  Alcantarillado y pavimentacion,45:36
2024-11-04 11:19:19,phone,1978-01-19,male,1,7,Temo por mi vida,Seguridad y educación,SI,Victoria,01:56
2024-11-04 10:57:00,phone,1974-04-04,male,5,5,Neutral,"Mayor seguridad en la ciudad mejoramiento en empleo ,auxilios de vivienda,planes de vivienda de interés social.",SI,"Barrio Jorge Eliecer Gaitán,contar con un centro cultural como el de Bosques de Maracaibo y una ciudadela deportiva en el sector de la igles",05:20
2024-11-04 10:56:29,phone,1963-01-05,male,10,9,Feliz,Qué  las personas  que llegan  a puestos  públicos  no se.vuelman  tan arroganres,SI,Aguaclara  callejon el diamante,02:52
2024-11-04 10:16:59,phone,1967-09-30,female,6,7,Neutral,En que allá más seguridad,SI,En la flor de la campanaen que terminar el pavimento y hubiera mejoras en la acción cumunal,05:54
2024-11-04 10:09:09,phone,1982-01-25,female,5,5,Neutral,"Inseguridad , dejar trabajar a los comerciantes, más oportunidades laborales.",SI,"San benito, mejorar más programas educativos y de formación en las casetas comunales.",02:47
2024-11-04 09:02:53,phone,1996-04-20,male,10,10,Muy Feliz,Más obras de infraestructura para mejorar los sectores reprimidos y generar empleo,SI,"progresar, mejoramiento de vías para la movilidad",01:59
2024-11-04 08:53:20,phone,1979-01-03,male,6,8,Feliz,"Mejorar la seguridad aun más, interviniendo en lo mas profundo de la delincuencia y la corrupción de las instituciones, mejorando así la inversión, producción y comercio, apoyando los campesinos en su producción y con todo esto aumentar la oferta de servicios y productos, bajando así los costos.",SI,"La Campiña, tener una JAC que funcione adecuadamente sin corrupción ni intereses particulares sino generales, seguridad y orden público.",04:56
2024-11-04 08:37:07,phone,1994-04-18,female,7,9,Neutral,"La seguridad a nivel general, y la cultura ciudadana. Hace falta mucho civismo y sentido de pertenencia por los espacios públicos, además del respeto de los motociclistas en las vias, hay poco respeto sl transitar por las calles",SI,Los huecos a la entrada de Bosques de Maracaibo,02:40
2024-11-04 08:25:46,phone,1956-02-19,male,8,8,Feliz,Salud.no ir a otra ciudad para atención medica.y trabajo.,SI,Los parques deben contar con equipos biosaludables,02:52
2024-11-04 07:59:12,phone,1988-03-09,male,9,10,Feliz,El pavimento de las calles,SI,"La seguridad, haría pavimentar las calles",01:07
2024-11-04 07:31:34,phone,1973-08-16,male,7,7,Feliz,"La seguridad es muy importante, porque si yo estoy tranquilo y todos nos sentimos seguros somos más felices.",SI,Palmas de San Antonio  mayor inversión en el deporte y la seguridad de mi barrio.,03:10
2024-11-04 07:09:11,phone,2000-09-07,female,7,7,Feliz,La seguridad y las pocas oportunidades que he encontrado para poder trabajar siendo estudiante universitaria,SI,"Enseguida de mi casa hay una cortadora de madera en la esperanza por la vía río frío, hace demasiada bulla y entra demasiado polvillo",04:42
2024-11-04 05:14:29,phone,1987-09-10,female,9,9,Feliz,La administración local,SI,"Villanueva, ese puente mal hecho que nos perjudicó a todos",01:10
2024-11-04 02:31:10,phone,1996-06-18,male,3,3,Neutral,"Que sea transformada con ambientes modernos dentro de la ciudad, hacer un buen marketing de ciudades para que tulua se vea más bonita y turística, que hayan más empresas grandes y medianas en tuluá para que generen empleo y que sigan impulsando a los pequeños comerciantes",SI,"Rubén Cruz Velez  Infraestructura vial, mayor aprovechamiento del centro cultural, más actividades de integración con la comunidad",02:43
2024-11-04 02:24:00,phone,1962-07-20,female,8,,Feliz,"Seguir con la seguridad que tenemos en este momento,con la ayuda de la policía y todas sus entidades aliadas",SI,Que allá más presencia de la policía,03:42
2024-11-04 02:03:23,phone,1986-08-02,male,7,10,Un poco ansioso,"Más cultura ,ferias del libros encuentros educativos senderismo jornadas ludicorecraativas",SI,Pavimentar las calles que faltan,02:38
2024-11-03 23:54:40,phone,1985-04-03,male,10,10,Muy Feliz,El gobierno corrupto de Gustavo Vélez,NO,San Pedro Claver,00:58
2024-11-03 23:52:55,phone,1989-10-08,female,8,9,Feliz,la posibilidad de acabar con la extorcion y se pueda trabajar tranquilos en nuestra ciudad,SI,barrio la trinidad mejorar la delincuencia venta de vicio y consumo,01:54
2024-11-03 22:58:04,phone,1964-09-19,female,9,9,Muy Feliz,"Que los habitantes de calle, no rieguen basura por todos lados. Que el lote ubicado en la calle 29 con carrera 29 dejara de ser basurero urbano. Que tapen los huecos de las calles, como en la administración de Tulua enamora.",SI,"Sector del río Tulua, entre calle 29 y carrera 29. Colaboraría con la siembra y mantenimiento de árboles.",07:17
2024-11-03 22:46:35,phone,1982-01-13,female,10,10,Muy Feliz,Que todo nuestro pueblo esté más seguro y la salud de nuestro tulua y un mejor futuro para nuestros abuelos,SI,Vivo en el barrio popular.. y que sean más Limpios recogiendo el popo de sus mascotas..,03:02
2024-11-03 22:37:45,phone,1970-12-13,male,8,8,Feliz,Convivencia ciudadana. Mejorar las vías públicas y parques,SI,Jazmin. Pavimentación. Y reubicación de la empresa maderas la rivera .debido a la contaminación ambiental y auditiva.,10:55
2024-11-03 22:21:13,phone,1962-10-10,male,10,10,Un poco ansioso,"Las oportunidades, menos trámites, educación social, Darle a los concejales manuales  de como ser un buen concejal.  Para que eligen  concejales los votantes. Aclararle a los concejales que lo son para la ciudadanía del municipio y no son concejales para su partido político.  Que más que se me olvid",SI,Entre ríos Ampliaría el conocimiento de los habitantes del barrio (Incluyéndome) en convivencia. No permitir la explosión de pólvora. ………….,17:43
2024-11-03 21:44:06,phone,1969-05-03,female,10,,Muy Feliz,Q tulua sea mas ordenado con los parques byc y bolibar y quitar a todos esas personas malas de hay,SI,En el.victoria haria q mejorar que la gente no sea imprudente con la caca del perro,03:58
2024-11-03 21:26:17,phone,1979-07-05,female,1,5,Temo por mi vida,"Poder trabajar tranquila, con confianza y seguridad. Poder cumplir y pagar más s obligaciones pero por el temor casi no puedo trabajar. Fui amenazada junto con mi familia.",SI,Buenos aires,02:42
2024-11-03 21:17:58,phone,1960-03-29,female,7,8,Neutral,Que se acabe las extorsiones a los comerciantes. Y que tapen los miles de huecos,NO,El lago,02:16
2024-11-03 21:07:51,phone,1982-07-04,male,8,8,Feliz,"La seguridad fundamental no hay nada, extorsiones por doquier, negocios cerrados, y parece que al gobierno no le importa ni un pito. No hay generación de empleos. No se ve inversión social. Que hace el alcalde llega ya dos años y nos e ve nada",SI,Nuevo príncipe. Seguridad. Vias sin pavimentar. Servicios públicos excesivamente caros,02:14
2024-11-03 21:06:56,phone,1989-02-21,male,3,8,Un poco ansioso,La seguridad vial y el ruido en los barrios por música a todo volumen,SI,,03:15
2024-11-03 21:05:41,phone,1976-12-23,male,10,9,Muy Feliz,Allan eventos culturales,SI,El principe,01:47
2024-11-03 21:04:11,phone,1984-05-09,male,5,,Muy ansioso,Mas apoyo al deporte tengo un torneo de niños y realmente muy difícil uno mismo sacar la premiacion y demas cosas me gustaría que estos programas deportivos los apoyaran mas debido aque esto alejaria a nuestros niños de la calle.,SI,Aguaclara crearía mi propia escuela de fudbol y asi  nuestros niños y jóvenes puedan ocuparsen en el deporte.,04:25
2024-11-03 21:02:17,phone,1989-02-21,male,3,8,Un poco ansioso,La convivencia entre vecinos ya que no respetan y hacen ruido con equipos de sonido excesivo y se enfiestan sin tener en cuenta el bienestar de los demás se llaman a las autoridades  o policía y nunca acuden sintiéndose uno desprotegido,SI,Barrio asogrin la santa Cruz vía la Marina,03:24
2024-11-03 20:47:02,phone,1963-04-13,male,8,8,Feliz,,SI,La Graciela y haría un CAI,01:43
2024-11-03 20:17:26,phone,1989-06-23,female,5,8,Un poco ansioso,La seguridad,SI,"En bosques de Maracaibo, más comercio",01:57
2024-11-03 19:55:01,phone,1966-10-07,female,9,10,Muy Feliz,Promover más el deporte en los niños,SI,Canchas deportivas en mi barrio no hay,03:34
2024-11-03 19:48:55,phone,1958-08-24,male,9,9,Muy Feliz,Seguridad y mano dura con la delincuencia,SI,Vereda El picaho,02:05
2024-11-03 18:49:05,phone,1961-07-31,male,10,10,Muy Feliz,Seguridad y tanta personas que delinquen de otros lados,SI,"Tomás Uribe,  reubicar los areneros y habitantes de calle",02:13
2024-11-03 18:45:54,phone,1959-02-07,male,7,8,Feliz,Total seguridad para nuevos emprendimientos y para el comercio ya existente,SI,"Presidente Junta de Acción Comunal Miraflores Pavimentar el tramo de la carrera 37,correspondiente entre la calle 32 y calle 33.",08:06
2024-11-03 18:04:38,phone,1989-11-28,male,10,10,Muy Feliz,La seguridad,SI,"Quintas de san felipe  Buscaría ayuda del municipio para mejorar la seguridad,el consumo de sustancias y la botadero de basura en el barrio",02:43
2024-11-03 17:58:46,phone,1995-12-11,male,8,10,Feliz,"Trabajar siempre de la mano de todas las personas en general. Generar un buen ambiente de seguridad y bienestar para las familias. La seguridad, la educación, la salud, y la estabilidad económica siempre va a ser la base",SI,La independencia. Invertiría en educación y proyectos para jóvenes y familias.,03:26
2024-11-03 17:28:24,phone,1976-10-31,female,3,5,Un poco ansioso,"Yo cambiaría el bullicio, en qué aspecto, que si alguien desea escuchar música, que haya una norma que le exija no permita sacar a la calle o al antejardín de su casa un bafle a todo volumen para interrumpir la tranquilidad de las demás personas, ya que mis derechos terminan dónde inician otros",SI,No permitiría que en mi barrio haya negocios donde expenden licores y pongan música a muy alto volumen a muy altas horas de la madrugada.,04:43
2024-11-03 13:50:26,phone,1962-04-11,male,9,,Feliz,"Programas de ayuda social,  aseo de parques,  rivera del rio,  patrullar policial",SI,Barrio victoria.  Más aseo de las calles.  Cultura ciudadana,02:38
2024-11-03 13:08:09,phone,1983-12-22,male,10,10,Muy Feliz,"La inseguridad, se que se ha trabajado en eso pero aun falta.",SI,"casa del menor de bosques de Maracaibo, NO restablece los derechos de los niños niñas y adolescentes que estan alli, una problematica.",03:55
2024-11-03 13:02:01,phone,1969-12-10,male,10,10,Muy Feliz,Necesitamos más cultura ciudadana y ser más tolerantes también que hagan más fuentes de empleo,SI,Fátima nesecitamos hacer un frente de seguridad entre todos los vecinos y hacer más actividades para los niños en este barrio,04:05
2024-11-03 12:10:55,phone,1983-09-13,female,9,10,Feliz,Competitividad,SI,La falta de controles de ruido,01:09
2024-11-03 12:07:45,phone,1957-11-08,male,8,7,Feliz,"Me gustaría que cambiaran las personas  que amen la ciudad, que respeten a los ciudadanos, una buena convivencia. Que se quite esa actitud de traquetos que quieren ser los primeros en todo. Que mejore su comportamiento en las vías de acceso carros y motos especialmente. No respetan las señales de …",SI,Alvernia. Mejorar la separación entre comercial y residencial. Fue barrio residencial y permitieron la inclusiónde establecimientos comercia,12:41
2024-11-03 11:03:57,phone,1985-09-17,male,7,7,Neutral,Espacios para deporte y recreación para toda la familia,SI,La cruz,01:00
2024-11-03 10:29:45,phone,1984-10-13,male,6,7,Neutral,"La seguridad, mas espacios para el deporte y mejores vias ya que estan muy deterioradas",SI,"Nuevo Alvernia, seguridad en la parte de atras del nazaret y vias en mal estado, la paso ancho y una cuadra antes del colegio nazaret",05:20
2024-11-03 10:27:40,phone,1977-03-13,male,9,10,Feliz,Que la gente respete.las normas de transito,SI,Pavimentar,01:03
2024-11-03 10:24:39,phone,1985-11-22,female,5,8,Feliz,Seguridad,SI,Lomitas,00:56
2024-11-03 09:41:53,phone,1954-02-09,male,10,9,Feliz,"Más acercamiento a la gente,de parte de nuestra administración",SI,"CRA 27 bis detrás de el colegio caldas,cerca parque infantil , más entretención,a las personas que residen,cursos etc",06:25
2024-11-03 09:19:25,phone,1962-05-29,male,1,,Neutral,Que el señor alcalde traiga más obras para los barrios de Tuluá,SI,Gracias a Dios vivo en el barrio el paraiso donde ungran alcalde lo pavimento lo que Vélez no avía hecho,09:06
2024-11-03 09:01:52,phone,1970-04-27,male,9,8,Feliz,"Muchísima seguridad, más comercio y más distracción sana.",NO,"Barrio Victoria. Para mejorarlo un poco, sería reparar el pavimento de vías, pero eso sale costoso y ustedes suben cotos, para el peculado.",10:30
2024-11-03 08:57:55,phone,1989-05-25,male,4,5,Temo por mi vida,Creería que cambiar de mandatarios y la seguridad.,SI,Seguridad,01:32
2024-11-03 08:47:54,phone,1969-07-08,male,10,10,Muy Feliz,Extorsión,NO,Buenos aires. Señalizacionvial,02:31
2024-11-03 08:41:00,phone,1974-06-28,male,,8,Muy Feliz,Cambiaría al alcalde y sus secuaces,SI,Villa campestre....pa imentos de mi barrio,01:34
2024-11-03 07:59:07,phone,1965-04-03,male,8,8,Feliz,"La seguridad, cultura ciudadana, orden y aseo, incentivar el deporte y actividades culturales, la movilidad, entretenimiento, hacer la ciudad atractiva para que se incentive la industria, comercio y turismo.",SI,Nuevo albernia,07:47
2024-11-03 07:51:32,phone,1960-01-21,female,3,3,Un poco ansioso,"Más cordura y flexibilidad para con las personas, no más maltrato y ayuda para nosotros las personas mayores,y los servicios que nos están llegando muy caros y nos sentimos muy agobiados por este cobro ya no alcanza la plata para el diario vivir gracias",NO,"En el barrio diablos rojos, lo único que mejoraría esos niños que salen casi a la media noche a molestar tocando puertas y salir corriendo",06:39
2024-11-03 07:42:24,phone,1982-03-29,male,9,9,Feliz,Debemos hacer énfasis en el cambio de cultura ciudadana frente a la conducción de vehículos y motocicletas para se respeten y acaten las señales y normas de tránsito no adelantar por la derecha por otra parte culturizar a la gente para mantener limpia y bella a nuestra cuidad,SI,Santa Inés limpieza y encerramiento de lotes abandonados donde Arrojan toda clase de basuras y traen mascotas hacer necesidades y no recogen,08:59
2024-11-03 06:36:01,phone,1987-01-11,male,9,9,Feliz,"Hace mucha falta presencia de agentes de tránsito en especial en el centro y horas picó, gente sin respetar semáforos ni pares,  mucho carro y moto mal parqueados.",NO,"El Palmar   Creo que lo que ha presentado un aumento es la inseguridad en el barrio, más apoyo a los comercios.",10:09
2024-11-03 04:57:34,phone,1964-09-20,female,7,7,Un poco ansioso,La seguridad,SI,Maracaibo la seguridad,02:38
2024-11-03 01:25:34,phone,1982-09-09,female,10,10,Muy Feliz,La inseguridad que hay,SI,Trabajar más con las familias,01:13
2024-11-03 01:15:42,phone,1974-08-27,female,7,9,Neutral,Más empleos,SI,Pavimentar las calles,01:34
2024-11-03 00:34:11,phone,1975-02-26,male,7,8,Feliz,Mayor cultura ciudadana,SI,Salesianos,01:10
2024-11-02 23:56:12,phone,1996-09-09,male,1,0,Muy ansioso,"Mejor atención en salud mental. Genuinamente profesional, cálida y neurovalidante.",SI,La Campiña. Establecer de nuevo una junta de acción comunal,01:33
2024-11-02 23:54:03,phone,1983-12-22,female,5,6,Un poco ansioso,La seguridad y que no haya tanta extorsión,SI,La Moralia,02:10
2024-11-02 23:40:45,phone,1995-11-16,female,9,,Neutral,La inseguridad y más generar más empleo,SI,Barrio bloques de San Luis ordenaria la inseguridad y el aseo y la limpieza del césped del parque y el aseo de los residuos del hogar,06:04
2024-11-02 22:59:16,phone,1984-03-25,male,10,10,Muy Feliz,Más apoyo al comercio legal,SI,Diablos rojos,00:47
2024-11-02 22:50:43,phone,1979-06-05,female,4,4,Muy ansioso,Tranquilidad económica y emociona,SI,Seguridad en cuanto al monitoreo constante de patrulla motorizada ya que los que andan en moto se toman la zona cada 8 días,02:25
2024-11-02 22:47:43,phone,1980-02-12,female,8,6,Neutral,Mejoraría la seguridad y las vias,SI,Manejo de los residuos,00:59
2024-11-02 22:22:40,phone,1962-08-08,female,8,8,Un poco ansioso,Problemas socioeconomicos y de seguridad y salud,NO,Estoy..en Andalucia valle del cauca,03:26
2024-11-02 21:48:27,phone,1967-05-31,male,8,9,Neutral,Concientizar a todos los ciudadanos de la necesidad de orden y disciplina. Ejemplo en la Movilidad en el municipio,SI,Trabajo de socialización en lo ambiental por ejmplo,02:05
2024-11-02 21:30:03,phone,1982-10-09,male,10,10,Feliz,Las vías bien mantenidas y bien señalizadas.,SI,"Victoria. Controlar los habitantes de calle, los consumidores de sustancias psicoactivas y sitios de expendio.",04:48
2024-11-02 21:03:31,phone,1980-11-07,male,7,7,Neutral,"Mayor seguridad, más fuerte de empleo",SI,"Príncipe, seguridad, mayor presencia de policía, pero que paren a las personas y las requisen,  no solo parados en las esquinas chateando",02:27
2024-11-02 20:54:49,phone,1980-03-28,male,10,10,Feliz,Que haya seguridad para disfrutar de la ciudad,SI,Victoria. Arreglo de calles y la seguridad y el bullicio,01:46
2024-11-02 20:54:05,phone,1958-10-15,male,7,7,Feliz,Mejorar civicamente,SI,Alvernia Mejorar la convivencia,02:43
2024-11-02 20:43:42,phone,1979-09-30,male,8,10,Neutral,"La inseguridad, muchas vías con huecos que ya son cráteres, mucho indigentes.",SI,Fatima mejorar la avenida gaitan,04:06
2024-11-02 20:17:50,phone,1970-06-22,female,4,5,Muy ansioso,La seguridad,SI,La villa,02:05
2024-11-02 19:40:19,phone,1997-02-07,female,0,0,Triste,Inseguridad y falta de oportunidades laborales,SI,Guayavanes y mejoraría el botadero indiscriminado de basura ya que esto se presta para robos y que consumidores de alucinógenos,03:00
2024-11-02 19:24:25,phone,1990-08-02,female,4,6,Temo por mi vida,Primero la seguridad debe mejorar al 100% y segundo los contratos laborales exclavisan a los trabajadores en tulua y alrededores,SI,Campoalegre crearía un ciclo ruta tulua andalucia  vía tres esquinas con más dinamismo he inversión en seguridad y promoción,05:39
2024-11-02 19:21:00,phone,1959-01-08,male,10,10,Muy Feliz,Que ahiga  empleo y un sueldo dignó y.salud  y respecto acia el mas desamparado y no lo miren por encima del.hombro,SI,Barrio Guayacanes pavimentar las las calles y.carreras que aun faltan ase falta.unpuesto de salud y una mejor bijilacia policial,12:09
2024-11-02 18:53:16,phone,1966-04-28,female,8,9,Feliz,Los espacios públicos,SI,Entrerrios. Convertir el lcorredor del Jarillon en una zona verde protegida para salir a caminar tranquilamente todos los días,08:43
2024-11-02 17:02:27,phone,1982-09-03,male,2,4,Muy ansioso,"Más oportunidades de trabajo, más turismo en la ciudad y sus alrededores, posibilidades de estudio para mayores de 40 años para mejorar el curriculum",SI,"Las nieves, falta terminar algunas calles y también ayudar a los perros y gatos que habitan en la calle",03:06
2024-11-02 16:33:21,phone,1976-11-02,female,8,9,Feliz,"Más lugares de entretenimiento, más cultura ciudadana",NO,"La Esperanza, más unión",01:08
2024-11-02 16:05:08,phone,1985-06-23,female,10,9,Feliz,La vulnerabilidad que hay con los jóvenes y niños por parte de los  malechores. Que se están retirando de las aulas por están causa,SI,La villa Que hay una caseta comunal y no cumple con su finalidad solo es para alquiler y no realizar programas imder y la casa de la cultura,09:53
2024-11-02 15:58:30,phone,1956-02-19,male,8,8,Feliz,Salud y emplei,SI,Mejores parques biisaludabled,01:01
2024-11-02 15:56:46,phone,1956-02-19,male,9,8,Feliz,Salud y empleo.,SI,,00:47
2024-11-02 15:55:51,phone,1954-06-06,female,4,10,Neutral,Normal,NO,No,17:10
2024-11-02 15:43:35,phone,1962-02-15,male,10,10,Feliz,Que los políticos de turno no se roben todo,SI,Sajonia.el servicio de aseo.veolia es muy ladron,03:09
2024-11-02 15:24:05,phone,1972-09-02,male,9,9,Feliz,"Seguiría el ejemplo de Nayib Bukele, Fé en el Eterno y Todopoderoso DIOS, que hizo los cielos y la tierra, El DIOS de Abraham, Isaac e Israel. Para que El atraves del estudio de la biblia (Josué 1.8) nos limpié de corrupción y nos meta sus cosas buenas y nos use como ciudadanos justos.",SI,"Tomas Uribe Uribe. Realizaría una campaña de cultura ciudadana, para retomar los buenos  principios y valores. Crear una etica social.",06:45
2024-11-02 15:12:58,phone,1979-02-14,female,4,4,Un poco ansioso,Que tu viéramos una vida más tranquila sin tanto temor a salir y más oportunidad para poder salír adelante  por  que con tantas deudas ya no sabemos mos  como vivir,SI,En agua clara  en)  las oportunidades,06:21
2024-11-02 14:45:10,phone,1956-02-25,female,9,10,Neutral,"Empatía, Solidaridad, Respeto, Odio, resentimiento y Competencias leales en la Diversidad, juzgamiento a priori es un detonante para la violencia.. por tanto sí nos pusiéramos en la piel del próximo cambiaría el paradigma de años enquistado en nuestra bello Tulua. Sólo y sencillo es amarnos Hagámosl",SI,Rojas respeto en el uso de equipos de sonido pues nos altera al punto de estrés. Obligándonos a cerrar puertas y ventanas para mitigar el so,18:57
2024-11-02 13:51:31,phone,1958-06-30,female,10,,Un poco ansioso,Más empleo,SI,Urbanización la paz q todos los niños sean felices,02:15
2024-11-02 13:28:24,phone,2000-08-07,male,0,1,Temo por mi vida,Que se largue el alcalde y toda su caterba de inútiles. Sometió al pueblo tulueños a una guerra personal con la inmaculada.,SI,Arreglar las vias,02:01
2024-11-02 13:13:14,phone,1985-03-06,female,5,7,Un poco ansioso,La inseguridad que conlleva a flata de oportunidades laborales,SI,"Marandua, consumo de sustancias al aire libre",01:33
2024-11-01 16:00:07,phone,1973-06-10,male,7,7,Muy Feliz,Que tulua tenga más cara de ciudad y no de pueblo avenidas para mejorar la movilidad edificios que ya no sea mas la iglesia san bartolome la edificación más alta tulua es una ciudad muy importante para el valle pero le falta esa imagen de ciudad,SI,Barrio rojas mejorar las vías en general demasiados huecos y baches,06:28
2024-11-01 14:06:08,phone,1994-06-07,male,,,,,,,00:11
2024-11-01 13:58:33,computer,1988-02-29,male,10,10,Muy Feliz,,,,00:36
2024-11-01 13:36:12,phone,1940-01-25,female,8,8,Feliz,,SI,Pueblo nuevo la seguridad,00:51
2024-10-31 23:58:57,phone,1982-08-31,male,7,5,Neutral,Más inversión del gobierno en la micro empresa y más seguridad policial,SI,Las calles y la vigilancia de las autoridades  prados del norte,02:02
2024-10-31 20:02:46,phone,1955-10-04,male,10,,Muy Feliz,Más compromiso de las autoridades con el pueblo mucho consumo de drogas en los barrios,SI,Villa Liliana acabar con las drogas,03:55
2024-10-31 17:43:30,phone,1989-04-05,male,9,9,Feliz,"Hola soy de medellín y llevo viviendo 10 meses en Tulua, siento que tulua es una ciudad que no tiene bibliotecas ni centros culturales algo indispensable para reducir la criminalidad y la pobreza en el municipio",SI,Villa del sur,01:50
2024-10-31 16:59:37,phone,1963-06-28,female,6,5,Feliz,Quiero que mi ciudad  este mas limpia y que arrglen  Todas esas sonas donde hay mucho monte,SI,Las zonas verdes  estan muy abandonadas,05:05
2024-10-31 16:54:20,phone,1985-01-13,female,7,9,Un poco ansioso,"Hay Calles sin buena iluminación y lugares con deficiencia en este aspecto, y pi no que si se mejora eso, la gente querrá apropiarse de esos espacios y no sentirá temor al cruzar por allí. Seguir hermoseando y poniendo seguridad policial en los espacios públicos.",SI,"Villa del Sur. Cómo en otros sectores adecuar espacios de actividad saludable para el público Bancas para quienes los visitan, e iluminación",07:18
2024-10-31 16:10:21,phone,1967-10-23,female,3,5,Muy ansioso,La seguridad La falta de oportunidades Falta de empatía con las personas mayores,SI,Acondicionamiento de parques y zonas verdes. Pavimentación completa de las calles. Despeje de cañaduzales y lotes baldíos.  Campañas,06:08
2024-10-31 15:48:41,phone,1995-06-01,female,10,10,Muy Feliz,"La seguridad, ya que la gente se está yendo por la inseguridad y los jóvenes están siendo los culpables… educación",SI,Seguridad y cámaras para saber que actos y quien es la persona,01:15
2024-10-31 15:35:18,phone,1986-08-18,female,9,8,Feliz,"Más intervención social en proyectos de desarrollo urbanístico como infraestructura en mejorías viales, intervención en infraestructura abandonas para proyectos de inversión y en educación más apoyo en educación financiera en los Colegios",SI,"Portal de San Felipe,  frente a la avicola a la chica , via a 3 esquinas . Intervención zonas verdes y reductores de velocidad",05:09
2024-10-31 10:16:57,phone,1963-03-09,male,8,9,Feliz,Persecccion de seguridad  Mejor convivencia,SI,Bosques de Maracaibo  Que seamos una comunidad más unida,01:43
2024-10-31 03:35:50,phone,1987-09-03,female,0,3,Muy ansioso,La inseguridad la limpieza de los lotes vacíos más lo que quedan Serca de los colegios que huviera ayudas económicas para mujeres cabezas de hogar,SI,Nuevo farfan que hubieran lugares donde poner la basura para que los animales no la boten,03:18
2024-10-31 01:46:48,phone,1963-05-18,male,10,10,Muy Feliz,"Mejorar el comercio,acabar con el flagelo de la extorsión",SI,Jardin,01:19
2024-10-31 01:21:17,phone,1987-02-06,female,9,10,Feliz,"Adaptaría otro parque por el estilo del parque de la familia, donde sean vigilados por alguien para q sean espacios de sano esparcimiento",SI,"Portal de San Felipe, mejoría la iluminación de la entrada y como queda la entrada del colegio haría q estuviera limpio y podado siempre",03:10
2024-10-31 00:01:51,phone,1995-08-26,female,7,6,Un poco ansioso,"La seguridad, ahora no me siento segura en mi emprendimiento me da miedo poner local. Me da miedo que mis hijos salgan a la calle todo en tiempo nos sentimos inseguros.",SI,"Las nieves, pavimentar calles, control con tránsito la gente estaciona mal y no dejan circular. Rondas de la policía ya que no lo hacen",05:41
2024-10-30 23:28:22,phone,1981-03-14,male,9,9,Feliz,La inseguridad,SI,Veraneras   más actividades deportivas y culturales para la población en general,05:09
2024-10-30 23:19:45,phone,1964-06-09,male,10,10,Muy ansioso,Arreglar muchas calles,SI,La esperanza le haría el polideportivo para que los niños y los adultos mayores tengan un espacio para ellos,04:52
2024-10-30 22:57:32,phone,2001-01-05,female,8,8,Muy ansioso,Actividades al aire libre por los barrios,SI,Villa del sur Mejoraría la situación de los parques,01:35
2024-10-30 22:31:35,phone,1992-06-18,male,8,8,Feliz,"La seguridad y reactivar el comercio a través de eventos públicos, conciertos, planes de descuentos, incentivos para la empresa y la industria",SI,12 de octubre.. mejorar la vaya vial,01:30
2024-10-30 21:12:07,phone,1967-08-03,female,1,,Muy ansioso,Que de verdad los dueños del sistema piensen en el pueblo y lo dejen trabajar&#039;,SI,Avenida cali&#039;&#039;el barrio no es el asunto es la inseguridad que se vive,05:04
2024-10-30 20:29:08,phone,1973-08-27,female,7,6,Neutral,"Las entidades que nos atienden, como la sedama y veolia, hace rato tengo un radicado para pida de árboles,  semana dice que ya mandaron el comunicado a veolia  pero veolia nada,  ka pida es en ka cra 16 entre calle26 a y 26 c de la esperanza en un oracion de la alcaldía, cuando hubo allí un intento",SI,"De la esperanza y urge la poda de unos árboles que generan inseguridad, cra16 entre clle 26a y 26 c de la esperanza, ya huno intento de robo",05:47
2024-10-30 19:34:57,phone,1967-08-21,male,6,4,Un poco ansioso,Tranquilidad.trabajo y 0 Cro delincuencia,SI,Retiro más convivencia con los vecinos  Apoyo y comunicación,04:04
2024-10-30 19:00:03,phone,1954-08-30,male,5,8,Un poco ansioso,"Que se acabé la delincuencia, que la autoridad tome el control, que Tulua sea el paraíso de antes",SI,Morales urbanización la Villa,04:28
2024-10-30 18:41:05,phone,1966-02-02,female,3,4,Un poco ansioso,Promover que todos siembren árboles,SI,La Bastilla,02:28
2024-10-30 18:31:05,phone,1954-02-09,male,10,10,Muy Feliz,Ningún aspecto,SI,Mas entretención,02:33
2024-10-30 17:37:15,phone,1993-09-02,female,10,10,Feliz,Que la via hacia mategudua le hicieran mantenimiento vajo  y subo todos los días a trabajo en la escuelita de halli y cada vez más dañada la via sufre mucho los vehículos por tanta piedras y huecos y todos los que transitamos diariamente,SI,Corregimiento mategudua. Ayudar a seguir conservando la hermosa naturaleza con toda su diversidad que nos rodea,11:29
2024-10-30 17:11:51,phone,1955-04-11,male,10,10,Neutral,La policia el ejército y lavdroga,SI,,01:39
2024-10-30 15:55:43,phone,1975-12-10,male,10,8,Feliz,La  inseguridad . No me siento seguro  en ninguna parte..,SI,En el barrio la santa cruz . Mucho consumo y venta de estupefacientes  y falta pavimentación en la parte baja del barrio.,03:24
2024-10-30 12:12:07,phone,1965-11-01,male,10,10,Neutral,Nuestro comportamiento en las vias mas toleramcia,SI,Panamericano,11:00
2024-10-30 10:07:54,phone,1987-06-04,female,5,7,Un poco ansioso,Cambiaría la inseguridad el temor que ya da salir a la calle y por su puesto las pocas oportunidades de empleo para las que somos mamás y queremos seguir adelante con nuestras vidas,SI,"San Antonio,mejoraría la cancha deportiva y como queda cerca el parque de los sueños,haría un control de ese parque para q dejen tanto consu",03:19
2024-10-30 09:34:43,phone,1968-03-13,female,5,4,Neutral,La educación desde la Flia y la manera de buscar de DIOS. Enseñamos Valores y Principios a nuestros hijos . También enseñándoles el respecto y el Temor por Dios.,SI,Barrio Rubén Cruz .  Mejoraria  el Ruido y la contaminación.  debido al alto fluido vehicular .,07:56
2024-10-30 09:14:48,phone,1980-12-11,male,10,9,Neutral,"Más señalización para vehículos, tapar muchos huecos y más espacios deportivos tanto para jóvenes como para adultos.  Me falto mejorar los parques, más recipientes para depositar basura en los parques y las calles.  Esto me aria muy feliz",SI,"El estado de los parques, más señalización  Soy del barrio la esperanza de tulua",05:13
2024-10-30 09:05:53,phone,1986-03-16,female,9,7,Feliz,Seguridad para tener más tranquilidad,SI,"Barrio Popular, más presencia de lapolicía, se ve mucho consumidor de vicio por esta zona que viene de la casona",01:41
2024-10-30 09:01:19,phone,1963-07-25,female,1,3,Muy feliz,"La seguridad, respeto por el transeúnte, evitar invasión de espacio público por vendedores, vehículos (carros, motos, vendedores)",SI,"Nuevo príncipe,   falta acciones para  basuras sacadas frente a su casa, policía atienda alto volumen de equipos de sonido",08:56
2024-10-30 07:02:02,phone,1969-09-17,female,5,5,Muy ansioso,Salir de deudas no ser más esclava de los gota gota que amenazan y cobran lo que les da la gana,SI,La Paz  espacios para capacitación  de niños jóvenes y adolescentes para que ocupen el tiempo libre,03:24
2024-10-30 06:18:33,phone,1981-06-20,male,2,2,Un poco ansioso,Seguridad,SI,Sajonia seguridad y normalizar tarifas de servicios publicos,02:14
2024-10-30 02:10:15,phone,1998-02-14,female,8,8,Un poco ansioso,"La seguridad de Tulua, más espacios de esparcimiento",SI,Aguaclara  Pavimentar toda la carrilera,01:14
2024-10-29 23:18:27,phone,1955-07-02,male,3,6,Un poco ansioso,,SI,,00:29
2024-10-29 23:09:20,phone,1969-09-01,male,7,9,Neutral,"Eliminar la extorsión con más seguridad, hacer mas parques, mejorar la movilidad con mejores vías",SI,Casas huertas  no tenemos ningún parque para la familia las chatarrerías generan plagas y la ladrillera contaminación   deben ser reubicados,06:06
2024-10-29 22:38:00,phone,1941-10-02,male,2,9,Neutral,,SI,,02:55
2024-10-29 21:41:50,computer,2005-09-02,male,5,8,Neutral,mejores oportunidades de trabajo,SI,portales del rio  yo mejoraría la seguridad en el barrio,03:43
2024-10-29 21:32:03,phone,1965-12-20,female,8,10,Feliz,Seguridad y programas para la gente menos favorecidas,SI,Corregimiento Nariño,01:42
2024-10-29 21:06:56,phone,1993-01-13,female,5,5,Muy ansioso,"Empleabilidad,par auna mejor calidad de vida",NO,El victoria  Apoyo a los emprendimientos,03:24
2024-10-29 20:50:41,phone,1977-09-17,female,6,7,Un poco ansioso,Seguridad  y generacion de empleo,SI,Trinidad  -   seguridad,01:19
2024-10-29 20:25:00,phone,1962-12-13,female,9,9,Feliz,Seguridad,SI,ALVERNIA. Mejorar la presencia de las entidades oficiales. Aprovechar los parques para actividades culturales y restaurarlos.,07:45
2024-10-29 20:18:38,phone,1959-01-17,male,4,4,Un poco ansioso,,SI,Más seguridad y controlar tanto consumidor de estupefacientes en los parques también controlar a los dueños de los perros que hacen popo y n,04:18
2024-10-29 18:31:00,phone,1977-07-03,male,10,10,Feliz,,,,01:51
2024-10-29 18:16:06,computer,1990-01-29,male,5,5,Un poco ansioso,"Mas Zonas Verdes, Ejemplo Boulevard del Lago, organizando la zona verde con plantas endémicas hasta la antigua terminal, generación de empleo, puede ser a través de recuperar la empresa publica o la creación de una ZF. mas espacios para la practica deportiva.",SI,"Príncipe, El parque del príncipe ya es obsoleto, se podría crear unos reductores de velocidad en este para evitar los piques que se realizan",03:16
2024-10-29 16:11:01,phone,1967-03-29,female,10,10,Muy Feliz,Los consumidores de alucinogenos,SI,"Urbanización la villa , el consumo de drogas",02:14
2024-10-29 15:38:11,phone,1974-10-18,female,8,8,Muy ansioso,Erradicar la extorsión y los asesinatos,SI,"La villa.   Normas claras de convivencia  0 ruido, levantar popo de mascotas",02:17
2024-10-29 15:36:46,phone,1948-06-20,male,10,10,Un poco ansioso,"Cultura ciudadana.  Respeto a las autoridades, a las reglas sociales, educación y cultura , respeto a los demas .",NO,Las Delicias.  Respeto a las normas de tránsito.,05:54
2024-10-29 15:22:16,phone,1967-04-05,male,,,Temo por mi vida,,SI,LA SEGURIDAD...TODO TULUA ESTA EN MANOS DE LA DELINCUENCIA,01:43
2024-10-29 13:56:27,phone,1961-09-07,female,6,7,Un poco ansioso,Más beneficios para las personas solas de la tercera edad.,NO,Nuevo principe... Nadie socializa con nadie,01:44
2024-10-29 10:46:55,phone,1989-07-05,female,8,8,Neutral,"Regulación y control social, incremento de la seguridad. Caminar en Tuluá es una eterna sensación de inseguridad",SI,El Palmar. Planes y programas para la ocupación del tiempo libre en los jóvenes,01:38
2024-10-29 09:58:16,phone,1974-04-05,male,9,9,Un poco ansioso,La.inseguridad,SI,Barrio AVE Cali,01:58
2024-10-29 07:06:08,phone,1959-03-29,female,10,10,Muy Feliz,"Que no hayan huecos en las calles, que los vendedores de la calle sean reubicados, que dejen trabajar los extorsionadores y que el alcalde por fin de la cara a su pueblo.",NO,El lago.,03:49
2024-10-29 04:05:11,phone,1988-09-01,female,8,9,Feliz,Traer empresa privada para así facilitar empleos,NO,"El popular, y que le cambiaría la casona",03:52
2024-10-29 03:11:06,phone,1985-05-23,female,5,5,Un poco ansioso,"La inseguridad nos está matando, sino son las extorsiones, son los crímenes, o el miedo generalizado que hay en la gente, desempleo, falta de oportunidades, y a eso le sumamos la falta de cultura, especialmente en el tema del tráfico, salir en cualquier vehículo o hasta a pie es arriesgar la vida.",SI,"San Pedro Claver. Más presencia de la policía, mucho habitante de calle y robos en las casas",03:54
2024-10-29 02:33:48,phone,1984-11-02,female,5,7,Neutral,Dejar trabajar a las personas que se rebuscan en la calle,SI,Tomas uribe hay muchos chirretes locos en las calles,02:08
2024-10-29 01:02:26,phone,1981-01-16,female,9,8,Feliz,Seguridad para salir hacer deporte a los alrededores,SI,Senderos de villa Liliana,01:12
2024-10-28 23:48:51,phone,1987-01-11,female,7,7,Feliz,Más transporte público y menos motoraton,SI,Portal de San Felipe  Más seguridad  Que haya control de equinos,01:17
2024-10-28 22:31:33,phone,1990-03-22,female,5,4,Temo por mi vida,"El ruido de los vecinos con equipos de sonido a todos volumen, la seguridad vial.",SI,"Barrio la santa Cruz, mejoraría el ruido los vecinos no respetan ponen el equipo a todo volumen y no limpian el popo de las mascotas",02:17
2024-10-28 22:16:00,phone,1958-04-17,male,9,10,Feliz,"Que la autoridad de transito hagan cumplir  con las normas que reglamentan la circulación de motos y carros,porque  la mayoría  no respetan  estas normas.",SI,"La seguridad del barrio Popular. Colocar cámaras en la casa,para observar y grabar los incidentes qué ocurran.",05:22
2024-10-28 21:50:34,phone,1952-04-28,female,9,9,Muy Feliz,K se preocupen más por los adultos mayores y los niños,SI,Fatima k en el parque de la flia coloquen aparatos para k podamos hacer ejercicios los mayores,03:22
2024-10-28 21:06:04,phone,1965-01-24,male,10,10,Muy Feliz,"Tulua no debe cambiar, ni nada debe cambiar; son las personas las que deben trabajar en si mismos. Los tesoros están dentro de cada Ser humano",NO,Ya vamos vo en veteda,04:39
2024-10-28 19:51:21,phone,1980-02-04,male,6,,Feliz,En Tuluá toca combatir cien por ciento todo tipo de delincuencia incluida la corrupción,SI,"Barrio Rubén cruz Vélez, mejoramiento de caseta comunal y la atención al usuario en el hospitalito Rubén cruz",06:18
2024-10-28 18:38:23,phone,1997-06-27,female,1,,Temo por mi vida,La inseguridad,SI,Nuevo farfán cambiaría la limpieza,01:27
2024-10-28 15:49:52,phone,1961-05-11,female,4,7,Un poco ansioso,Seguridad y bienestar en los parques,SI,Cuidado con el humedal del lago chillicotte. Más protección a la fauna y flora,02:24
2024-10-28 14:32:52,phone,1980-08-16,female,6,5,Un poco ansioso,"Que se pudiera trabajar tranquilamente la cuidad se siente muy intranquila con tantos homicidios, estorciones poco trabajo",NO,Santa Isabel,01:21
2024-10-28 12:05:08,phone,1949-05-23,male,10,10,Muy Feliz,"Ante todo la seguridad la gente está abandonando la ciudad por muchos motivos extorcion,intolerancia, carestia,abandono,crecimiento delincuencia y aumento habitantes de la calle etc etc etc",SI,En mi Barrio Céspedes aparte del caos total que representa la Cra 30 han crecido demasiado talleres de autos y motos en la calle y andenes.,10:48
2024-10-28 12:02:57,computer,1998-05-09,female,7,9,Neutral,"la igualdad para campesinos y gente de ciudad, la capacidad de adquirir vivienda digna, correctivos judiciales para las cosas que debe el alcalde y su gabinete, la no corrupción en licitaciones y contratos",NO,,02:35
2024-10-28 11:48:22,phone,1971-11-01,female,10,10,Feliz,"Se que en materia de seguridad hemos mejorado significativamente, acá en la galería muchísimos habitantes de calle que hacen que las ventas hayan mermado por qué en mi cuadra ( calle 27 A entre CRA 21-22) mantienen mañana ,tarde y noche fumando y vendiendo !! Cómo institutos gratuitos para ellos !!",NO,"Villa del sur ! Pues mi cuadra es bien , solo uno que otro vecino ruidoso ( y bastante ) los fines de semana ! De resto todo excelente!",03:42
2024-10-28 08:27:37,phone,1992-02-28,female,7,9,Muy Feliz,M,SI,Aguaclara. Mejoraría la vía de la carrilera,00:54
2024-10-28 07:16:07,phone,1975-10-01,female,7,7,Muy Feliz,Nuevas fuentes de empleo,NO,Bolivar,01:00
2024-10-28 07:15:21,phone,1978-01-11,female,4,4,Un poco ansioso,La inseguridad y falta de oportunidad laboral,SI,Corregimiento de Nariño tantas cosas que hay para hacer por este lugar los jóvenes son más los metidos en las drogas,03:04
2024-10-28 03:52:41,phone,1980-02-29,female,7,7,Neutral,Inseguridad,NO,Villa campestre,03:08
2024-10-28 02:32:23,phone,1956-09-01,male,6,,,,,,01:35
2024-10-28 00:10:42,phone,1981-07-14,male,8,7,Neutral,Que no extorsiónen tanto a la gente y que se ataque con contundencia a las bandas de la ciudad más empresas para nuestra ciudad,NO,Escobar,02:36
2024-10-27 23:57:33,phone,1983-04-09,female,5,9,Neutral,Mejores acciones del alcalde,SI,Pavimento,02:16
2024-10-27 22:47:36,phone,1975-07-13,female,8,10,Feliz,La seguridad de poder caminar por las calles sin estar asustado esperando un raponazo. Poderme sentar fuera de mi casa a refrescarme sin miedo a que vengan a robarme.,SI,"Panamericano. La iluminación es poca, falta señalización y preeencia de la autoridad. Aún se hace piques de motos por este lugar",02:10
2024-10-27 22:46:52,phone,1956-03-25,male,7,8,Neutral,"En la vía (la 40) a Buga, frente al costado del Colegio Gimnasio del Pacífico se han presentado muchos accidentes de tránsito, porque hay vehículos que giran a la  izquierda para entrar a ciudad Campestre.  Una rotonda o semáforo.  Pero los motocicletas no respetan semáforos.  Que tristeza.",NO,Miraflores  Limpieza en los alrededores del Colegio Gimnasio (llevan basuras),08:03
2024-10-27 22:18:52,phone,1992-01-13,female,7,8,Feliz,Mas seguridad para nuestras familias y  no más delincuencia en nuestra comunidad,SI,Villa  margarita parque mas iluminados para así no tener delincuentes escondidos,04:12
2024-10-27 21:39:44,phone,1967-07-23,female,3,6,Temo por mi vida,Que el al calde solucione lo de la bulla en los barrios,SI,La bulla de los vecinos,02:24
2024-10-27 18:11:12,phone,1956-02-19,male,8,8,Feliz,Salud.y empleo directo del municipio.aprovechar los espacios públicos para generar empleo.y  puentes desde la harina al norte y sur y aprovechar ese emporio natural que es el RIO .,SI,"Más luz,espacios para ventas y seguridad",04:21
2024-10-27 16:03:10,phone,1956-02-19,male,8,8,Feliz,Empleo.salud sin tener que salir de la ciudad.,SI,Iluminación y mayor entretenimiento en los parques.,03:00
2024-10-27 15:18:56,phone,1983-01-12,female,5,6,Feliz,Seguridad y fuentes de empleo,SI,Programas de formación y capacitación,01:07
2024-10-27 09:08:39,phone,1966-01-02,male,2,2,Neutral,Un  empleo,SI,Señalizar las vias,04:20
2024-10-27 09:08:00,phone,1985-07-21,male,3,3,Temo por mi vida,Mejores oportunidades de empleo y mayor seguridad en el municipio,SI,Salesianos,01:03
2024-10-27 08:26:38,phone,1970-06-26,female,7,8,Muy Feliz,"Mayor inversión social buscando generar espacios positivos para evitar que nuestros niños jóvenes y adolescentes se involucren en actividades ilicitas onse relacionen mal ,generar espacios de paz amor y sana convivencia. Evitar tanto papeleo administrativo y ejecutar acciones que impacten",SI,"En la esperanza, generaría espacios de sano esparcimiento para la población",03:54
2024-10-27 07:42:58,phone,1959-02-24,female,3,4,Un poco ansioso,Seguridad,SI,Fatima reparar calles,01:41
2024-10-27 05:40:32,phone,1969-04-10,female,8,8,Un poco ansioso,La inseguridad,SI,Jazmin Tendría que sacar del barrio varios focos de  personas que nos están quitando la tranquilidad,05:19
2024-10-27 00:36:40,phone,1970-04-28,female,9,9,Feliz,Cambiaría que no hubiera tanto asesinato en nuestra ciudad de la ciudad tuluá que todo fuera armonía paz y entre familias y amistades y vecinos,SI,Yo vivo en el barrio Rubén Cruz Vélez que hubiera mas espacios de recreación para los jóvenes y niños compartieran en familia,05:48
2024-10-26 22:11:40,phone,1975-10-21,female,2,5,Un poco ansioso,Ayuden más alas madres cabeza de hogar nesecitamos también la encuesta del sisben,SI,Las nieves,01:19
2024-10-26 21:35:36,phone,1980-06-08,female,8,7,Un poco ansioso,Cultura vial y de espacio publico,SI,"El condor dos, mejoraria las luminarias, pavimentar la calle 13 c y traer juegos nuevos al parque",01:39
2024-10-26 21:00:14,phone,1966-02-04,male,,,Temo por mi vida,La seguridad y la extorsión. Trabajo para todos,SI,LA SEGURIDAD,02:36
2024-10-26 19:57:25,phone,1952-04-09,male,10,10,Muy Feliz,Más educación. Ad dinero para el ministerio de educacon lo que no vemos de los políticos que no lo dicen y el pueblo sin educación es un pueblo ciego sin esperanza % educación con cultura nacional % todo autóctono idiomas ancestros autóctono y español latinoamericano y caribeño menos inportacion de,SI,Barrio jasmin la cra40 lago este.mas control del ambiente redes de cloacas sr vrn respuestas  al ambiente rstudio para mejorar su calidad am,13:03
2024-10-26 18:07:34,phone,1975-12-18,male,7,8,Neutral,La seguridad,SI,Victoria,01:02
2024-10-26 17:42:20,phone,1981-09-21,female,8,9,Neutral,La seguridad,NO,La maeina,01:16
2024-10-26 15:34:00,phone,1989-05-08,female,2,2,Un poco ansioso,Seguridad vial y oportunidades laborales,SI,"Barrio Popular, actividades en el parque para que sean ocupafos de nuevo por los niños y las familias",01:33
2024-10-26 15:33:21,phone,1979-03-11,male,9,10,Feliz,Mas presencia policial. Mucha delincuencia y a la vez sicariato. Tulua esta escaso de policias,SI,Vivo en el barrio el  paraiso . ser un veedor y terminar de darle un mejor aspecto a la cancha de futbol. Embellecerla.,03:50
2024-10-26 14:30:49,phone,1967-09-21,female,2,5,Un poco ansioso,Que haya buena oportunidad de adquirir vivienda para desplazados por la violencia.,NO,,02:21
2024-10-26 11:15:25,phone,1956-02-19,male,8,8,Feliz,"Mejorar fuentes de empleo.y recuperar espacio publico.no perder la posibilidad de hace una obra maestra,en la anterior estación del tren.fijar los ojos hacia las orillas del rio,aprovechar su  esplendor.mediante servicios y entretenimiento y darle vida al globo terrenal del sector de la estación San",SI,Equipamiento para trabajo fisico.iluminacion y seguridad.,06:06
2024-10-26 09:44:22,phone,1956-02-19,male,8,9,Feliz,Tienen en la vieja ESTACIÓN la  oportunidad de hacer otra ESPECTACULAR obra de marca mayir.debe ser algo que produzca orgullo.,SI,Máquinas e instructores de guia.,04:18
2024-10-26 09:06:41,phone,1960-06-06,male,8,8,Neutral,"La paz , la tranquilidad",SI,"La Villa , limpieza , camaras en buen estado",03:20
2024-10-26 09:00:44,phone,1974-03-24,female,7,10,Feliz,Q se pueda caminar por los andenes libremente si tener q vajarse ala calle,SI,Más presencia de las autoridades  de policía o militares  Barrio santa cruz,04:30
2024-10-26 08:30:56,phone,1956-02-19,male,8,8,Feliz,Servicio medico.mas atención local.menos traslados a otros pueblos para.atención medicinal.,SI,Equipos biosaludables.iluminación y seguridad.,03:17
2024-10-26 07:16:15,phone,2002-05-28,female,3,6,Neutral,La inseguridad,SI,Fátima,08:33
2024-10-26 01:16:59,phone,1958-03-24,male,5,8,Un poco ansioso,Mayor compromiso por parte de la alcaldía y de la ciudadanía de mantener los parques y zonas verdes en perfecto estado a igual que las vías por dónde circulamos.,SI,"Las Acacias, más vigilancia para el lago y que la policía ambiental permanezca en el CAI para controlar y proteger este humedal",07:38
2024-10-25 20:20:40,phone,1986-10-21,male,8,9,Un poco ansioso,"Es necesario crear espacios de esparcimiento, el paquete de la familia es un caos, el lago chilicote da miedo ir porque se volvió un centro de consumo, el estadio no está disponible, se necesitan parques y lugares adecuados para el esparcimiento familiar que provean seguridad y tranquilidad.",SI,"Sajonia, intervenir el lago chilicote.",02:37
2024-10-25 18:09:13,phone,1962-03-19,male,8,9,Muy Feliz,"A veces pienso en la seguridad mía y de mi familia,eso es algo que crea un poco de ansiedad en mi",SI,"Alameda 1,y trataría de hacer campañas para que no tienen tanta basura en la transversal 12,también hay mucho perrito abandonado en la calle",03:02
2024-10-25 17:27:12,phone,1976-11-30,male,10,7,Neutral,La seguridad la movilidad y que las entidades de la alcaldía estén más con la comunidad,SI,Bosques de Maracaibo nos falta parques para nuestros niños seguridad y las vias,02:02
2024-10-25 17:12:35,computer,1996-07-09,male,10,9,Un poco ansioso,,SI,,00:30
2024-10-25 16:09:24,phone,1956-02-19,male,8,8,Feliz,"Servicios de medicina,sin tener que viajar a otro lado.mas eficiencia en la terminación de las obras publicas.tener  capacidad para aprovechar la margen del rio,con políticas que incluya entretenimiento,fuente de empleo y sentido de pertenencia por el afluente.se ha desperdiciado esa belleza natural",SI,Seguridad.en más iluminación y mejores implementos de máquinas biosaludables y control policial.,09:50
2024-10-25 15:58:51,phone,1969-06-06,male,10,10,Muy Feliz,Mejorar los centros recreacional es y algunas zonas viales,SI,Que quiten los antejardines que algunos habitantes de este sector colocaron en las zonas peatonales,02:56
2024-10-25 11:19:09,computer,1976-03-08,female,8,10,Muy ansioso,el chisme,SI,"Alvernia, estimular el trabajo en comunidad el los parques",00:51
2024-10-25 07:13:02,phone,1967-05-06,male,10,10,Feliz,La seguridad,SI,Jazmín y mejoraría el tránsito vehicular,01:11
2024-10-25 04:01:37,phone,1967-09-04,female,10,10,Feliz,"Educar y concientizar al ciudadano en respetar las cebras, semáforos,y que haya una ley para los padres de familia en tener en sus hogares a los niños y jóvenes de 17 años y 11 meses en sus casa a las 10 00pm ya dentro de ellas así nos evitaríamos juventud perdida en vicios y rumbas sin sentido",SI,"El barrio Horizonte y me gustaría que nos apoyarán con el arreglo de parque el horizonte,se que toda la comunidad de alrededor nos apoyarían",07:00
2024-10-25 02:44:03,phone,1982-06-26,male,6,6,Muy ansioso,La seguridad que la atencion en salud sea de mejor calidad,SI,En el barrio el bosque  que recibamos el apoyo de entidades competentes para la seguridad,02:12
2024-10-24 23:10:41,phone,1984-06-22,female,10,8,Un poco ansioso,Que tuviera más programas para jóvenes y adolescentes,SI,Vivo en villa liliana me gustaría mejorar los parques ya q contamos con los espacios de zona verde pero faltan juegos para los pequeños,02:44
2024-10-24 21:35:12,phone,1976-11-13,male,5,7,Muy ansioso,La seguridad de mi ciudad  es lo primordial,SI,Peñaranda,02:24
2024-10-24 20:45:53,phone,1985-05-04,male,7,8,Un poco ansioso,"En Tuluá falta mucho control con el flujo vehicular, carrera 40 es súper peligrosa, muy importante controlar los  piques  para este 31 de octubre, puede ser lamentable el resultado, es impresionante...",SI,,02:01
2024-10-24 19:52:45,phone,1980-06-21,female,8,8,Feliz,"La seguridad, oportunidades laborales.",SI,"MARACAIBO  Grupos de apoyo, capacitaciones.",01:21
2024-10-24 19:35:48,phone,1979-02-13,male,6,6,Muy ansioso,Oportunidades de  negocios,SI,Barrio playas más cultura ciudadana,03:48
2024-10-24 18:58:45,phone,1997-04-16,male,4,4,Neutral,Más trabajo para personas con discapacidad tengo una discapacidad y soy profesional con posgrado y no consigo trabajo,SI,Farfán más rampas,01:35
2024-10-24 18:23:28,phone,1957-03-03,female,10,10,Feliz,La seguridad y que halla más igualdad,SI,Corregimiento de Bocas de Tulua,01:39
2024-10-24 18:16:11,phone,1993-05-03,female,6,8,Un poco ansioso,"La seguridad, poder salir un poco más tranquila",SI,La carrera 30....Las calles les falta pavimentación y orden sobre esa carrera tan principal de la ciudad,01:34
2024-10-24 17:59:25,phone,1948-02-13,female,8,8,Neutral,La inseguridad,SI,Urbanización el Dorado. Más colaboración de los vecinos para el bienestar del barrio,07:32
2024-10-24 14:33:27,phone,1984-07-11,female,8,8,Un poco ansioso,"El tema de orden público, más seguridad que uno pueda tranquilamente poner un negocio de algo así sea pequeño pero estar tranquilo",SI,"Marandua, mejoraría las calles tienen huecos",04:08
2024-10-24 11:39:39,phone,1996-08-09,female,8,10,Feliz,La seguridad,SI,"El Bosque, campañas educativas y programas sociales.",00:51
2024-10-24 08:41:54,phone,1970-02-03,female,10,9,Feliz,Que el estado se preocupe por combatir la drogadicción y generar espacios para los jóvenes,NO,San Vicente  Mejoraría que tengan control con los habitantes de calle que no hagan sus necesidades en los andenes,02:37
2024-10-24 08:17:25,phone,1979-01-26,male,9,9,Feliz,"Ejecutar el POT, aplicar urbanismo y paisajismo intenso para darle una cara más fresca y moderna a Tuluá,. Promover leyes para Limpiar las fachadas de establecimientos comerciales y casas. Controlar y reducir al mínimo la mendicidad foránea y los habitantes de calle. Mejorar vías pruncipal",SI,"Centro/Salesianos- Mejorar las luminarias, públicas desplazar la mendicidad y habitantes de calle",19:46
2024-10-24 06:47:42,phone,1986-11-22,female,7,10,Feliz,Seguridad,NO,"Popular, seguridad",01:02
2024-10-24 01:38:17,phone,1988-05-29,female,7,8,Feliz,Bajar índices de inseguridad y sicariato,SI,Las Américas - más unión entre vecinos,01:11
2024-10-23 22:57:04,phone,1976-05-30,female,8,8,Feliz,La seguridad.para la smineres y niñas..,SI,Villa del sur..más brigadas de salud y cine al  parque.,02:25
2024-10-23 22:40:59,phone,1996-02-09,male,0,5,Muy ansioso,"Trabajo, mucho trabajo para las juventudes",SI,"La iluminación, lla pavimentación de las carreteras y la seguridad",01:17
2024-10-23 21:39:50,phone,1980-02-12,female,9,9,Neutral,La inseguridad,NO,Lomitas,01:26
2024-10-23 21:16:26,phone,1951-10-15,female,10,,Feliz,La inseguridad mediante las  vacunas  de los grupos terroristas.,NO,Victoria,02:47
2024-10-23 21:13:14,phone,1985-08-31,female,2,2,Muy ansioso,"Una ciudad con oportunidad laboral, una ciudad tranquila sin violencia sin el miedo constante de salir a la calle y encontrarte con que te asalten o con la muerte, he sido víctima en varias ocasiones de asaltos y eso me dejó traumatizada",SI,"Fátima, poner cámaras y alarmas comunitarias y mas iluminación",02:27
2024-10-23 21:11:36,phone,1960-11-16,female,6,10,Feliz,La seguridad y los centros de salud,SI,"Villacampestre,  arreglar las calles",01:28
2024-10-23 20:56:06,phone,1997-07-30,female,6,4,Muy ansioso,"Muchas cosas, empezando por el orden público, lleno de policías y agentes de tránsito corrupto y tenemos un alcalde que se la pasa escondido por miedo.",SI,"Bosques de Maracaibo, la junta de acción comunal tiene el barrio un poco desamparado, está sucio y con basura",01:17
2024-10-23 20:15:38,phone,1991-01-08,male,8,10,Feliz,"Traer inversión extranjera de empresas que generen oportunidades de empleo, y traería nuevas universidades para ampliar la oferta educativa en el municipio",SI,"Saman del norte, mejorar el acceso en las vias y un reordenamiento vial, es uno de los barrios con mayor accidentalidad del municipio",02:53
2024-10-23 19:49:21,phone,1967-06-05,male,8,8,Feliz,La inseguridad,SI,"La herradura,  más iluminacion",01:15
2024-10-23 19:00:18,phone,1976-03-08,female,8,10,Feliz,Más oportunidades para niños y jóvenes,SI,"Albernia, camaras de vigilancia",02:22
2024-10-23 18:39:37,phone,2003-06-09,female,10,10,Neutral,,,,00:36
2024-10-23 16:44:00,phone,1958-04-16,male,8,8,Muy ansioso,Colocar luces a la cancha de fútbol en el barrio el Bosque y colocar más seguridad.,,,01:40
2024-10-23 16:22:04,phone,1995-12-31,male,5,4,Un poco ansioso,Campañas de estudio para todos en distintas ramas y oportunidades laborales para los jóvenes,,,01:05
2024-10-23 15:52:44,phone,1974-10-29,female,10,,Neutral,Inseguridad,,,00:35
2024-10-23 15:29:14,phone,1983-06-23,female,7,8,Un poco ansioso,La inseguridad,,,01:18
2024-10-23 15:14:14,phone,1991-03-04,female,6,7,Un poco ansioso,"Mi trabajo, quiero un trabajo con mejor salario",,,00:49
2024-10-23 13:46:34,computer,1988-02-29,male,10,10,Feliz,,,,00:50
2024-10-23 12:03:46,phone,1991-04-15,male,7,10,Feliz,Más inversión en lo social educación recreación y bienestar además de empleo,,,01:13
2024-10-23 09:42:41,phone,2008-02-10,male,0,0,Temo por mi vida,El Alcalde,,,00:43
2024-10-23 09:16:38,phone,1955-03-31,male,8,8,Neutral,De seguridad,,,02:54
2024-10-23 07:52:17,phone,1977-08-31,male,10,10,Muy Feliz,"Recuperación de muchos andenes y calles en toda la ciudad. Construcción de andenes sobre la recta ente la piscina olímpica y los olivos. Señalización de las vías, hace mucha falta. La contunuacion de la calle que va desde la Herradura hasta el paso nivel de la calle 25 con  proyecto actual de calles",,,08:29
2024-10-23 06:52:53,phone,1973-12-10,male,8,10,Feliz,"Seguridad, oportunidades para los jóvenes",,,05:25
2024-10-23 02:07:29,phone,1972-04-21,female,7,7,Neutral,La inseguridad,,,02:50
2024-10-23 01:09:42,phone,1991-09-19,female,8,9,Neutral,"Mejoramiento de la economía y seguridad, que la gente no tenga miedo a invertir en Tulua y a apoyar el comercio local",,,04:25
2024-10-22 23:46:44,phone,2002-02-12,female,3,4,Un poco ansioso,Me gustaría que hubieran lugares más iluminados y más acompañamiento policíal en bosques yde Maracaibo,,,02:30
2024-10-22 23:12:41,phone,1984-08-14,male,7,7,Neutral,"Posicionamiento de industria en Tuluá, para obtener un mejor empleo. Construcción entidades de salud nivel 3 y 4 para no gastar, tiempo, dinero e integridad trasladándome hasta Cali.",SI,Ciudadela parque Central (Moreno Tafurt). Instalación de puestos de salud.,37:41
2024-10-22 22:00:46,phone,1987-02-07,female,0,0,Temo por mi vida,"La inseguridad, desigualdad, desempleo, falta de oportunidades, la violencia, el maltrato animal",,,02:25
2024-10-22 21:50:57,phone,1966-08-15,male,3,5,Temo por mi vida,"Oportunidad de empleo, que no saquen los trabajadores por cambio de administración, lo e vivido dos veces y es lo peor.",,,01:52
2024-10-22 21:42:27,phone,1975-07-23,female,4,4,Neutral,"La extorsión, los huecos sobre todo los de centroaguas q no tapan buen y nadie dice nada , la corrupción de los gobernantes, la falta de oportunidades",,,02:51
2024-10-22 20:36:36,phone,1968-05-04,male,,3,Temo por mi vida,,,,00:49
2024-10-22 20:12:16,phone,1963-04-08,male,1,3,Un poco ansioso,Gue degen trabájar lgente enlascalles esomuebe el Pueblo porgue hitrbajo paratodo mundoo yaiplata Paratodos,,,05:47
2024-10-22 19:01:23,computer,1954-11-12,female,8,8,Feliz,"LA SEGURIDAD , AUNQUE HA MEJORADO",,,01:27
2024-10-22 18:28:33,phone,1966-09-17,female,9,9,Neutral,"Más Seguridad para nuestras Vidas, porque lamentablemente el pueblo que nos ha visto nacer es algo invisible😢 Que la canasta familiar y los servicios que debemos pagar si o si sean más accesibles para todos…",,,03:24
2024-10-22 18:22:04,phone,1980-05-31,female,5,6,Neutral,"La seguridad ,ya que uno tiene ganas de progresar montar negocio pero la verdad da miedo",,,02:10
2024-10-22 16:39:55,phone,1974-10-06,female,7,7,Un poco ansioso,,,,01:24
2024-10-22 09:50:46,phone,1940-08-26,male,6,5,Neutral,Cambiar... No. Mejorar la educación.,,,02:49
2024-10-22 04:51:09,phone,2005-08-08,female,8,5,Feliz,"Mi gustaría que ayudarán más a la comunidad, Y dieran más empleo",,,01:46
2024-10-22 04:49:03,phone,1985-10-27,female,8,10,Temo por mi vida,Seguridad,,,01:08
2024-10-22 04:01:31,phone,1972-03-04,female,10,10,Un poco ansioso,Hacer las cosas bien en mi trabajo,,,00:49
2024-10-21 21:59:51,phone,1979-09-30,male,10,9,Neutral,Seguridad  y sin extorsión,,,01:22
2024-10-21 21:16:19,phone,1963-05-05,male,1,,Muy ansioso,,,,00:43
2024-10-21 20:50:43,phone,1961-09-07,female,3,3,Neutral,"Más ayuda al adulto mayor..recreación,,apoyo..",,,02:05
2024-10-21 20:12:30,phone,1980-03-29,female,10,9,Un poco ansioso,La seguridad,,,00:42
2024-10-21 19:48:26,phone,1976-11-02,female,8,9,Feliz,"Más sitios de entretenimiento, centros comerciales con marcas novedosas, paseos ecológicos, etc.",,,01:41
2024-10-21 19:06:17,phone,1985-08-30,female,5,5,Muy ansioso,La seguridad y actividades deprotivas en todos los barrios para niños y adultos,,,01:39
2024-10-21 18:45:14,phone,1981-09-04,male,3,5,Temo por mi vida,La seguridad,,,00:37
2024-10-21 18:19:37,phone,2000-04-10,male,8,6,Un poco ansioso,Seguridad,,,00:38
2024-10-21 17:11:33,phone,1966-09-06,female,8,9,Feliz,Cumplimiento de las normas de tránsito,,,00:47
2024-10-21 16:10:48,phone,1997-06-07,male,7,7,Neutral,Más seguridad,,,00:49
2024-10-21 14:25:43,phone,1972-03-29,female,7,7,Feliz,Seguridad,,,00:33
2024-10-21 14:03:38,phone,1990-08-26,female,5,5,Muy ansioso,Trabajo estable,,,00:29
2024-10-21 13:58:46,phone,2023-05-24,male,7,8,Feliz,Diría que la seguridad,,,00:38
2024-10-21 13:44:53,phone,1990-08-10,male,0,0,Muy ansioso,"Que renuncie el señor Alcalde Gustavo Vélez Román y toda su caterva de compinches incompetentes. Pusieron a la población tulueña y al comercio como carne de cañon en su guerra personal, dejo claro que la Oficina es una banda de delincuentes y que les caiga todo el peso de la ley.",,,03:46
2024-10-21 12:45:17,phone,1993-11-12,male,5,8,Un poco ansioso,"Mejores oportunidades de trabajo, para tener una mejor vida",,,00:53
2024-10-21 12:41:22,phone,2000-07-04,female,8,10,Muy Feliz,"La seguridad, poder emprender sin miedo, poder salir sin miedo, poder encontrar más desarrollo, que deje de parecer un pueblo y se parezca más a una ciudad.",,,01:14
2024-10-21 11:49:48,phone,1998-01-26,female,5,3,Muy ansioso,La seguridad,,,00:30
2024-10-21 11:21:07,computer,1985-07-10,male,10,6,Neutral,mas aopyo a los comerciantes para que no se tenga que ir de tuluá y atacar con mas fuerza a las bandas criminales,,,01:26
2024-10-21 09:44:26,phone,1956-11-02,male,7,9,Neutral,Lo más importante seguridad con seguridad viene todo lo demás y mejorar el servicio de salud,,,02:39
2024-10-21 09:20:13,phone,1981-06-05,female,8,10,Feliz,Mayor inversión social; no somos cemento ni vias.,,,01:04
2024-10-21 08:29:02,phone,1984-07-18,female,6,10,Muy ansioso,La seguridad tiene que mejorar en todos los aspectos y el abuso de los servicios públicos,,,02:56
2024-10-21 02:15:10,phone,1978-08-26,female,4,3,Un poco ansioso,Mejorar la seguridad y la dinámica de la economía que se encuentra en decadencia.,,,00:54
2024-10-21 02:13:33,phone,1978-04-10,male,8,8,Temo por mi vida,Condiciones de ingreso y salida de mi barrio ejemplo pavimento y demarcación cambiar aspecto deprimido del sector,,,01:55
2024-10-21 00:45:04,computer,1967-09-11,female,6,8,Un poco ansioso,"Arborización de las vías, espacios públicos con frutales nativos, las altas temperaturas mortifican y enferman. La contaminación auditiva mejorar. Actividad cultural, acceso a la educación de calidad y sobre todo empleo para la gente",,,03:50
2024-10-20 23:25:29,phone,1982-05-16,female,6,6,Un poco ansioso,Faltan más actividades culturales y deportivas gratuitas para toda la comunidad,,,00:44
2024-10-20 23:19:51,phone,1965-09-06,male,0,,Neutral,Que hayan más sitios como clínicas oficinas y sitios bancarios con unas buenas rampas para nosotros las personas en condición de discapacidad,,,03:30
2024-10-20 23:03:23,phone,1968-12-02,female,10,10,Neutral,Haya seguridad.,,,01:28
2024-10-20 22:54:16,phone,1951-10-06,male,9,9,Muy Feliz,Que la administración municipal fortalezca al campo,,,02:38
2024-10-20 22:44:15,phone,1955-04-16,male,8,,Feliz,La recuperación económica y social,,,00:27
2024-10-20 22:07:31,phone,1954-11-11,female,,,Un poco ansioso,La falta de pertenencia de algunase personas ydel go ierno municipal.,,,01:31
2024-10-20 20:11:33,phone,1986-07-31,female,7,8,Feliz,Super bien,,,00:34
2024-10-20 18:57:38,phone,1962-10-15,male,6,3,Un poco ansioso,Seguridad,,,01:40
2024-10-20 17:40:58,phone,1956-04-17,male,8,10,Feliz,Mejorar la presencia de las autoridades en todos los aspectos,,,02:03
2024-10-20 17:18:08,phone,1975-07-02,female,8,10,Feliz,Las extorsiones,,,01:18
2024-10-20 11:03:27,phone,1955-10-07,male,10,10,Muy Feliz,La seguridad,,,01:07
2024-10-20 11:02:49,phone,1970-03-28,male,5,3,Un poco ansioso,Más seguridad,,,00:59
2024-10-20 10:34:45,phone,2010-07-20,female,7,7,Neutral,Seguridad,,,01:13
2024-10-20 10:33:57,phone,1970-10-19,female,9,10,Feliz,Mejorar la seguridad,,,01:15
2024-10-20 10:19:26,phone,1969-07-30,female,10,10,Muy Feliz,"La seguridad, la falta de cultura ciudadana con las basuras y con el cumplimientobde las normas de transito",,,02:13
2024-10-20 01:38:27,phone,1967-09-04,male,6,7,Muy ansioso,Lo cultural y la recreación,,,02:17
2024-10-20 01:33:19,phone,1964-05-30,male,8,9,Neutral,La corrupcion,,,00:47
2024-10-19 23:28:36,phone,1949-09-09,male,7,10,Un poco ansioso,Seguridad,,,01:04
2024-10-19 22:39:58,phone,1991-03-04,female,9,10,Muy Feliz,"Que nos entreguen los lotes de Terranova que el alcalde actual se gastó la plata y se olvidó de su pueblo. La seguridad, generación de empleo, arreglo de vías y apoyo de la alcaldía",,,03:36
2024-10-19 21:01:56,phone,1980-01-17,female,4,7,Un poco ansioso,Que hicieran una calle de rumb paradultosnuna viejotec para conocer gente compartir exoeriencias,,,00:55
2024-10-19 20:28:54,phone,1977-11-20,female,6,6,Neutral,Más entretenimiento..,,,01:04
2024-10-19 19:03:46,phone,1962-08-20,male,8,8,Feliz,"La corrupción, intereses personales de los alcaldes, la falta de compromiso del servicio a la comunidad, el abandono de vías y parques.",,,04:54
2024-10-19 18:23:24,phone,1977-02-22,female,8,7,Un poco ansioso,"Ante todo su seguridad, y más oportunidades de empleo",,,01:11
2024-10-19 18:17:30,phone,1955-07-28,female,10,10,Feliz,La seguridad,,,00:38
2024-10-19 17:35:11,phone,1961-03-05,female,10,10,Muy Feliz,"Más oportunidades de laborar para el adulto mayor de 60. Sistema de salud. Estratificación en barrios, donde las casas están rodeadas de talleres mecánicos, casa de cita, bebederos y manejan estrato 3. En calle 18 con cra 28 A seguridad peatonal. Rebajar tarifa de Barrido de calle y alumbrado. 🤝",,,09:44
2024-10-19 17:08:35,phone,1973-10-17,male,9,10,Feliz,En lo físico las vías internas en la ciudad están tanto el deterioro de ellas.  Plantaría flores en las entradas a nuestro municipio jardines se puede hacer  Con respecto a las personas trataría de armonizar y generar sentido de pertenencia en cada uno de los habitantes de nuestro municipio,,,02:36
2024-10-19 14:44:31,phone,1988-02-08,female,6,6,Un poco ansioso,La violencia que consigo a trsido desempleo,,,00:55
2024-10-19 13:55:18,phone,1989-06-05,female,9,9,Neutral,"Aumentar la seguridad, que se entregue el proyecto de Terranova liderado por la alcaldía e infitulua pues hace 5 años que están en mora de responder a los ciudadanos que invertimos allí",,,01:33
2024-10-19 12:31:06,phone,1979-08-15,female,,3,Temo por mi vida,"La delincuencia,la extorsión, q conllevan a pobreza y ambre",,,01:00
2024-10-19 11:17:25,phone,1985-02-26,male,10,9,Muy Feliz,Que renuncie el inepto del alcalde que no sirve pa un culo,,,00:38
2024-10-19 09:39:11,phone,1974-10-17,female,9,9,Neutral,La inseguridad,,,01:03
2024-10-19 08:02:02,phone,1962-12-20,male,7,9,Un poco ansioso,"La seguridad, creo que es algo que deve cambiar por el bien de todos",,,02:14
2024-10-19 02:48:27,phone,1962-04-04,female,10,10,Feliz,Taparia las calles rotas,,,01:33
2024-10-19 01:50:42,phone,1991-09-19,female,5,6,Temo por mi vida,"Que esa pregunta sobra, la seguridad en Tuluá está pésima, se tiraron la cuidad, el comercio ...todo está carisimo es el colmo ..tantos años de trabajo y estamos viendo empresas cerrar todos los días ...es una presión psicológica , es muy triste ver la cara de las personas de preocupación .el señor❤",,,02:45
2024-10-19 01:41:48,phone,1955-04-16,male,8,10,Feliz,Inversión y recuperación de centro de comercialización y prestación de servicios,,,00:52
2024-10-19 00:45:36,phone,1998-10-23,female,10,10,Feliz,La seguridad para la ciudadanía y los empresarios independientes,,,01:11
2024-10-19 00:44:35,phone,1991-05-31,female,9,10,Feliz,"La seguridad, la tolerancia, el respeto por el peaton, crear cultura.",,,03:31
2024-10-18 23:23:59,phone,1960-07-15,male,1,,Feliz,Trabajo es difícil para los de la tercera edad,,,01:36
2024-10-18 22:34:04,phone,1990-09-04,female,5,6,Un poco ansioso,La seguridad y la movilidad,,,00:36
2024-10-18 21:47:54,phone,1978-01-24,female,6,6,Neutral,que los jóvenes que consuman sus drogas no lo hagan en los parques qué están los niños jugando.hacer mas programas culturales  en los barrios para entretener y hacer propaganda . en las escuelas hacer mas actividades con los niños .en diciembre la calle Sarmiento cerrar para poder andar tranquilos.,,,10:40
2024-10-18 21:04:32,phone,1971-03-28,female,5,7,Un poco ansioso,"Que todos puedan trabajar tranquilos, más empleo,más posibilidades de progreso, Tuluá no ofrece planes de vivienda",,,03:55
2024-10-18 20:14:31,phone,1974-06-11,female,10,10,Neutral,Seguridad  Movilidad,,,01:36
2024-10-18 20:09:35,phone,1948-01-31,male,7,9,Feliz,Que se arreglen las calles de la ciudad,,,02:21
2024-10-18 19:35:12,phone,1991-11-13,female,10,10,Temo por mi vida,Más seguridad,,,00:29
2024-10-18 17:26:03,phone,1958-06-30,female,10,10,Un poco ansioso,Justicia,,,01:13
2024-10-18 17:07:02,phone,1968-07-22,female,9,10,Muy Feliz,Más portunidad de empleo para personas mayores,,,02:08
2024-10-18 16:50:52,phone,1954-10-09,male,8,8,Un poco ansioso,,,,00:55
2024-10-18 16:22:42,computer,1980-04-21,male,0,0,Muy ansioso,Fuentes de trabajo,,,00:35
2024-10-18 16:08:52,phone,1992-08-11,male,10,8,Neutral,La seguridad,,,00:30
2024-10-18 16:01:16,phone,1984-10-08,female,6,7,Neutral,Posible emprendimiento,,,00:47
2024-10-18 14:12:33,computer,1978-06-18,male,6,6,Un poco ansioso,Mejorar las medidas de seguridad y labores,,,13:33
2024-10-18 14:08:37,phone,1996-12-13,male,6,6,Muy ansioso,Que las personas tengan empleo y la seguridad social,,,00:55
2024-10-18 13:44:03,phone,1948-06-20,male,9,8,Feliz,Nada,,,01:25
2024-10-18 09:59:10,phone,1956-12-10,female,10,10,Feliz,Pues para mi que me paimentara mi calle 14 de el Barrio Villa Liliana y para todos la tranquilidad y el vienestar social y Economico y en la salud,,,05:05
2024-10-18 09:15:36,phone,1971-02-18,female,5,5,Neutral,Mejores opciones de empleos,,,03:38
2024-10-18 08:24:04,phone,1974-08-02,male,7,8,Feliz,"La seguridad y las vias, las vías estan muy mal,  hay muchos huecos gigantescos en las periferias del centro, las compañías que realizan algunas obras y hacen huecos en las vias,.los dejan mal arreglados y estos al.poco tiempo se transforman en baches q en algunas oportunidades ocasionan accidentes",,,03:57
2024-10-18 07:44:17,phone,1970-11-04,male,8,8,Feliz,La cultura de las personas,,,01:48
2024-10-18 02:44:19,phone,1965-09-24,female,5,10,Feliz,"La suciedad de las calles, los excrementos de los perros que las personas dejan tirados",,,01:59
2024-10-18 02:35:34,phone,1988-05-20,female,8,10,Muy Feliz,Más seguridad y más parques para los niños,,,01:02
2024-10-17 23:50:50,phone,1960-05-16,female,7,10,Neutral,El aspecto de las vías veredales que con el verano generan demasiado polvo y con ello problemas respiratorios,,,02:22
2024-10-17 23:36:00,phone,1978-02-21,male,7,7,Neutral,Empleo,,,04:27
2024-10-17 23:18:03,phone,1956-01-19,male,9,9,Muy Feliz,La cultura ciudadana  recuperaría con la mayoría de las personas y recuperar la pues se ha perdido siiiii.señor,,,02:32
2024-10-17 23:05:29,phone,1966-09-05,female,10,10,Neutral,Hay mucho desorden de carros y motos ostaculisando las vías de nuestra ciudad,,,03:45
2024-10-17 22:55:20,phone,1985-01-25,female,2,2,Muy ansioso,"La inseguridad,la corrupción,el abandono de mi ciudad",,,01:28
2024-10-17 22:35:35,phone,1980-05-07,female,8,8,Neutral,"Mas seguridad, oportunidades de empleo",,,01:17
2024-10-17 22:34:49,phone,1976-03-26,female,7,9,Un poco ansioso,"Me gustaría que los carros y demás vehículos no se parquearan en las cebras,esquinas,ect, la gente parece que no le importará los demás en nuestras calles y hacen lo que quieren,eso me molesta mucho",,,03:06
2024-10-17 22:28:00,phone,1981-01-15,female,8,7,Neutral,Más empleo estable,,,00:54
2024-10-17 21:26:17,phone,1960-12-03,male,10,10,Muy Feliz,La seguridad es lo único. Que los comerciantes puedan trabajar en paz,,,00:50
2024-10-17 21:04:36,phone,1942-06-08,male,2,,Temo por mi vida,,,,00:40
2024-10-17 20:39:07,phone,1982-05-27,female,8,9,Un poco ansioso,Mayor seguridad,SI,Vivo en el corregimiento de la marina me gustaría poder insetibar alas personas para que tuvieran más amor por las áreas en común,04:56
2024-10-17 20:26:38,phone,1972-10-19,female,8,10,Neutral,La inseguridad,,,00:58
2024-10-17 20:02:42,phone,1969-04-06,female,9,9,Neutral,Mejoramiento de vias Seguridad yempleo,,,01:53
2024-10-17 19:35:29,phone,2004-10-15,female,5,8,Neutral,La seguridad,,,02:14
2024-10-17 19:15:59,phone,1962-05-18,female,2,10,Un poco ansioso,La seguridad,,,00:54
2024-10-17 18:47:39,phone,1983-08-21,female,6,6,Un poco ansioso,A nivel de seguridad,,,03:05
2024-10-17 18:40:52,phone,1977-01-28,female,10,6,Neutral,Mejorar la salud,,,02:07
2024-10-17 16:58:54,phone,1979-02-17,female,6,6,Un poco ansioso,"La seguridad es primordial, no se puede tener un rato de esparcimiento sin miedo. También que den más temas sociales , preventivos y que haya más oportunidades laborales.",,,02:36
2024-10-17 14:29:22,phone,1974-04-05,female,7,10,Temo por mi vida,Mas.proteccion para los.habitantes más humildes,,,01:34
2024-10-17 12:07:15,phone,1972-10-03,female,8,7,Neutral,Tranquilidad en el negocio.,,,00:58
2024-10-17 10:44:42,phone,1956-01-08,male,10,10,Muy Feliz,Un poco más de seguridad.,,,00:34
2024-10-17 10:03:34,phone,1970-04-12,female,8,8,Feliz,"Seguridad, no más extorsión, que dejen trabajar",,,01:31
2024-10-17 09:43:23,phone,1967-12-27,female,6,5,Un poco ansioso,"Aumentar la cultura ciudadana ( el tráfico es terrible, Aumentar las multas). Aumentar la seguridad (subcidiar vigilantes si no hay policias). Arreglar los parques que son sitios de relax y tertulia en los barrios.",,,03:41
2024-10-17 09:27:49,phone,1972-10-22,male,4,8,Un poco ansioso,"Seguridad, para que la economía se recupere.",,,01:04
2024-10-17 09:27:32,phone,1965-01-08,female,8,9,Feliz,,,,01:11
2024-10-17 09:15:53,phone,1960-10-12,female,8,10,Feliz,La inseguridad,,,01:38
2024-10-17 09:05:00,phone,1956-01-19,male,9,10,Muy Feliz,Qué aya más seguridad y protección para la ciudadanía y qué veamos más autoridades policiales en nuestras calles y comunas,,,03:14
2024-10-17 08:54:52,phone,1971-01-29,female,6,8,Un poco ansioso,Empleo no mirar la edad Dejar el monopolio en entidades para dar trabajo  Hacer programas de apoyo psicológico,,,03:49
2024-10-17 08:52:57,phone,1962-03-05,male,10,9,Feliz,Un alcalde que se preocupae relativamente por el bienestar de sus habitantes.,,,01:07
2024-10-17 08:50:15,phone,1961-05-02,female,6,8,Neutral,"Seguridad, disciplina y respetó",,,02:45
2024-10-17 08:47:07,phone,1975-03-18,female,7,8,Un poco ansioso,"Cambiaría el aspecto del Parque del Sajonia (x donde vivo), lo volvería un lugar que valga la pena disfrutar, espacios xa niños, xa q los adultos hagan ejercicio o disfruten de la lectura y kioskos xa comidas.",,,02:26
2024-10-17 08:31:22,phone,1965-08-06,female,9,9,Neutral,"Las condiciones en que está nuestra zona sajonia, es triste el deterioro del parque, la invasión por parte de los indigentes que se han tomado nuestros andenes como dormitorios",,,03:16
2024-10-17 08:17:37,phone,1971-08-14,male,9,8,Neutral,La seguridad,,,00:44
2024-10-17 08:01:23,phone,1969-02-19,female,8,10,Feliz,Mejorar la educación en niños y adolescentes seguridad,,,01:41
2024-10-17 07:29:54,phone,1964-12-02,female,5,10,Neutral,La corrupción,,,01:09
2024-10-17 05:36:31,phone,1967-09-09,female,8,8,Neutral,Seguridad y baja de precios de los artículos de primera necesidad.,,,02:05
2024-10-17 04:39:18,phone,1954-11-01,female,5,5,Un poco ansioso,"La inseguridad, la droga adiccion, la falta de valores en la juventud , la falta de interes en el estudio, los jovenes que prefieren matar antes que trabajar, los padres que no les interesa saber donde estan sus hijos, y actuan como se les olvido el temor a Dios, ver como se acabo la integridad .",,,21:59
2024-10-17 04:07:32,phone,1971-02-26,male,6,6,Neutral,,,,02:21
2024-10-17 03:01:04,phone,1972-06-07,female,10,10,Feliz,La seguridad,,,01:03
2024-10-17 02:04:26,phone,1983-03-12,female,5,7,Un poco ansioso,La limpieza de la ciudad hay mucho cambuche de habitantes de calle y zonas verdes descuidas,,,01:04
2024-10-17 01:31:23,phone,1984-05-04,male,7,8,Feliz,Errfffff,,,00:40
2024-10-17 01:04:01,phone,1982-01-13,female,10,10,Muy Feliz,Que cambie la seguridad de nuestra tulua y que cuiden los niños no los manden solos a estudiar,,,01:15
2024-10-17 00:56:13,phone,1971-05-26,female,6,7,Neutral,"La seguridad, da miedo tener un negocio aquí, o conseguir algo porque aquí reina la delincuencia",,,01:08
2024-10-17 00:51:35,phone,1952-10-06,male,10,9,Muy Feliz,"Que las decisiones del gobernante sean compartidas por sus concejales y que no actúe dictatorialmente, que reparé las vías y que por favor, haya más vigilancia y protección para la ciudadanía,  que no se fustigue tanto por los impuestos y que se estimule el.pago de los mismos.",,,05:01
2024-10-17 00:51:28,phone,2009-02-19,male,4,9,Un poco ansioso,"Nuevos espacios públicos y remodelación de los mismo, ciclorutas hacer un hermoso boulevard en el hermoso río Tuluá, mejor limpieza en las calles, más luces en las calles de noche que hay muchas zonas oscuras, centros culturales modernos, más parques como el sacudete de Nariño",,,02:45
2024-10-17 00:47:42,phone,1961-12-02,male,0,,Neutral,movilidad vial,,,01:04
2024-10-17 00:45:27,phone,1980-10-30,female,5,3,Muy ansioso,Tranquilidad,,,00:45
2024-10-17 00:35:08,phone,1976-09-25,female,8,8,Neutral,"La seguridad, que no haya más extorsion",,,00:47
2024-10-17 00:23:45,phone,1964-02-10,female,,8,Muy Feliz,,,,01:25
2024-10-17 00:11:05,phone,1977-01-21,female,7,10,Feliz,Seguir trabajando por la seguridad,,,00:48
2024-10-17 00:07:48,phone,1963-09-06,male,5,10,Feliz,"La seguridad, mejorar el embellecimiento en los parques, mejorar el parqueo de vehículos en los andenes y el ocupamientondel espacio publico",,,02:47
2024-10-17 00:06:17,phone,1963-08-29,female,5,5,Neutral,"La corrupción, inseguridad, falta de oportunidades.",,,01:06
2024-10-16 23:59:49,phone,1968-08-17,female,10,10,Feliz,El trasnporte urbano,,,01:25
2024-10-16 23:56:55,phone,1948-12-24,male,10,10,Muy Feliz,"La inseguridad principalmente, que se permita que la gente pueda trabajar.",,,02:44
2024-10-16 23:53:42,phone,1960-05-18,male,,9,Feliz,La inseguridad y la corrucion en la alcaldia,,,05:15
2024-10-16 23:46:56,phone,1958-11-08,female,4,5,Muy ansioso,Los hogares geriátricos no son vigilados y en muchos maltratan a los ancianoa,,,01:37
2024-10-16 23:26:12,phone,1977-04-28,female,9,8,Neutral,Convivencia ciudadana,,,01:45
2024-10-16 23:05:11,phone,1958-02-03,male,8,8,Feliz,Orden tránsito vehicular Seguridad,,,01:09
2024-10-16 22:53:54,phone,1968-11-16,male,10,9,Muy Feliz,Seguridad,,,00:37
2024-10-16 22:52:30,phone,1964-12-28,male,5,5,Muy ansioso,Que no haya más derramamiento de sangre con sicariatos y extorsiones. Que no haya más desapariciones de niños y mujeres.,,,07:36
2024-10-16 22:41:25,phone,1968-06-10,male,6,6,Neutral,La seguridad,,,00:54
2024-10-16 22:36:11,phone,1972-10-18,female,2,10,Neutral,La seguridad  y más oportunidades de  empleo,,,02:06
2024-10-16 22:33:49,phone,1953-10-27,male,,9,Neutral,"Se debe garantizar seguridaciudadana..y... Garantizar espacio de esparcimiento... En todos nuestros sectores, de tulua.patasu",,,03:15
2024-10-16 22:29:00,phone,1963-09-15,female,9,8,Feliz,"Mejorar las vías públicas, castigo severo para los que infrinjan la ley, oportunidades de capacitación para las personas como yo!!",,,02:20
2024-10-16 22:23:12,phone,1976-10-18,female,10,10,Feliz,"Mejorar las calles, retirar habitantes de calle, mayor seguridad",,,01:06
2024-10-16 22:14:51,phone,1977-11-15,male,8,7,Un poco ansioso,"Mejorar sitios de recreación, lugares seguros, más eventos para la gente",,,00:57
2024-10-16 22:07:35,phone,1971-01-19,female,7,8,Feliz,Seguridad y empleo,,,00:49
2024-10-16 21:54:48,phone,1960-01-21,female,4,4,Un poco ansioso,"Que allá más seguridad y ayuda para la persona adulta,  y que los servicios públicos no sean tan caros gracias",,,02:11
2024-10-16 21:42:46,phone,1955-05-11,male,10,10,Muy Feliz,Es necesario mejorar la seguridad de los parqués y polideportivos. Construir espacios para que los adultos mayores puedan hacer ejercicios y tener monitores. Volver el parque Boyacá un sitio para la familia y no una cloaca como está hoy. Embellecedor e iluminar el ingreso a la ciudad .,,,15:38
2024-10-16 21:31:33,phone,1999-12-29,female,10,10,Feliz,El alcalde desde que el está no tenemos tranquilidad,,,00:48
2024-10-16 21:17:39,phone,1985-01-05,male,9,8,Muy Feliz,El desempleo,,,00:32
2024-10-16 21:16:12,phone,1986-04-22,female,9,8,Feliz,La seguridad y la tolerancia,,,00:42
2024-10-16 20:41:40,phone,1971-07-10,male,9,9,Feliz,"El control de los imprudentes en los semáforos que se pasan en rojo, hay sistemas internacionales que hacen que el vehículo se detenga en rojo o se pueden chuzar las llantas y el control de la inseguridad aunque ya se ha reducido un poco la inseguridad pero falta todavía",,,02:57
2024-10-16 13:27:44,phone,1995-06-01,male,5,5,Neutral,"Para mejorar la ciudad de Tuluá y convertirla en un lugar más seguro, tranquilo y con mejores oportunidades, es fundamental enfocarse en varios aspectos clave. Primero, es necesario fortalecer la seguridad a través de una mayor presencia policial y programas de prevención, asegurando así la tranquil",,,03:45
2024-10-16 13:25:50,phone,1953-10-27,male,9,10,Muy Feliz,"Mejorar lugares, de bienestar social. En todos los, sectores, del municipio... Y construir donde no l o los tenga la comunidad",,,02:14
2024-10-16 13:15:51,phone,1967-06-16,female,5,10,Feliz,Empleos para recibir ingresos y mejorar la calidad de vida de los tulueños,,,01:49
2024-10-16 12:06:21,phone,1981-12-04,male,5,3,Un poco ansioso,Generar más empleo para que tengamos ingresos para nuestros hogares,,,02:44
2024-10-16 11:56:17,phone,1953-08-04,female,9,10,Feliz,Que haya seguridad para salir en las horas de la noche,,,02:01
2024-10-16 11:47:26,phone,1978-03-17,female,10,10,Feliz,Inseguridad Fundación para los habitantes de calle Empleo,,,04:01
2024-10-16 11:40:01,phone,1969-09-17,female,6,8,Neutral,Erradicar los Gota gotas de Tuluá. Son una amenaza para las personas,,,05:16
2024-10-16 11:21:46,phone,1966-04-28,female,6,,Un poco ansioso,Relación humanos y animales,,,01:47
2024-10-16 10:32:22,phone,1947-06-24,female,10,10,Feliz,Educación en tránsito ofrecida por expertos y tomar las sanciones en el manejo de bicis..motos  taxis y en lo personal,,,02:11
2024-10-16 10:17:56,phone,1984-12-20,female,5,7,Un poco ansioso,"Que el transporte público mejore su cobertura, horarios y que el domingo tengan transbordos.",,,01:12
2024-10-16 09:58:08,phone,1989-12-28,female,6,8,Neutral,"Mejor señalización en las calles, mejor infraestructura y que mejore el tema de seguridad",,,01:06
2024-10-16 09:47:08,phone,1993-01-30,male,10,10,Feliz,"Necesitamos que Tuluá vuelva a enamorar, vuelva a generar empleo, ver más espacios como parques para compartir con familia",,,00:59
2024-10-16 09:46:33,phone,1968-12-15,female,2,1,Temo por mi vida,Mas oportunidades de trabajo educacion para no llegar a tanta violencia que vivimos.muerte desplazamiento estorcion tanto en la ciudad como en la montaña,,,02:36
2024-10-16 09:46:23,phone,1971-11-16,female,10,9,Un poco ansioso,La seguo,,,01:22
2024-10-16 09:46:05,phone,1954-01-10,male,7,9,Feliz,El orden y la cultura ciudadana,,,01:35
2024-10-16 09:24:14,phone,1967-03-18,female,8,8,Muy Feliz,Le dieran trabajo a los de la 3ra edad muchos necesitan,,,02:01
2024-10-13 16:28:37,phone,1969-06-15,female,5,5,Feliz,"La inseguridad, las extorsiones. La falta de empresas que generen empleo. Y la fslta de amor por lo nuestro. Va para quienes manejan y gobiernan la ciudad. El robo desde lo mismos gobernantes. El desvio de dineros de las arcas municipales. Se debe pensar con sentido comun y amor de pertenencia.",,,03:39
2024-10-13 15:11:59,phone,1972-03-04,female,10,10,Muy Feliz,La economia,,,00:52
2024-10-13 13:16:28,phone,1969-11-21,female,5,5,Un poco ansioso,Seguridad y una ciudad más aseada..,,,02:44
2024-10-13 07:04:04,phone,1978-06-30,female,10,10,Muy Feliz,"Que se acaben los robos y asesinatos, que no tiren basuras a las calles, que los alcaldes pavimenten todas las calles de Tuluá,  que prohiban la música a altos volumen....",,,02:37
2024-10-11 11:43:52,phone,1969-11-30,female,5,10,Muy Feliz,Más ayuda para los animales,,,00:42
2024-10-11 10:58:00,phone,1965-10-23,male,8,8,Feliz,"Mejorar el entorno del hospital Rubén Cruz Vélez, instalar maquinas de ejercicio en el parque de la cultura del barrio Rubén Cruz",,,03:46
2024-10-11 10:13:09,phone,1965-12-06,female,7,8,Feliz,La inseguridad y más fuentes de empleo,,,02:03
2024-10-11 08:49:03,phone,1955-03-08,female,2,,Un poco ansioso,La inseguridad,,,00:53
2024-10-11 08:47:10,phone,1955-10-04,male,,9,Muy Feliz,Que los cuadrantes de la ponal estén más activos x acá x villa Liliana casi no se ven,,,02:21
2024-10-11 08:12:55,phone,1974-05-15,female,8,8,Feliz,La seguridad,,,00:51
2024-10-10 09:50:43,phone,1965-09-22,male,10,10,Muy Feliz,"Fortalecer más la seguridad, mejorar la señalización y trabajar más en recuperar algunos lugares que se han tomado los habitantes en calle",,,03:46
2024-10-10 09:12:53,phone,1969-07-30,female,10,8,Muy Feliz,"Mas programas de cultura ciudadana, calles mas limpias, mayor seguridad,  Mejorar vias en los barrios. Parques mas limpios y seguros.",,,03:17
2024-10-10 03:31:52,phone,1964-05-07,female,2,1,Neutral,Pues que halla más seguridad,,,01:58
2024-10-09 12:51:19,phone,1954-01-05,female,5,8,Neutral,en la autoridad deben de haber disciplina en todas sus labores que hagan tanto los de tránsito como las otras autoridades el orden empieza por cabeza y en este caso el alcalde debe de hacer y cumplir con la responsabilidades que se le otorgan a cada uno de las autoridades gracias,,,02:26
2024-10-09 03:40:43,phone,1975-01-30,male,10,10,Neutral,Seguridad,,,01:43
2024-10-08 19:55:29,phone,1997-10-01,female,10,10,Muy Feliz,,,,01:52
2024-10-08 19:38:48,phone,1954-08-30,male,4,9,Un poco ansioso,La inseguridad,,,03:53
2024-10-08 18:53:19,phone,1958-12-15,male,10,10,Muy Feliz,"Son muchas cosas que faltan en tulua,primero la seguridad, arreglo de las vías rurales, educación en toda la ciudadanía.",,,03:57
2024-10-08 00:47:56,phone,1988-10-27,female,7,8,Feliz,"Desarrollo económico, y apoyo a los emprendedores, así como acceso a vivienda",,,01:31
2024-10-07 22:32:16,phone,1953-06-05,female,5,9,Feliz,Hacer de tulua una ciudad limpia ylibre de tanto robo y asesinato somos una ciudad muy linda y echada para adelante,,,02:07
2024-10-07 22:16:32,phone,1957-09-08,female,9,9,Neutral,Mucha inseguridad,,,00:48
2024-10-07 21:56:24,phone,1970-07-09,female,2,4,Un poco ansioso,La seguridad,,,01:04
2024-10-07 21:08:22,phone,1958-06-30,female,10,,Muy Feliz,Más empleo,,,00:46
2024-10-07 20:36:29,phone,2001-07-10,male,10,10,Muy Feliz,Xxxxxxx,,,00:42
2024-10-07 20:05:52,phone,1992-02-03,female,8,10,Muy Feliz,Seguridad en los barrios y pavimentación de calles,,,01:29
2024-10-01 18:56:21,computer,1976-03-08,female,,,Neutral,El caos de las calles,,,00:46
2024-11-19 16:58:26,teléfono,1995-08-09,female,3,5,Un poco ansioso,"El tema de la extorsión es un miedo latente ya uno no sabe si incluso haciendo uñas a domicilio lo van a molestar, le da a uno miedo registrar su negocio en cámara y comercio porque esa información se filtra y luego lo llaman a uno de las cárceles",SI,Salecianos  mejoraría el tema de algunas calles que están muy deterioradas y causan muchos accidentes,03:17
2024-11-19 19:05:02,teléfono,1986-03-12,male,7,8,Muy Feliz,"Control con los antisociales, en las motos, ciclas,carros y servicios público, NO RESPETANDO LOS SEMÁFOROS.",SI,"Farfan, adaptación de reductores de velocidad.",03:00
2024-11-19 19:04:28,teléfono,1942-05-06,male,10,,Feliz,Construir el malecón de río Tulua,SI,Sembrar más árboles y mejorar las vías vehiculares,05:08
2024-11-19 19:12:44,teléfono,1983-08-04,male,10,10,Muy Feliz,La movilidad,NO,Centro,01:21
2024-11-19 20:12:45,teléfono,1989-12-21,male,8,8,Neutral,"La seguridad, la gente se está yendo de Tuluá por la seguridad.",SI,"Mayor acompañamiento Policial,  zonas libres de Consumo de drogas",01:05
2024-11-19 20:08:03,teléfono,1977-05-26,female,6,9,Neutral,"Exista más fuerza pública, interés por los espacios como parques de algunos barrios",SI,"Sajonia, el parque transformarlo que sea más familiar. Colocar juegos, y los aparatos para hacer ejercicio. Así evitar indigentes",05:53
2024-11-19 20:44:33,teléfono,1984-07-30,female,6,9,Muy Feliz,Que los programas que ofrece el imder o cultura empiecen más temprano al igual que pocos cupos.,NO,Rojas,04:13
2024-11-19 20:45:38,teléfono,1971-04-30,female,3,3,Muy ansioso,Eliminar la corrupción.... mientras gobierne la corrupción y la impunidad...el detrimento de tulua es inevitable.... lastima de mi pueblo.,SI,"Victoria es mi barrio...el manejo del tránsito,la seguridad para quienes habitan  al lado de fábricas",05:40
2024-11-19 20:52:17,teléfono,1979-11-22,male,10,9,Muy Feliz,Que el alcalde se ponga los pantalones y  levante la economía y la seguridad del pueblo.. mano dura,SI,"Prados del norte, más seguridad, mucho desadstado y el vicio no tiene control en las calles. Mucho mariguaneros. En las calles y parques",02:54
2024-11-19 20:56:06,teléfono,1985-03-06,male,10,10,Un poco ansioso,Seguridad,SI,Iluminación,00:42
2024-11-19 21:42:01,teléfono,1993-12-04,male,10,9,Neutral,"Actividades para integrar a todos los grupos sociales - este año Nos hizo falta la feria, pero es entendible el problema de orden público 🩵",SI,"Pienso q deberían tener en cuenta otras ciudades más grandes,  medellin y empezar a embellecer a tulua con grafitis por la ciudad",02:03
2024-11-19 21:44:48,teléfono,1975-12-20,female,10,10,Muy Feliz,La seguridad,SI,Bosques de Maracaibo,01:27
2024-11-19 22:08:01,teléfono,1962-12-22,male,10,10,Muy Feliz,"Se están haciendo las cosas bien, hay que dar tiempo al tiempo.",SI,Esperanza Etapa 1. Los equinos en la calle.,01:58
2024-11-19 22:48:59,teléfono,2003-12-08,female,7,8,Un poco ansioso,"Lo que mejoraría la calidad de la vida de los tulueños sería que siempre se prioricen los operativos en contra de la extorsión, es una problemática que le quita la paz a la comunidad día a día, espero que Tuluá encuentre paz",SI,"Vivo en el barrio Sajonia, después de las ocho de la noche considero que es bastante peligroso y no se ve monitoreado por la policía",04:26
2024-11-20 03:46:57,teléfono,1989-02-09,male,8,8,Un poco ansioso,"Seguridad, sobre todo para abrir hacer y mantener un negocio",SI,"Victoria, aumento de zonas verdes. Puede ser un simple gym al aire libre.",03:05
2024-11-20 05:14:19,teléfono,1964-06-22,female,7,6,Un poco ansioso,Seguridad,SI,Alvernia,02:07
2024-11-20 06:43:07,teléfono,1999-05-28,male,5,5,Neutral,"La inseguridad en las calles, le miedo de querer emprender un nuevo negocio y que lleguen a extorsionar a tí y tú familia.",SI,"Es un barrio un poco inseguro ya que las personas no respetan que están en una vía pública, poniendo en riesgo a las demás personas.",03:13
2024-11-20 07:41:05,teléfono,1984-01-03,female,8,8,Neutral,"La inseguridad, poder tener un negocio sin miedo a que va llegar el de la extorsión",SI,"Diablos rojos etapa 1, el ruido hay vecinos demasiado ruidosos que por lo general viven en alquiler",02:36
2024-11-20 07:48:06,teléfono,1959-02-04,male,,3,Muy ansioso,,SI,Laguito,01:09
2024-11-20 10:11:27,teléfono,1957-09-06,male,10,10,Muy Feliz,Mejorar el tráfico vehicular,SI,El encierro del polideportivo,01:26
2024-11-20 11:12:57,teléfono,1956-02-19,male,8,,Feliz,La movilidad.con un tren urbano se mejora.desde la unidad central hasta aguaclara.,SI,Lo  ideal los juegos biosaludables y su mantenimiento permanente.,02:43
2024-11-20 12:10:32,teléfono,1993-10-04,female,8,10,Neutral,Fortalecer los canales de diálogo y escenarios de participación y educación ciudadana. Por ejemplo acompañamiento y fortalecimiento de competencias de los comerciantes,SI,Doce de octubre,01:46
2024-11-20 14:03:35,teléfono,1921-04-19,female,0,6,Temo por mi vida,Fábricas  o empresas o más fuentes q generen empleo mejor remunerado,SI,Por un cuartel de policía,04:09
2024-11-20 14:44:07,teléfono,1967-10-31,male,10,10,Muy Feliz,La imagen. La administracion al 100% la violencia.....,SI,Principe. Señalizacion de pares,01:35
2024-11-20 16:13:09,computer,1972-03-29,female,8,8,Muy ansioso,seguridad y control a los sitios de venta de bebidas alcohólicas.,SI,"Salesianos, los lugares donde expenden licor y ocupan los andenes",01:42
2024-11-20 16:57:46,teléfono,1962-08-25,male,10,10,Feliz,Mayores facilidades para parquear en el centro,SI,"Villa campestre, tapar los huecos en las callles",01:30
2024-11-20 17:31:32,teléfono,1978-07-17,male,2,2,Muy ansioso,"Facilitar el verdadero acceso con calidad y prioridad a todo aquello referente a la salud mental, se vuelve tan traumatico el sistema que es más fácil desear morir qué querer esperar ayuda, sobre todo con los medicamentos que no llegan.",SI,"Bosques de maracaibo. Ya se vive con temor de ser atracado o extorsionado, seguridad es lo que se necesita",06:27
2024-11-20 17:35:14,teléfono,1966-11-12,male,8,,Un poco ansioso,Taparia esa huecamenta en las calles y si pudiera acabaria con la extorcion,SI,Volvemos a lo mismo taparia todos los huecos y si pudiera acabaria con todas esas ratas de dos patas,07:49
2024-11-20 18:20:07,teléfono,1980-11-07,male,9,,Feliz,Que hubiera mejor demarcación vial que no solo fuera en el centro sino en los barrios también,SI,Príncipe,01:31
2024-11-20 18:20:51,teléfono,1966-10-14,male,10,10,Muy Feliz,Seguridad y trabajar en una mejor cultura ciudadana,SI,Fátima. Consientizar a la gente de  recoger los escrementos de sus mascotas,05:38
2024-11-20 18:49:31,teléfono,1994-05-29,male,10,9,Neutral,Buenas noches.  Considero que el aspecto más importante es la seguridad de las personas que emprenden o tiene negocios. Los cuales se ven afectados por delincuencia.   Más proyecto de vivienda económicos para personas que ganan un salario minimo,SI,Seguridad,02:05
2024-11-20 19:48:54,teléfono,1947-08-31,male,6,10,Feliz,,SI,Hablar. Con lod vecinos,01:20
2024-11-20 19:45:39,teléfono,1965-10-17,female,10,10,Muy Feliz,Muchas paciencia y tolerancia,NO,Laureles  no se puede hacer nada porque ya no hay ley para los que no dejan dormir  Sábado  Domingo y días de fiesta con el volumen,07:44
2024-11-20 20:18:16,teléfono,1987-09-29,female,1,2,Feliz,"Oportunidad laboral ,estudios con incentivo económico",SI,La esperanza..espacio de juegos para los niños,01:35
2024-11-20 20:18:41,teléfono,1976-05-30,female,8,7,Feliz,Q las leyes .se cumplan en cuanto a la protección d ela mujeres víctimas de violencia,SI,Villa del sur.q los entes tengan más cine al parque las novenas.,01:35
2024-11-20 20:27:45,teléfono,1961-03-23,female,9,9,Muy Feliz,Más generación de empleo,SI,Seguridad,00:51
2024-11-20 21:05:50,teléfono,1991-02-19,female,9,10,Muy Feliz,La seguridad y la concientizacion de cuidar nuestra ciudad,SI,Farfan Viejo,00:59
2024-11-20 21:50:11,teléfono,2002-04-12,female,8,9,Muy Feliz,Que los lugares de esparcimiento familiar cuenten con mayor acompañamiento de policías para salir más tranquilos a,SI,"Farfán viejo, el tema de las basuras porque muchos han tomado las calle como basurero",03:59
2024-11-20 22:11:16,computer,1980-11-01,male,7,8,Neutral,"arreglar todas las calles de tulua que estan en pesimo estado, la seguridad de tulua, la falta de oportunidades laborales, la falta de cultura de la mayoria de habitantes.",SI,principe,02:11
2024-11-20 22:46:48,teléfono,1969-04-30,female,0,,Temo por mi vida,Temo por.  Mi vida  y lademis y jos. Viví enda oportunida devivienda,SI,Actual mete en bosques pokevivia  enplayitas  y meses pasaron de aya  era líder  social   poreso me sacaron lome jor sería cavar con esa gu,10:17
2024-11-21 00:03:34,teléfono,1972-08-27,female,7,7,Muy ansioso,La seguridad y apoyar el comercio,NO,"Santa Isabel ,sembrar arboles",01:49
2024-11-21 00:14:32,teléfono,1984-08-15,male,10,10,Feliz,Hace falta en Tuluá más arte. Más vida . Más pinturas. Más cultura sobre las manualidades y yo proyectaria la visión de los tulueños. Con más arte,NO,Victoria,04:21
2024-11-21 00:19:45,teléfono,1997-06-22,male,10,,Muy Feliz,Mejor condición de vida poder tener una casa propia para mejorar mi calidad de vida,NO,La esperanza,02:00
2024-11-21 03:44:14,teléfono,1970-04-19,female,0,6,Temo por mi vida,Que voten x 3ra vez x nuestro mejor Alcalde GUSTAVO VÉLEZ quien es el único  q se ve que hace grandes obras y frenar la criminalidad. Con otros Alcaldes jamás se verán cambios positivos x q solo van es  a robar y aliarse con criminales  para crear conciertos y engrosar lo político criminal,SI,"Por un cuartel de policías. Se parquean muchos carros y nadie sabe quiénes son, no los revisan o requisan",11:40
2024-11-21 05:15:55,teléfono,1950-02-21,female,7,8,Feliz,,NO,San luis,03:20
2024-11-21 08:04:06,teléfono,1993-09-28,female,7,6,Neutral,Cambiaría el pensar del alcalde pars que deje trabajar a los vendedores ambulantes en la sarmiento,NO,La santa cruz,02:07
2024-11-21 09:21:14,teléfono,1978-12-02,male,,10,Un poco ansioso,Las vías son muy malas...y más seguridad,SI,Las vías.....es un barrió completa mente abandonado por las instrucciones.... Ni la policía va,02:15
2024-11-21 09:29:36,teléfono,1966-05-06,female,3,5,Temo por mi vida,Cambiaría a tulua  dando empleo  y acabando con la corrupción,SI,La pavimentos y ayudaría para que colocaran el agua potable,03:33
2024-11-21 09:34:01,teléfono,1957-04-05,male,4,3,Necesito tener  un buen empleo,General empleo,SI,Los contadores  y pavimento,02:07
2024-11-21 11:28:05,teléfono,1986-10-28,male,8,8,Feliz,Mejorar la seguridad y que la policía tenga mayor presencia en el barrio para prevenir el consumo de drogas en espacio público y controlar a los jóvenes que manejan las motos sin ningún tipo de control,SI,"San Gabriel, la movilidad de los jóvenes en las motos ya que realizan piques y levantan las motos ocasionando intranquilidad y el consumo",06:00
2024-11-21 11:55:27,teléfono,1999-07-08,male,6,6,Neutral,Los ingresos,SI,"Villa Margarita, sembrar más arbolitos",01:11
2024-11-21 12:59:44,teléfono,1991-01-14,male,8,9,Muy Feliz,Las vía de ingreso a Tulua las orillas del rio,NO,Aguaclara las vias,02:30
2024-11-21 13:37:48,teléfono,1994-09-24,male,7,6,Feliz,Seguridad y más oportunidades de empleo,SI,Saman del norte  Que el parque sea biosaludable,01:21
2024-11-21 13:42:45,teléfono,1959-09-06,female,8,7,Neutral,Mejorar las oportunidades de empleo,SI,Integración de los habitantes,02:50
2024-11-21 14:03:47,tablet,1961-06-03,female,8,10,Neutral,Más seguridad y más oportunidades para los JÓVENES,SI,"El Príncipe y mejoraría sus calles, muchos huecos por donde ha pasado el gas domiciliario",04:03
2024-11-21 13:45:10,teléfono,1984-06-14,male,1,5,Neutral,Que las autoridades ejercieran sus actividades cm deben ser y no haciendo cortinas de humo para tapar a los verdaderos cabecillas. Y el alcalde no persiguera a las personas de más bajos recursos,SI,,02:59
2024-11-21 15:38:48,teléfono,1999-05-26,male,5,8,Un poco ansioso,"Le daría más apoyo al sector cultural y del entretenimiento, para hacer un poco más pasajero las épocas de violencia que sufre el municipio, la comunidad necesita lugares bien entretenidos para distraer la mente, disfrutar la vida y quitar las angustias",,,04:36
2024-11-21 16:07:45,teléfono,1972-01-31,female,8,9,Neutral,"Seguridad, cultura ambiental y empleabilidad",SI,"Iluminación de Estadio, señalización vial y seguridad",03:58
2024-11-21 17:01:20,teléfono,1979-05-21,male,10,10,Feliz,"Que exista un control efectivo frenre al consumo de sustacias en los paruqes, zona de ambientes familiares, zonas creadas para la recreación y el deporte, hoy vemos como a nuestros niños les toca inhalar el olor que este consumo genera.",SI,Barrio Buenos Aires,02:25
2024-11-21 18:17:42,teléfono,1973-06-18,female,,,Muy Feliz,"Mejoraría la seguridad de la ciudad , mas policía rondando el comercio y zonas de encuentros familiares",SI,"Asoagrin , mejoraría los parques y mejoraría la seguridad",03:28
2024-11-21 20:15:15,teléfono,1992-02-08,female,8,7,Un poco ansioso,La seguridad,SI,"Villa nueva, mejor vigilancia en las zonas verdes, además en parques dispositivos de vigilancia (cámaras de seguridad) y canecas de basura",01:32
2024-11-22 01:38:05,teléfono,1977-11-22,female,9,10,Feliz,"Definitivamente la seguridad es un aspecto que hace que Tuluá se empañe un poco, de lo que realmente es una tierra de gente buena, trabajadora, humilde, servicial, solidaria todo esto y mucho más es lo que yo percibo de mi bella ciudad",SI,La seguridad,03:21
2024-11-22 05:38:45,teléfono,1982-04-12,male,9,7,Feliz,"La situación laboral es la que mayor impacto negativo tiene, muchas personas no tienen trabajo o no tienen las condiciones laborales óptimas",NO,"Barrio El jardín, me ha gustado mucho el barrio",02:29
2024-11-22 08:14:21,teléfono,1949-06-08,male,6,7,Neutral,La seguridad en las calles,SI,"La empatia de la gente, ya que realizan fiestas fines de semana con musica a alto volumen",01:10
2024-11-22 08:14:56,teléfono,1972-04-16,female,9,9,Feliz,La seguridad,SI,"Alvernia, la movilidad es un caos,vivo frente al edificio vitta y parquean carros al lado y lado siendo está un calle principal.",03:16
2024-11-22 12:04:26,teléfono,1998-09-25,male,7,7,Un poco ansioso,Más actividades culturales a favor del sano esparcimiento de los tulueños,SI,Tomás Uribe,01:01
2024-11-22 18:12:55,teléfono,2007-07-05,male,6,6,Feliz,Seguridad,SI,Seguridad,00:50
2024-11-22 18:37:58,teléfono,1998-10-01,male,0,2,Temo por mi vida,Económico,SI,Victoria,00:55
2024-11-22 18:46:11,teléfono,1949-08-19,male,4,,Un poco ansioso,"Le pediría a los habitantes de calle que no depositaran la basura en la orilla del río, pavimentaria los huecos de las calles, sembraria más árboles, recuperaria las zonas verdes. El lote que está en la calle 29 carrera 29 lo limpiaria para que los habitantes de calle dejarán de depositar su basura.",SI,"Salesiano, limpiarla las zonas verdes, retiraría los depósitos de basura que deja. Los habitantes de calle",05:28
2024-11-22 22:05:26,teléfono,1978-08-16,male,9,8,Feliz,La seguridad es primordial  Actividades deportivas en la noche para personas que trabajamos durante el día,SI,Barrio las delicias  Parece que no hay JAC,03:12
2024-11-22 22:28:28,teléfono,1968-05-16,female,8,8,Feliz,La seguridad y el alto volumen de los parlantes de los almacenes y vendedores ambulantes.,SI,Chiminangos,03:44
2024-11-22 23:08:14,teléfono,1974-09-07,female,5,,Feliz,,NO,Farfán,01:44
2024-11-23 04:28:56,teléfono,1991-07-02,female,2,5,Muy ansioso,Ojalá hubieran más oportunidades laborales y menos inseguridad,SI,Resido en la graciela y los vecinos hacen mucho ruido poniéndo música a alto volumen y hay personas consumiendo sustancias alucinógenos,02:47
2024-11-23 06:17:42,teléfono,1978-04-11,female,5,6,Un poco ansioso,"La salud ,vivienda ,fuentes de empleo, educación, aprovechamiento de el tiempo de los niños, jóvenes y adultos el terrorismo y las drogas , son falta de oportunidades. Empresas de emprendimiento, que velen por el medio ambiental y los animales, mejoramiento de sus calles y parques , acompañamiento .",SI,"En bosques de Maracaibo, puntos de acopio, basuras y reciclaje, acompañamiento, para los niños y jóvenes.actividades culturales , recreación",11:44
2024-11-23 08:15:03,teléfono,1969-04-05,female,7,7,Neutral,Ayudaría mucho el enlucimiento y mejoramiento de la seguridad en algunos sectores,SI,Céspedes más aseo en las calles,02:11
2024-11-23 09:12:19,teléfono,1956-02-19,male,,8,Feliz,"Movilidad u salud.la antigua terminal,esperamos sea la transformación estética y movilidad.aparte del cable la marina,a ESTAMBUL Y TREN URBANO.",SI,Todo en equipos gimnasios y mantenimiento.,03:13
2024-11-23 09:34:33,teléfono,1996-09-25,female,5,6,Un poco ansioso,La inseguridad y el poder de los delincuentes sobre los trabajadores,NO,Los olmos  Un poco más de iluminación en las calles y parques,01:58
2024-11-23 09:59:55,teléfono,1999-07-09,male,2,3,Muy ansioso,¿Cuando van a resolver el robo del carro de la alcaldía y el arma de la UNP los cuales fueron asignados al señor Robert Posada Rosero? Y ¿Cuándo va a presentar la renuncia el señor Posada Rosero?,SI,La vía de accsey,02:20
2024-11-23 10:56:31,teléfono,1953-09-28,male,8,8,Un poco ansioso,Generar entornos de credibilidad institucional y con cultura ciudadana,SI,Delicias y entornos peatonales seguros para niños y amcianos,07:34
2024-11-23 10:52:51,teléfono,1973-08-09,female,10,9,Feliz,Transporte facil desde el terminal al parque Industrial y mas seguridad,SI,Marandua,11:49
2024-11-23 18:43:03,teléfono,1964-07-02,female,8,10,Neutral,"La inseguridad, para tranquilidad de todos,arreglar algunas vías que están muy deterioradas",SI,Bosques de Maracaibo..pues en mis manos no está mejorar las calles en mal estado y la iluminación pero me gustaría eso,07:51
2024-11-23 19:14:22,teléfono,1969-12-02,female,0,0,Neutral,,NO,,01:05
2024-11-23 21:15:25,teléfono,1991-11-26,male,10,10,Neutral,"La seguridad, poder trabajar sin extorsión,más oportunidades",SI,"Nuevo farfán, mejoraría las calles están en muy mal estado puede causar accidentes",04:49
2024-11-23 21:28:57,teléfono,1979-12-19,female,,10,Muy Feliz,,SI,Las américas,02:04
2024-11-22 18:52:09,teléfono,1976-11-26,female,10,10,Muy Feliz,La seguridad,SI,Buenos aires que todas sus calles estuvieran pavimentada,16:18
2024-11-23 22:47:28,teléfono,1998-09-12,female,3,3,Muy ansioso,"Más actividades que generen comercio , alegría A la gente, mejorar espacios que generen turismo",SI,"Victoria lugares de interés , lugares bonitos",02:21
2024-11-23 22:55:10,teléfono,1986-10-21,male,10,10,Muy Feliz,"Recuperar el espacio público, acabar con los expendios de droga, ayudar a los habitantes de calle, y a los animales de la calle",SI,Arboledas del darien,10:21
2024-11-24 00:16:15,teléfono,1996-11-03,male,10,10,Neutral,El respeto a los peatones y tolerancia,SI,"Alvernia, los huecos en las calles y la inseguridad",01:32
2024-11-24 01:06:40,teléfono,1959-03-27,male,10,10,Muy Feliz,Qué los vehículos y las motos no bloqueen las entradas de nuestras casas y negocios,SI,Alvernia sacar a todos los indigentes que deambulan x nuestro barrio haciendo sus necesidades en nuestros antejardínes. Y robando lo que ven,06:52
2024-11-24 06:28:44,teléfono,1981-10-14,male,9,8,Neutral,EL PROBLEMA QUE HAY EN LAS TIENDAS DE BARRIO ABUSAN CON PRECIOS EXCESIVO SOEMPRE CON EL CUENTO DE EXTORCIONQUE POR ESO ESTA CARO TODO NO HAY QUIEN LE DE MANEJO AL TEMA,SI,Las nieves los parques para los niños,03:02
2024-11-24 07:10:03,teléfono,1999-04-30,male,5,6,Un poco ansioso,Siembra de árboles,SI,Siembra de arboles,01:36
2024-11-24 10:49:32,teléfono,1950-07-16,male,2,,Muy Feliz,,SI,Escobar.. procurar asfaltar la calle 24 y que se haga algo con los terrenos abandonados pot sus ptopietarios.,04:11
2024-11-24 11:14:01,teléfono,1983-11-17,female,7,9,Un poco ansioso,"Que hayan salarios más dignos. Que se acaben las bandas delincuenciales que extorsionan y generan temor a todo, a emprender, a soñar, a proyectar, a arreglar la casa, temor a vestir bien o vivir mejor, porque uno busca que no lo fichen. Que haya un refugio para la gente de la calle.",SI,"Prohibir a los vecinos poner sus equipos a altos volúmenes, en especial, después de las 8pm. San Antonio. Señalización en la vía principal.",05:43
2024-11-24 11:21:50,teléfono,1984-04-04,male,4,5,Neutral,Generar empleo estable a los jóvenes,NO,,01:38
2024-11-24 13:14:15,teléfono,1971-11-08,male,8,6,Feliz,Seguridad,SI,Nariño,01:03
2024-11-24 14:19:51,teléfono,1967-06-07,female,8,10,Muy Feliz,La violencia,SI,Maracaibo,01:44
2024-11-24 14:19:16,teléfono,1974-05-29,male,10,10,Muy Feliz,Falta de respeto al progimo,SI,Los olmos   si  pudiera le colocaría máquinas en el parque para hacer ejercicio,04:56
2024-11-24 19:01:26,teléfono,1983-01-12,female,4,8,Neutral,La ciudad est muy abandonada hay mucho habitante de calle haciendo cambuches en parques y no pasa nada,SI,Diablo rojos cámaras para que los dueños de mascotas recojan los excrementos de sus perros por qué los dos parques que hay solo son cargader,02:07
2024-11-24 19:30:27,teléfono,1978-06-20,female,8,,Un poco ansioso,Me.gustaría que.no hayan tantos asesinatos,SI,"La.Villa, que haya  un programa de reciclaje y botaderos de basura en el mismo conjunto",01:59
2024-11-24 23:52:42,teléfono,1979-05-07,female,10,10,Feliz,La inseguridad  y la falta de unión ser más serviciales y que ayuden a la comunidad,SI,En guyacanes más cámaras de seguridad,02:42
2024-11-25 01:23:57,teléfono,1987-04-01,male,10,10,Muy Feliz,La alta incultura de muchos habitantes.,SI,"Barrio El Bosque, haría recipientes para almacenar la basura y que no sea foco de contaminación visual.",02:46
2024-11-25 01:39:44,teléfono,1970-06-26,male,7,10,Neutral,Yo haría los mejores esfuerzos para que la seguridad en nuestro municipio sea la mejor porque eso nos permitiría trabajar y visualizarnos para que nuestros negocios cada día mejoren mucho mas,SI,Jazmín mejoraría la facilidad de acceso al barrio ya que las calles mantienen muy congestionada,04:30
2024-11-25 02:52:40,teléfono,1990-09-26,female,6,10,Neutral,Oportunidad de empleo y la seguridad,NO,El palmar,01:22
2024-11-25 05:42:25,teléfono,1985-07-14,female,3,3,Temo por mi vida,que ayuden mas con viviendas gratis para ra las personas de estratos 1 gracias,SI,bocas de tulua via principal,02:15
2024-11-25 08:02:24,teléfono,2007-03-04,female,8,9,,,SI,Chiminangos. Más seguridad,03:09
2024-11-25 11:58:46,teléfono,1964-09-22,female,10,10,Feliz,La seguridad  Ma&#039;s cuidado con los niños,NO,San pedro claver mas seguridad,03:01
2024-11-25 12:23:45,teléfono,1984-06-25,female,5,5,Muy ansioso,Cambiaría que en los parques y las calles no hubiese consumos de drogas y fuera seguro,SI,"Pueblo nuevo, consumo de drogas",01:59
2024-11-25 12:31:30,teléfono,1975-01-22,female,10,,Feliz,"La inseguridad, la falta de oportunidad para el empleo",SI,"Guayacanes Mejoraría las calles, las pavimentaria",02:20
2024-11-25 12:44:21,teléfono,1996-11-26,female,9,8,Muy Feliz,Seguridad,SI,Tres esquinas  Seguridad Carretera  Aseo,01:10
2024-11-25 13:33:21,teléfono,1956-07-02,male,,10,Muy feliz,En tulua tiene todos conciencia valor político debe hacer temas sociales ambientales  empresa asociativa trabajo  y además tenemos un propuesta social que sería para tulua es reiclajes domiciliarios por trwue social   por cambio de reiclajes por abonos alimentos pago servicios comunitarios cada barr,SI,Parte vivienda recuperación de puntos críticos residuos sólidos   este reiclajes damosbonoa alimentos colocamos bodegas maquinarias comunita,06:14
2024-11-25 14:56:11,teléfono,1976-09-01,male,8,8,Feliz,"Cultura vial en las vías de la ciudad. respeto al espacio peatonal, respeto por los límites de velocidad en las ciudad, mano fuerte a los extorsionistas que no permiten trabajar, no al consumo de drogas en espacio público.",SI,"Mejora de espacios públicos para esparcimiento, mejora de vías, respeto a los sentidos viales, prohibir los piques y competencias vias barri",10:08
2024-11-25 15:27:58,teléfono,1997-04-15,female,1,10,Neutral,Mas empleo y mas cursos gratis para estudiar,SI,La pabimentacion,01:19
2024-11-25 15:38:29,teléfono,1977-01-19,female,10,,Feliz,,NO,Panamericano,01:13
2024-11-25 15:38:12,teléfono,1985-08-09,female,3,4,Neutral,Mejor servicio en los hospitales y clínicas del municipio a si como mejorar la seguridad del territorio,SI,"Seguridad,   via a tres esquinas",33:18
2024-11-25 19:30:19,teléfono,1970-01-15,male,10,10,Muy Feliz,Seguridad,SI,B/victoria,01:31
2024-11-26 06:27:57,teléfono,1990-03-10,female,10,10,Muy Feliz,"La percepción de las personas sobre la situación actual de Tuluá, para que vean más lo positivo que lo negativo, a través de campañas y actividades de gran impacto,  lo malo se contagia fácil, lo bueno hay que provocarlo",SI,"Vivo en casa arrendada y he estado en varios barrios. Haría actividades de carácter ludico, como pintura, recreativo y social con los niños",05:37
2024-11-26 08:01:47,teléfono,1999-04-05,female,8,8,Feliz,"La seguridad del municipio, que hayan más parques que nos hagan sentir seguros, con juegos que funcionen",SI,"villaLiliana, sería bueno que se pavimenten las calles",04:13
2024-11-26 08:23:16,teléfono,1996-01-04,female,5,4,Un poco ansioso,Más trabajo para la mujer,SI,Más oportunidades,01:13
2024-11-26 09:16:38,teléfono,1956-02-19,male,,9,Feliz,La antigua terminal.el alcalde tiene la oportunidad de hacer una obra de transformació.y el tre urbano desde la unidad central hasta andalucia.y el cable dr la marina .,SI,Dotar y mantener los parques con maquinas.luz y seguridad.,03:30
2024-11-26 14:26:52,teléfono,1991-10-07,female,7,5,Feliz,La seguridad que garantice la estabilidad del comercio,NO,Salida sur,01:19
2024-11-26 14:28:58,teléfono,1987-01-05,female,9,9,Muy Feliz,La seguridad,SI,"El bosque, la convivencia,el respeto por el espacio de los demas",01:09
2024-11-26 15:14:04,teléfono,1987-02-28,female,9,10,Feliz,Más empleo más apoyo a los deportistas,NO,Asoagrin,01:23
2024-11-26 15:31:08,teléfono,1995-04-25,female,9,10,Muy Feliz,La seguridad,NO,En el nuevo príncipe,01:02
2024-11-26 16:18:07,teléfono,1995-12-24,female,,6,Muy ansioso,Proyectos de vivienda para los pobres,SI,Portales del rio que hubiera más control con la gente q consume sustancias,01:45
2024-11-26 19:07:16,teléfono,1964-11-25,male,10,,Feliz,"Seguridad, precios justos en servicios públicos. Sobré todo el de verla muy ladrones, son cobros excesivos",SI,"Ornato , embellecimiento y alumbrando publico",03:53
2024-11-26 19:14:54,teléfono,1963-06-13,female,10,10,Muy Feliz,Seguridad,SI,Urbanización la villa. Que se construya el muro de contención del río,03:49
2024-11-26 20:50:58,teléfono,1984-06-25,female,7,7,Feliz,Seguridad,NO,El Dorado,01:20
2024-11-26 21:31:42,teléfono,1976-02-19,female,10,9,Muy Feliz,La seguridad y el bienestar para los adolescentes pues son lo que vienen atrás y que rico dejarles una ciudad donde puedas convivir sanamente,NO,El pinar,03:22
2024-11-26 22:02:32,teléfono,1981-01-13,male,10,10,Feliz,El iva,SI,"El bosque, pavimentar la única vía que falta en la entrada entre la cárcel y el bosque",01:25
2024-11-26 22:38:44,teléfono,1984-09-18,male,7,10,Feliz,Seguridad,SI,Las vías en muy mal estado,01:02
2024-11-26 22:49:19,teléfono,1962-05-20,female,,8,Feliz,La erradicacion de los viciosos de la calle 18 entre cra.30 y 34 y 33A. Que la policia realicen con mas frecuencia las rondas en Entrerios .,SI,Entrerios. Me gustaria mas señalizacion en las calles,06:53
2024-11-26 23:09:39,teléfono,1989-12-28,female,6,7,Neutral,"Seguridad, vías mejores, espacios para la familia y mascotas",SI,Aguaclara,01:25
2024-11-26 23:25:58,teléfono,1968-04-18,female,10,10,Muy Feliz,"La gente cambia cuando reconoce su condición y no hay cambios cuando el corazón está viciado y corrompido que es lo que vemos hoy ,degradación de la sociedad atrazo y delincuencia en Tuluá",SI,"Rojas, factor inseguridad",20:54
2024-11-27 08:20:21,teléfono,1990-03-30,female,5,3,Un poco ansioso,La violencia,SI,El escandalo,01:19
2024-11-27 13:24:44,teléfono,1950-01-31,male,9,9,Feliz,mayor seguridad y más combivencia,SI,jázmin,02:16
2024-11-27 13:45:30,teléfono,1984-03-03,female,10,10,Neutral,Fortalecer las empresas,SI,La esperanza fortalecer la seguridad,01:56
2024-11-27 16:21:21,teléfono,1996-03-27,female,2,0,Temo por mi vida,,NO,Aguaclara y hay mucha delincuencias muy peligrosos  hay que poner cámaras de seguridad en los postes,01:33
2024-11-27 16:24:33,teléfono,1990-05-25,female,0,0,Temo por mi vida,,NO,"Aguaclara toda principal hay muchos marihuaneros, mirando mal robando y hurtando",00:57
2024-11-27 17:05:44,teléfono,1996-03-12,female,5,5,Neutral,Tener un trabajo estable,SI,"Victoria; seguridad, vías",00:43
2024-11-27 19:25:34,teléfono,2000-03-12,male,10,10,Neutral,Que nosotros los pequeños emprendedores nos dejen trabajar y generar empleo tengo mi local comercial por más de 15 años 2 hijos que dependen de mi establecimiento 4 familias más q son los que me colaboran pero no nos quieren dejar trabajar en don pato estoy dispuesto a mejorar lo que me digan a su d,SI,Municipal mejorar el aspecto de mi local porque los vecinos están de acuerdo porque eso es desarrollo para el barrio con el local cerrado,04:21
2024-11-27 20:17:39,teléfono,1974-06-30,female,8,10,Feliz,"La cultura ciudadana, sobretodo de los conductores",SI,"Chiminangos, las vías estan en mal estado",02:20
2024-11-27 20:47:53,teléfono,1974-07-08,male,8,7,Neutral,"La inseguridad vial, mucho mejor de edad manejando moto sin casco y haciendo maniobras peligrosas",SI,"San Pedro Claver, implementar máquinas para hacer ejercicios en el parque del amor. Controles policiales a los mariguaneros en los parques.",03:25
2024-11-27 20:51:15,teléfono,1967-01-31,male,9,8,Muy ansioso,Muy ansioso,NO,No,01:44
2024-11-27 21:22:13,teléfono,1967-07-18,female,9,8,Feliz,"La verdad es tener un trabajo digno para con lo aprendido en la universidad,o a través de tus talentos. Eso sería muy sanador para todos..",SI,"Villanueva.  Hacer actividades que favorezca a los habitantes de mi barrio, organizar el parque y  gestión para reductores de velocidad..",06:10
2024-11-27 21:39:57,teléfono,1951-01-21,male,,10,Un poco ansioso,,SI,Barrio San Pedro Clavel barrio San Pedro Clare,04:50
2024-11-27 22:04:33,teléfono,1987-03-25,female,4,5,Un poco ansioso,Segutidad,SI,"Bosques de Maracaibo, iluminación",01:34
2024-11-27 23:56:54,teléfono,1962-02-03,male,5,7,Neutral,Apoyo personal,SI,Rubén cruz,01:24
2024-11-28 00:41:07,teléfono,1994-02-10,female,8,8,Un poco ansioso,La inseguridad,SI,"Entrerios, mejoraría sus vías y la señalización",02:00
2024-11-28 00:48:38,teléfono,2021-06-26,male,7,6,Un poco ansioso,Seguridad y modernizacion,SI,"La esperanza, sea más seguro y más ayuda en infraestructura",01:20
2024-11-28 02:22:06,teléfono,1999-06-23,female,5,5,Muy ansioso,Talleres sobr salud mental y que dicten clases para aprender a leer braile,SI,Pueblo nuevo la seguridad y hacer talleres educativos y recreativos para nuestros niños y que el parque mantiene vacío por el miedo a salir,02:01
2024-11-28 03:16:58,teléfono,1965-09-30,female,10,8,Muy Feliz,"Seguridad, apoyo a los vendedores ambulantes, ayuda para organizar los recicladores, más programas para los jóvenes , en opuparlos en actividades del medio ambiente, arreglos de parques con materiales reutilizables, como llantas, con instentivo de pagos, involucrar también, a los de las carceles",SI,"Urb, el palmar, hacer uso de la biblioteca, para toda la comuna 9 y todos escrucibamente para fomentar la lectura, hacer diplomados de medio",11:56
2024-11-28 08:53:26,teléfono,1980-09-19,male,10,10,Un poco ansioso,Son varios los puntos pero me gustaría ver a mi municipio bien bonito urbanísticamente y trabajar socialmente donde todas la personas puedan emprender y así generar más empleos porque tulua es la casa de todos y merecemos vivir en paz,SI,Vivo a las afueras de tulua pero trabajaría mucho en lo social y la seguridad,18:21
2024-11-28 18:11:52,teléfono,1979-11-08,female,6,8,Neutral,,,,00:45
2024-11-28 18:12:12,teléfono,1992-08-10,male,8,10,Neutral,"Que haya más unidad, eventos y lugares para esto.",SI,"Barrio victoria, demarcación de la señal de pare en cuadras, aumentar zonas verdes para diversión.",01:58
2024-11-28 18:45:06,teléfono,1996-12-26,male,7,9,Neutral,Liberación del parque Boyacá de las personas que le hacen daño. Y poner un nuevo letrero al parque ya que aún no se a dado gestión del cambio.,NO,Santa Inés. Luminacion y más seguridad para el tema de emociones de ruido y más control policial.,02:57
2024-11-28 20:29:39,teléfono,1993-08-06,male,9,10,Muy Feliz,Concientización social y humana en clínicas del sector privado,NO,Rubén Cruz Vélez.,01:05
2024-11-28 20:49:58,teléfono,1957-03-24,male,1,10,Muy Feliz,Más seguridad,SI,Andalucia,01:17
2024-11-28 22:02:21,teléfono,1987-02-12,male,10,10,Muy Feliz,La violencia,SI,La cultura ciudadana,01:19
2024-11-28 22:51:51,teléfono,1995-05-15,female,9,9,Neutral,,SI,"Progresar, mejoraria más la seguridad y el aseo",01:05
2024-11-28 22:50:37,teléfono,1997-03-18,male,10,10,Muy Feliz,"mucho más apoyo al campesino, apoyo a los jóvenes para evitar la inseguridad",SI,Rojas y apoyar a los jóvenes con recreaciones,02:50
2024-11-28 23:01:33,teléfono,1980-01-09,male,10,10,Muy Feliz,Más semáforos. Y pintar las calles y sobre todo los policías acostados,SI,En el príncipe. Y en la carrera 26 con 39 se llenó de reciclado Rea durmiendo,02:29
2024-11-28 23:08:01,teléfono,1986-08-14,female,0,1,No soy feliz,Mejores oportunidades para trabajar y una oportunidad para salir de deudas,SI,"Santa Rita etapa dos , pavimento",01:54
2024-11-28 23:20:48,teléfono,2006-06-27,female,10,10,Feliz,En Tuluá todo está muy bien. Lo único es el tema de seguridad sin embargo comprendo que el alcalde y su equipo está trabajando en ello. Me siento satisfecha por la evolución y avances que ha tenido Tuluá,NO,"Rubén Cruz, es un barrio muy tranquilo",01:59
2024-11-28 23:56:18,teléfono,2002-11-02,female,10,9,Feliz,Mejoraría las vías públicas y q dejen trabajar a quienes lo nesecitam y ayudar a las mujeres cabeza de hogar o madres jovenes y solteras con hij@s,SI,El parque y el estadio muy están muy abandonados tanto por la comunidad como por la alcaldía,02:39
2024-11-29 00:22:00,teléfono,1977-04-05,female,,9,Un poco ansioso,Mejores oportunidad laborales,SI,La paz,01:56
2024-11-29 02:19:07,teléfono,1963-04-14,female,9,9,Neutral,Que la violencia crse para que así la gente pueda salir o trabajar para su sustento,NO,"Marandua, decirle a gente que unidos cambiamos a tulua",04:41
2024-11-29 03:01:11,teléfono,1997-06-08,male,7,,Muy Feliz,Todos,SI,Palivoniti,02:08
2024-11-29 05:50:23,teléfono,1986-03-23,male,7,8,Un poco ansioso,Más control policial vivo en una calle principal en la esperanza hay días enteros en q no pasa ni un solo policía,NO,La esperanza nada,02:46
2024-11-29 06:58:58,teléfono,1986-02-23,female,7,7,Muy ansioso,Más fuentes de empleo apoyo a los empresarios tanto grandes como pequeños para q así mismo se genere trabajo,SI,Maria clara nariño y pavimentaria sus calles,01:39
2024-11-29 08:01:36,teléfono,1994-05-22,male,10,10,Muy Feliz,Quitaria los carrerilleros y que siga combatiendo todo lo malo 💪🏼💪🏼,SI,"Aguaclara, poner mas orden y controles de guardas de transito, cambiar las luces de los postes por luces led blancas e iluminaria lo oscuro",03:31
2024-11-29 08:15:55,teléfono,1978-07-02,male,9,9,Feliz,El comercio lo tienen acabado las extorsiones y el secretario de gobierno que no deja trabajar,NO,Fatima,01:49
2024-11-29 12:03:24,teléfono,1978-03-13,female,9,7,Muy Feliz,Mi temperamento,SI,San Pedro claver,01:02
2024-11-29 17:33:50,teléfono,1952-05-01,male,10,10,Muy Feliz,Mucho trabajo social apoyando los grupos organizados de la.comunidad.y mejorar la seguridad.,SI,Vivo en el barrio villa del río. Por medio de la junta de.accion comunal fomentar el trabajo asociativa.,05:59
2024-11-29 19:03:40,teléfono,1965-12-17,female,10,7,Feliz,La inseguridad,SI,"En aguaclara, faltan más centros deportivos",03:38
2024-11-29 20:54:07,teléfono,1987-08-23,female,5,5,Un poco ansioso,Que no haya tanta violencia,SI,Panamericano,01:30
2024-11-29 21:21:42,teléfono,1967-12-17,female,10,,Muy Feliz,,SI,Llegar ASER más unidos con la comunida,01:40
2024-11-29 21:28:54,teléfono,1967-11-28,male,10,10,Feliz,Seguridad,SI,Agua clara,02:19
2024-11-29 23:53:19,teléfono,1954-11-13,female,8,10,Neutral,La seguridad y el aseo en las calles,SI,La Bastilla no debería haber negocios que hagan tanta bulla pueden ubicarse en zona industrial,03:46
2024-11-30 09:01:13,teléfono,1976-01-19,female,9,8,Feliz,,SI,"Barrio, Santa Rita del Río Creo q podría mejorarse en cuanto apariencia pavimentado las dos cuadras q faltan alrededor del polideportivo.",05:59
2024-11-30 09:19:27,teléfono,1979-08-02,female,7,8,Neutral,Ja seguridad,SI,Bolivar,00:58
2024-11-30 12:15:45,teléfono,1959-03-12,male,10,,Muy Feliz,,SI,"B/EL PRINCIPE,una campaña para haya más silencio",01:52
2024-11-30 15:15:19,teléfono,1981-03-07,male,5,2,Muy ansioso,Que no solo se preocupen por los grandes empresarios bajo la premisa que es por ellos que hay progreso en la.ciudad.  ayuden a los tenderos vendédores ambulantes . Que Tulua cree un banco para las personas que los bancos rechazan por pobres o no tener respaldo. Osea le prestan al que tiene,SI,"Fátima, en mi barrio y en todos obligaría a los presidentes de juntas a tener más acciones con su población y no solo a recibir dinero",05:29
2024-11-30 16:02:11,teléfono,1995-10-31,female,4,10,Neutral,"Las autorizaciones para los pacientes en las Eps de tulua , que en mi caso estoy esperando una endoscopia y aún no ha sido posible la autorización",NO,"Urbanización la villa , aportar y participar  en alas actividades que se hagan dentro de ella",01:51
2024-11-30 18:00:46,teléfono,1980-07-09,male,8,8,Feliz,Segurodad,SI,San Benito,00:48
2024-11-30 18:31:06,teléfono,1979-08-11,female,9,7,Neutral,Las calles que faltan por tapar huecos,SI,7 canchas esa destapada,01:22
2024-11-30 19:40:20,teléfono,1966-04-24,female,6,,Un poco ansioso,,SI,"Parques,seguros donde las familias puedan departir,calles bien asfaltadas,muchos huecos,supermercados cerca,actividades lúdicos recreativas.",02:13
2024-11-30 20:33:25,teléfono,1959-06-02,male,7,10,Muy Feliz,Seguridad,SI,Tomas uribe - rebajar el costo de los servicios publicos,07:25
2024-11-30 21:32:41,teléfono,1964-09-13,female,,,Temo por mi vida,por que estoi delicada de salud,SI,por que yo vivo en las nieves y ningun alcalde a sido capas de pavimentar por la carrera 9a oeste conser que mi niño.y yo somos personas mui,05:08
2024-12-03 16:46:35,teléfono,2005-07-08,male,8,10,Neutral,,NO,"En la quinta, más unión de vecinos",00:48
2024-12-03 17:00:44,teléfono,1995-08-31,male,3,3,Un poco ansioso,"En esencia, profundización en la materialización de los planes, programas y actuaciones referentes a la consolidación de la seguridad. También, el desarrollo de actuaciones eficaces que promuevan un medio ambiente sano y un desarrollo de infraestructura  para que Tuluá  sea tierra de oportunidades.",SI,"Fátima, malla vial y transformación del parque de la familia  para que sea un espacio que fomente la cultura, el deporte y el turismo",05:38
2024-12-03 17:29:53,teléfono,1946-11-11,female,10,9,Feliz,El Alcalde,SI,El retiro,00:57
2024-12-03 17:46:25,teléfono,1986-07-27,female,10,10,Un poco ansioso,La inseguridad y que se acaben los homicidios,SI,"Brisas de Morales, el río Morales hacerle el muro para evitar inundaciones.",02:22
2024-12-03 20:52:44,teléfono,1984-07-15,female,8,10,Feliz,Deseo tener un trabajo  estable,SI,Barrio el retiro. Pavimentación de una parte de la calle. Colocaría reductores de velocidad,01:18
2024-12-03 20:46:16,teléfono,1994-08-04,female,10,8,Neutral,"Uno de los aspectos para mejorar en Tuluá, seria la forma de entretenimiento y recreacion, pienso que hacer un bulevar del río entre la calle 26 hasta la carrera 34 sería fabuloso,  ya que también sería un generador de empleo. (Aprovechar el lote que hay entre la calle 27 y 28 para gastrobares)",SI,Aguaclara. parques deportivos donde la comunidad en general encuentren un espacio cerca de su cuadra y no tengan que desplazarse tan lejos,16:16
2024-12-03 23:04:26,teléfono,1983-08-20,female,8,8,Feliz,La inseguridad en la que estamos viviendo ya que muchos negocios tienen que cerrar y mucho robo de moto por mi barrio,SI,Portales de San Felipe,01:21
2024-12-04 00:17:28,teléfono,1985-04-01,male,8,9,Feliz,La violencia,SI,"Lomitas, pavimentación de calles",01:24
2024-12-04 06:41:53,teléfono,1982-05-16,female,5,6,Neutral,Las vías más cómodas en tulua. Más seguridad más vigilancia. Ayuda económica. Madre soltera que a veces me siento agobiada con tanta cosa y tanto gasto.,SI,Los huecos en las calles,02:09
2024-12-04 07:51:04,teléfono,1995-01-14,female,7,8,Feliz,"La seguridad, la cultural vial, la limpieza de la ciudad, las calles rotas y sobre todo la delincuencia común, los habitantes de calle, ubicarlos en otro espacio para que no andén por toda la ciudad",SI,"San Benito, La rivera  Las calles están sin pavimento, los parqueaderos en la calle no dejan transitar libremente",03:39
2024-12-04 08:01:59,teléfono,2000-02-10,female,3,4,Un poco ansioso,,,,00:35
2024-12-04 08:16:28,teléfono,1978-04-14,male,10,10,Muy Feliz,Más seguridad más policías en la calles,SI,San Pedro Claver q se termine rápido el arreglo del parque,02:15
2024-12-04 10:47:22,computer,2016-08-07,male,10,9,Neutral,la seguridad.,NO,Victoria,
2024-12-04 13:10:59,teléfono,1993-06-24,male,10,10,Muy Feliz,Más seguridad,SI,Barrio victoria mucho habitante de calle,01:15
2024-12-05 17:02:23,teléfono,1982-04-04,male,2,2,Muy ansioso,Seguridad,SI,"Senderos de Villa Liliana, seguridad en especial para los comerciantes",01:24
2024-12-05 17:42:48,teléfono,1970-02-08,male,4,6,Resignado,"Siendo una cuidad donde no hay industria y le economía depende mucho del comercio, el ataque que hemos vivido los comerciantes para ejercer sanamente nuestro trabajo. En las dos administraciones , está y la pasada hemos sido atacados de formas distintas y no hemos podido hacer una reactivacion econ.",NO,Maracaibo,07:34
2024-12-05 18:28:59,teléfono,1984-12-16,female,10,10,Muy ansioso,Que la policía entre a realizar una inspección mas profunda en los barrios de alta peligrosidad y que de verdad se prohiva el consumo de drogas en las calles o cerca a los que no consumen,SI,Urbanización San Francisco  Que la policia colabore para que lod drogadicto no consuman sustancia frante a la gente que no consumen,03:18
2024-12-05 18:23:37,teléfono,1960-03-20,male,10,10,Feliz,"Cambiar la ciudad de insegura a segura , no despilfarrar los recursos estatales. Que la honestidad se una virtud, hacer respetar las normas, multa para los ruidos, ser muy amable, que la oficina de control de precios sirvan para algo, volver a colocar el logo de Tulua en El parque",SI,"El comportamiento ciudadano, los vecinos bullosos que la autoridad los coloque en su sitio",11:14
2024-12-05 18:48:53,teléfono,1954-02-09,male,9,10,Feliz,Solidaridad,SI,Avenida Cali en tuluá,01:30
2024-12-05 19:01:21,teléfono,1986-01-14,male,8,9,Feliz,Inversión en seguridad y fomento de nuevos emprendimientos,SI,"El lago, arreglo de vías de acceso y mejoramiento de las condiciones locativas del estadio 12 de octubre",01:44
2024-12-05 19:23:58,teléfono,1984-02-03,male,1,3,Muy ansioso,Actualmente tulua no cuenta con oportunidades de trabajo ni garantía de vivir tranquilo esto no solo por la violencia si no por el estado y deterioro de las edificaciónes y sobretodo las vías. Tenemos ahora un alcalde que solo le preocupa el recaudo y exprimir los habitantes pero de estabilidad nada,SI,Las ediciones abandonadas y la vigilancia por parte de la policía que en verdad brillan por su ausencia.,04:53
2024-12-05 19:47:59,teléfono,2000-07-04,female,0,2,Temo por mi vida,"Es básico, que no hayan más madres llorando a sus hijos, que dejen de asesinar jóvenes, que la cultura y el deporte tengan inversión real, que se metan en articulación efectiva con loas instituciones educativas, que triste que tengan que hacer una encuesta para saber lo obvio no queremos más muertos",SI,"Mejoraría que los niños que vi crecer dejen de estar expuestos al microtrafico, que la cultura y el deporte llegue. Que no haya más sangre",03:04
2024-12-05 19:50:11,teléfono,1968-04-08,male,10,10,Muy Feliz,"Mejorar el apoyo al deporte y traer de nuevo el fútbol profesional a la ciudad, otro equipo así ko sea cortulua.",SI,"Urbanización maría Clara, pavimentar las calles y organizar los parques.",02:39
2024-12-05 20:29:34,teléfono,1987-09-27,female,4,6,Neutral,"Oportunidades laborales, universidades",SI,"La paz, pero el barrio vecino hace que nuestro barrio sea visto como una olla yo volvería urbanización y lo cerraría como la villa",01:58
2024-12-05 20:54:44,teléfono,1958-05-15,male,8,8,Feliz,"Seguridad , comercio , bienestar social",SI,"El bosque, seguridad convivencia social",02:32
2024-12-05 21:04:03,teléfono,1982-03-14,male,9,10,Neutral,Disminuir la delincuencia y la falta de empleo.,SI,"Villa del Lago, más seguridad",01:08
2024-12-05 21:13:58,teléfono,1971-10-29,female,7,9,Feliz,"La inseguridad , la falta progreso",NO,Alvernia,01:44
2024-12-05 21:31:13,teléfono,1990-06-08,female,7,6,Un poco ansioso,"La seguridad, da mucha ansiedad y angustia salir a la calle sin saber que pueda pasar o pensar en familiares que puedan robarlos o ser atacados",SI,"San Benito, mejoraría las calles ya que genera angustia tener que entrar a tu casa en medio de barro y tierra",02:14
2024-12-05 21:44:37,teléfono,2001-01-01,female,,5,Neutral,Empleo,,Olmos  seguridad,01:18
2024-12-05 21:53:13,teléfono,1960-06-05,male,9,,Feliz,Más tranquilidad para trabajar seguridad,SI,B/ santa rita pavimentación llll  para las calles que están en pésimo estado,04:53
2024-12-05 22:04:46,teléfono,1964-05-08,female,10,9,Neutral,La inseguridad que hay actualmente y la criminalidad en general,SI,Barrio San Antonio pondría un semáforo en la carrera 28 a con 15 por que hay alto índice de accidentalidad,05:59
2024-12-05 22:45:48,teléfono,1958-12-21,female,,10,Una ciudad muy insegura,,SI,Barrio Tomás Uribe no se personalista la junta comunal no hay deporte ni  ejercicios para la gente joven entre la calle 19 hay un polideport,06:36
2024-12-05 22:51:55,teléfono,1978-01-05,male,6,8,Neutral,Todos aportaron lo que vemos ayudar ala al caldia aci mejorar las cosas cumplir,NO,Varrio la independencia,03:56
2024-12-05 23:29:51,teléfono,1983-11-11,male,6,4,Un poco ansioso,El pie de fuerza necesitamos más seguridad muchísima más eliminar las vacunas que tienen ahogado nuestro municipio,SI,Está olvidado la parte de iluminación pública,02:45
2024-12-06 00:04:40,teléfono,1983-09-12,male,9,9,Un poco ansioso,"Mejorar la seguridad en las calles, se siente uno inseguro.",SI,"Victoria, mejoraría la seguridad",01:22
2024-12-06 00:10:37,teléfono,1972-03-30,female,8,8,Un poco ansioso,La inseguridad,SI,"Victoria, mejoraria la señalización",02:37
2024-12-06 00:18:09,teléfono,1966-07-29,female,8,8,Neutral,"La atención en varias de las entidades como movilidad, hospital etc",SI,"Príncipe, señalización y mejorar la movilidad, la calle no es parqueadero.",
2024-12-06 00:33:49,teléfono,1964-10-06,female,8,8,Feliz,"Labindolencia, falta de empoderamiento y amor por Tuluá.",SI,"Barrio Príncipe,  control de gastrobares",02:53
2024-12-06 06:35:03,teléfono,1985-02-09,male,10,10,Muy Feliz,La seguridad,NO,"San Antonio, nada",00:57
2024-12-06 06:57:40,teléfono,1990-08-04,female,5,7,Un poco ansioso,"Mas seguridad, menos persecucion a Las motos, mas lugares para compartir en familia... Q triste q este año no tendremos alumbrados para salir a distraernos con nuestras familias",SI,Santa rita del río segunda etapa,11:03
2024-12-06 07:51:33,teléfono,1982-07-04,male,8,8,Feliz,"La seguridad, se ha convertido la ciudad en foco de violencia extrosiones y no se ve por ningún lado la aval dia, el campo olvidado, comerciantes abandonados, nos e ven obras de impacto social. No se ve absolutamente nada d eprogreso",SI,Nuevo príncipe. Vias sin pavimentar,01:42
2024-12-06 08:03:37,teléfono,1983-04-15,male,8,8,Feliz,Una disposición transparente y ambiciosa de tener la navidad más emocionante de la región. NO CENTRALIZADA en 4 paredes. Somos una ciudad que todos sus parques merecen decoración. Porque no seguimos el ejemplo de otras ciudades. Eso sí que motiva el turismo y nos hace relevantes,SI,"Sajonia.  Inversión en parques en iluminación, remodelación, espacios de juegos de niños",03:05
2024-12-06 09:38:12,teléfono,1958-03-24,female,5,9,Feliz,Que lo pagado en impuestos se refleje en el desarrollo estructural de la ciudad.  Que no se roben la plata en alianzas con contratistas hampones.,SI,"Las Acacias, vigilancia constante en el lago por parte de la policía ambiental para control de tanto desadaptado y drogadicto que destruye",07:04
2024-12-06 11:48:46,teléfono,1956-02-19,male,9,,Feliz,,SI,Centro.eso me permite decirle a la administración que eleve al máximo la zona del antiguo terminal.y un cable aéreo desde la marina .,03:08
2024-12-06 12:10:47,teléfono,1988-09-07,female,10,10,Muy Feliz,Necesitamos que la escuela Simón bolivar saque a los aprendices o bachilleres a patrullar la vía al picachos y las zonas por donde las personas realizan deporte! Para poder ser más feliz y hacer deporte tranquila!,SI,Barrio Bolivar y no hay cuadrante y no hay cámaras de seguridad! Tampoco se cumple con el plan de seguridad que iban a colocar cámaras HD,02:14
2024-12-06 12:15:43,computer,1955-07-09,male,10,10,Muy Feliz,Camabiaría los Principios y Valores para desarrollar y fortalecer las relaciones hacia el Interior de la Familia,SI,Salesiano. Mejoraria el Acercamiento con los vecinos,02:06
2024-12-06 14:11:52,teléfono,1980-01-07,female,8,10,Un poco ansioso,Empleabilidad,SI,Villa de las palmas 2da etapa,02:54
2024-12-06 14:17:29,teléfono,1966-06-16,male,10,10,Muy Feliz,La marina también es tuluá  Y hace falta la construcción del parquesito con máquinas de hacer ejercicios viosaludables en la  urbanización Morante esto ayudará para el bienestar de la comunidad,SI,En la marina urbanización Morante todo lo necesario para que nuestro alcalde nos construya el parquecito en la urbanización Morante .,07:48
2024-12-06 15:28:56,teléfono,1975-08-24,female,2,5,Temo por mi vida,Cambiar el alcalde y Consejo todo lo relacionado con los políticos corruptos fuera todos estad porquerias 🤔🙄☠💀,NO,Jardin sacar la Junta comunal q mo sirve para nada,02:55
2024-12-06 15:32:09,teléfono,1958-06-30,female,10,10,Un poco ansioso,Nada,SI,Urbanización la paz más cultura,01:43
2024-12-06 15:51:35,teléfono,1970-09-12,male,10,10,Neutral,La seguridad a los hampones no se les pueden dar beneficios de ninguna indole,SI,"Victoria , cámaras de vigilancia y demarcación de vias",03:05
2024-12-06 17:58:56,teléfono,1953-05-15,male,10,10,Feliz,La inseguridad. La corrupción pan de cada dia,SI,Lusitania. Mejorar el sentido. De pertenencia,04:00
2024-12-06 18:17:15,teléfono,1988-07-06,male,10,10,Feliz,Mejorar el transporte público,SI,Vías,02:05
2024-12-06 18:30:01,teléfono,1984-09-19,female,10,10,Muy Feliz,Los avitantes de calle  y la inseguridad,NO,Trinidad un par que para los niños,04:49
2024-12-06 18:34:47,computer,2006-01-14,male,8,8,Neutral,"SEGURIDAD, DESEMPLEO Y VADA CARA",SI,VILLA CASMPESTRE,01:24
2024-12-06 20:21:16,teléfono,1953-11-18,male,,10,Muy Feliz,controlar al motociclista,SI,nuevo farfan tener mejor atención del alcalde caresemos de eso,05:38
2024-12-06 20:34:59,teléfono,1985-03-06,male,7,8,Neutral,Cambiaría el mandatario que nos dejó sin el alumbrado tradicional de la transversal 12 está visto que a este señor no le importa el pueblo,SI,Portales de riopaila  le pondría reductores de velocidad a las cuadras anchas para que las motos y carros no andén a altas velocidades,04:27
2024-12-06 21:01:50,teléfono,1967-10-02,female,1,1,No somos nada,Cambiaría el desempleo.crear más empresas y poder dar trabajo a los tulueños.,SI,Vivo en nuevo farfan.mejorar la atención en el centro de salud.dar las citas personalmente.la linea de waza del hospital no funciona.,04:10
2024-12-06 20:46:09,teléfono,1956-01-01,male,,10,Muy Feliz,Lo único que puede cambiar a Tulua y a este mundo es el Señor jesucristo porque sólo Dios ase al hombre feliz murió por todos y el que quiera venga y beba de su amor eterno,SI,Barrios salesianos predicar su palabra dise el el Rey de la Gloria dise arrepentidos y bautizos en el Nombre de Jesucristo para perdón de lo,20:12
2024-12-06 21:11:41,teléfono,1984-11-14,male,8,,Feliz,,SI,Seguridad y progreso,00:35
2024-12-06 21:11:49,teléfono,1958-11-01,male,5,6,Neutral,Mejoraría el sistema vial decongestionaria el centro de la ciudad,SI,Señalización vial,02:45
2024-12-06 21:45:47,teléfono,1972-03-16,female,5,7,Un poco ansioso,"Primero la seguridad, ubicación de las personas que habitan en la balastrera pues es un foco de venta de alucinógenos. Promover festivales para microempresarios",SI,"Estoy recién ubicada en el nuevo barrio villa de las palmas que está situado en la nueva ciudadela parque central, evacuar la balastrera",09:41
2024-12-06 21:52:13,teléfono,1957-07-03,female,7,9,Feliz,"Queremos una tulua segura,hay demasiada gente loca por el consumo  de drogas ilegales",SI,"Vivo en el campo,pero todo lo compro en tulua",04:19
2024-12-06 21:55:41,teléfono,1987-06-23,male,3,3,Temo por mi vida,La seguridad. Hace falta incentivar el comercio y la pujanza,SI,La seguridad,01:30
2024-12-06 22:03:06,teléfono,1967-08-20,male,7,7,Feliz,Más oportunidades de trabajo,SI,Aguaclara Más obras de infraestructura y empleo,01:37
2024-12-06 22:16:35,teléfono,2000-07-29,male,7,7,Feliz,Cambiar el alcalde que promete y no cumple,SI,Mejoraría la seguridad de el barrio nuevo Fatima,01:25
2024-12-06 22:22:48,teléfono,1989-05-01,female,10,10,Feliz,La seguridad,SI,"En la merced, seguridad",01:50
2024-12-06 22:41:32,teléfono,1987-12-08,male,10,10,Feliz,"La seguridad aún le falta un poco más por cambiar.. Mucho bandido por ahí andando sin Dios y sin ley, sin cascos, es muy bueno lo que se piensa implementar referente al tema de tránsito, pero aún falta más control.",SI,"Barrio rojas, malla vial calle 22, es un caos todo el tiempo. Convertir una sola vía y destapar vía en la calle 23, continuidad.",05:27
2024-12-06 23:07:31,teléfono,1962-09-06,male,7,8,Feliz,Seguridad. Pienso seríamos mucho más felices,NO,Victoria,01:52
2024-12-07 07:36:42,teléfono,1989-09-06,female,8,9,Muy Feliz,"Que el alcalde deje tanto odio, hacia otro alcalde inepto y malo que tuvo la ciudad. El pueblo no tiene por qué pagar. Primero quito el yo amo tulua y después nos deja sin navidad en los parque y sitios emblemáticos. Al igual se está haciendo la oreja mocha contra la corrupción de los comerciantes.",SI,San felipe,02:28
2024-12-07 09:30:23,teléfono,1987-01-03,female,3,3,Muy ansioso,"La seguridad, hay mucho temor para salir a las calles, no sabes cuando nos toca una perdida y en lo laboral esta aún peor. Abusos laborales e igual robos al salir de los trabajos. Es frustrarte. Pero me encanta mi Tuluá, tengo fé que en algún momento  esté pueblo va a mejorar con el poder de Dios.",NO,"Victoria, mmmm unos vecinos que no saben el respeto por su entorno, ponen música a todo volumen.",05:49
2024-12-07 09:44:24,teléfono,1966-04-24,female,5,6,Temo por mi vida,"La seguridad,que haya oportunidades labirakez obra todos los ciudadanos,que los jóvenes tengan mas campo de acción ,educación y deporte y otras actividades más,que se restauren las calles muchos huecos por donde se transite,en fin debemos mejorar, ...mas autoridad pendiente del pueblo,menos corrupci",SI,"Seguridad,calles restauradas,parques temáticos,autoridad al cuidado de lis ciudadanos y no chateando.",04:55
2024-12-07 10:54:11,teléfono,1960-05-05,male,,,Feliz,Creo mas hayuda para lo de la calle,SI,Los servicios,03:15
2024-12-07 11:39:02,teléfono,1968-06-08,female,10,9,Muy Feliz,Darle oportunidad a las personas mayores para acceder a oportunidades de trabajo,SI,"Barrio victoria, la inseguridad",01:39
2024-12-07 13:58:35,teléfono,1985-07-29,male,10,10,Neutral,La seguridad,SI,"Br Av Cali. Inseguridad, aprovecharía y mejoraría el tramo del río desde la calle 34 hasta la cancha",01:55
2024-12-07 14:43:49,teléfono,1980-04-14,male,4,6,Un poco ansioso,"Seguridad en la ciudad es lo más importante, conbatir la estorsion de manera definitiva.  no estamos tranquilos a ningún momento por que uno sabe a que horas le van a pedir algo.",SI,Pavimentación hay varias calles si paimentar  Buenos aires,05:00
2024-12-07 14:53:33,teléfono,1991-01-28,male,4,4,Temo por mi vida,Totalmente mejorar la seguridad de todo los ciudadanos.,SI,Barrio fatima. Kay de policía en el parque de la familia,04:36
2024-12-07 15:47:24,teléfono,1982-04-06,male,10,10,,Lo dirigentes de la alcancía,SI,,01:22
2024-12-07 16:38:33,teléfono,1977-09-02,female,3,1,Muy Feliz,,SI,"Nuevo farfan gestonar pavimento, parques, escenario deportivo organizandolos",02:04
2024-12-07 16:41:55,teléfono,1977-09-02,female,1,4,Muy Feliz,"Mas oportunidades laborares por medio de proyectos, y apoyar el emprendimiento",SI,"Barrio nuevo farfan la seguridad,  los escenarios  deportivos el arreglo de los parques y gestionar pavimento  y repavinento",03:07
2024-12-07 16:58:56,teléfono,1961-10-11,male,,4,Temo por mi vida,Extorsión continúa,SI,Fachada de casas de color blanco,01:45
2024-12-07 17:01:54,teléfono,1985-06-29,female,9,8,Feliz,Seguridad,SI,Infraestructura vial,01:18
2024-12-07 18:25:14,teléfono,1956-01-09,female,7,8,Feliz,,SI,,01:00
2024-12-07 20:02:41,teléfono,1963-12-01,male,10,10,Muy Feliz,La seguridad hay muchos homicidios por extorsión..,SI,Barrio San Pedro Claver. Más compromiso con parques están abandonados no hay zonas de recreación.. so zonas de excrementos de perro y consum,10:06
2024-12-07 20:39:03,teléfono,1962-01-21,female,,10,Muy Feliz,,SI,,00:53
2024-12-07 20:45:29,teléfono,1962-09-14,female,8,8,Neutral,Bajar el costo de los servicios públicos y mejorar las entidades prestadoras de servicios de la salud,SI,Barrio popular trataría de conseguir que arreglen el parque del barrio pues está muy desmejorado,04:55
2024-12-05 21:59:42,teléfono,1975-01-10,male,7,9,Neutral,"Sin ser clasista, yo implementaria una campaña en los estractos bajos para que planifiquen muy bien su familia y no tengan tantos hijos, que no pueden educar bien",NO,"Barrio bolivar, la verdad es un muy buen barrio para vivir",37:24
2024-12-07 21:47:52,teléfono,1969-02-20,female,,,Feliz,Mejor trabajo un buen emprendimiento contando con los recursos para tener un sistema de vida sin tantas falias y poder tener una casa propia y mi negosio,SI,La seguridad controlar más las drogas es el peor viros,05:36
2024-12-07 22:40:26,teléfono,1990-04-04,male,7,8,Un poco ansioso,La cultura vial y los planes para embellecer la ciudad y atraer inversión,SI,"En el barrio Lomitas realizaría la pavimentación de varias cuadras, entre ellas la Cra 46 y Cra 45",02:05
2024-12-07 23:23:41,teléfono,1993-04-01,male,10,,Temo por mi vida,El sistema policial,SI,Agua clara más autorida,01:48
2024-12-08 00:25:31,teléfono,1963-07-09,male,7,6,Feliz,El copro de Servicios Públicos,SI,Ajuaclara la Segurida la Cultura de las Personas,03:10
2024-12-08 02:44:47,teléfono,1988-06-15,female,4,10,Muy Feliz,"Más seguridad al comerciante, que alumbren todo Tuluá como antes, que las citas sean menos demoradas, que le bajen al cobro del aseo en los servicios públicos",SI,Quitar un matorral que está sobre la carrera 18 a progresar y hagan un parque para niños y adultos,02:35
2024-12-08 05:03:54,teléfono,1958-08-29,male,5,7,Muy ansioso,Seguridad en la ciudad,SI,Centro. Seguridad,02:07
2024-12-09 16:51:29,teléfono,1975-04-18,female,9,10,Feliz,El terminal,SI,,01:43
2024-12-09 16:56:14,teléfono,2015-01-01,male,5,8,Un poco ansioso,Seguridad. Desempleo.,NO,Victoria,01:02
2024-12-09 18:07:32,teléfono,1958-06-30,female,10,10,Muy Feliz,Más oportunidades de trabajo,SI,Seguridad,00:52
2024-12-09 18:17:23,teléfono,1973-08-02,male,10,7,Feliz,MAS SEGURIDAD Y MAS EMPLEO,SI,PEÑARANDA Y ACABAR LAS CARRETILLAS DA PESAR COMO MALTRATAN LOS CABALLOS,03:20
2024-12-09 20:12:18,teléfono,1984-08-15,female,8,8,Neutral,Q haya más seguridad y q en los colegios enseñen la urbanidad de carreño,NO,"Nuevo príncipe ,que haya más seguridad",02:10
2024-12-09 21:02:03,teléfono,1982-03-08,female,7,8,Feliz,Seguridad  Empleabilidad,NO,Esperanza,02:05
2024-12-09 21:03:58,teléfono,1963-07-09,male,2,8,Neutral,El Alcalde,SI,Aguaclara,01:48
2024-12-09 22:14:33,teléfono,1989-05-04,male,9,10,Inseguro,Primero la seguridad segundo el bienestar en cada barrio la pavimentación en ellos y más fuerza pública integración con las familias paseos en la comunidades eso se perdió integración más oportunidad de empleo y estudio,SI,San Franciscos k lo pavimenten por un lado y la seguridad la integración de los jóvenes los niños hacer de sus vidas un mejor bienestar,03:47
2024-12-09 22:17:21,teléfono,1982-11-15,male,6,7,Neutral,"La cultura y la educación de los habitantes, hay mucho desorden y poca empatía.",SI,"En pueblo nuevo, mejoramiento en las vías y señalización en la carrera 19",03:34
2024-12-09 22:19:09,teléfono,1984-11-01,female,10,10,Muy Feliz,Pagar mis deudas,SI,Vivo en el cóndor 2 y terminaría nuestro parque,01:52
2024-12-09 22:16:29,teléfono,1957-05-24,male,1,5,Temo por mi vida,Que no dejen que tulua se derrumbe así como está vamos para el abismo cuando se a vía visto un diciembre sin alumbrado el rio tulua el sitio de reunión de los tulueños cada año día de las velitas se acabaron con mi tulua,SI,Seguridad general caminamos con miedo con sosobra escuchamos una moto y el corazón se agita,11:10
2024-12-10 12:56:09,teléfono,1980-04-29,male,6,7,Neutral,El alcalde ese señor no sirve para nada solo ataca al trabajador es un avaro,SI,,01:34
2024-12-10 12:56:44,teléfono,1970-03-28,male,8,6,Muy ansioso,Una mejor administración municipal,SI,Tomas uribe combatir el microrafico,03:06
2024-12-10 12:57:34,teléfono,1974-10-04,male,8,9,Feliz,La delincuencia y el acoso de las autoridades a la gente trabajadora,SI,Portales de riopaila que las autoridades estén más pendientes del ruido tan elevado por la música en varias casas q la policía llegue cuand,02:33
2024-12-10 13:04:53,teléfono,1981-03-14,male,8,9,Feliz,Mas seguridad. Para erradicar por completo con la extorción y el sicariato. Y atención uegente al barrio guayacanes que lo convirtieron en un conpleto basurero y nadie hace nada para corregir esto. Es una verguenza para la ciudad.,SI,"Barrio guayacanes   ya que lo convirtieron en un basurero, corregir esto y paimentarlo",07:52
2024-12-10 13:13:21,teléfono,1966-06-07,male,3,6,Un poco ansioso,La inseguridad  es peor problema que  tenemos junto a  la  extorcion y  la  falta de oportunidad  dr empleo  para  muestros  hijos  y demas poblacion,SI,Las  vias aledañas,04:24
2024-12-10 13:32:49,teléfono,1963-05-13,female,10,,Neutral,,SI,Reforzar la seguridad,01:44
2024-12-10 13:33:02,teléfono,1984-07-02,male,9,9,Muy Feliz,"La seguridad, más presencia del mandatario con los tulueños",SI,Mejorar las calles (pavimentar) Nuevo príncipe,02:09
2024-12-10 13:39:50,teléfono,1985-10-29,male,7,5,Neutral,al pueblo le falta más inversión en los niños Para que eesten ocupados aprendiendo algo y no el la calle cojiendo vicios,SI,"ma policía patrullando, se demoran mucho en pasar de nuevo.",03:44
2024-12-10 14:04:17,teléfono,1981-05-23,female,8,9,Feliz,"la seguridad social. libertad para construir empresa, salir sin miedo por la ciudad",SI,nuevo alvernia. apoyar con recursos la seguridad. Requerimos autoridad estratégica para todo Tuluá.,03:28
2024-10-22 22:56:22,teléfono,1980-07-17,male,8,8,Feliz,"Seguridad, confianza en las instituciones, que podamos iniciar cualquier negocio sin temor a que nos quieran extorsionar, que podamos andar libremente sin que tránsito quiera hacernos un comparendo por cualquier cosa, que de verdad se aplique la norma para prevenir accidentalidad y bienestar.",SI,"Buenos Aires, pavimentación, señalizacion de las vías, enbellecimiento de sus parques con bancas y zonas de diversión y deporte.",54:11
2024-12-10 14:52:06,teléfono,1977-01-14,female,3,10,Neutral,"Que se impulsará más empleo y permitieran que empresas se fijaran en Tuluá, dándoles un alivio de impuestos con la condición que los empleados sean todos de Tuluá, eso es paz y bienestar no solo llenar los bolsillos del alcalde y su comitiva por el periodo, sino el pueblo en conjunto",SI,Las vías son pésimas y se pagan el predial bien alto,05:13
2024-12-10 16:21:29,teléfono,1975-11-01,female,6,,Neutral,El desempleo,SI,Agua clara le daría un poco más de proyectos de recreación para los niños y mejoramiento en la vía  de la carrilera está en muy mal estado,05:34
2024-12-10 17:43:41,teléfono,1971-06-02,male,10,9,Muy Feliz,"La seguridad, más fuentes de empleo como obras civiles me concentraria en ayudar en la parte espiritual los retiros son clave",SI,Victoria creo que es un barrio muy agradable y la verdad no sé que mejorar está muy bien ubicado y es muy tranquilo,09:31
2024-12-10 18:01:16,teléfono,1963-01-30,male,,10,Muy Feliz,La. Falta de sentido de pertenencia hay gente que hace si  no criticar  pero no da ideas. Positivas,SI,Call 26 a la. Calle del sancocho la seguridad el barrio es.muy sólo,05:44
2024-12-10 18:20:18,teléfono,1996-07-04,female,6,4,Muy ansioso,La falta de empleo y las trabas al vendedor informal y/o ambulante,NO,"Portales del rio, el sector donde vivo es agradable, con buena convivencia",02:41
2024-12-10 21:30:19,teléfono,1973-04-15,male,5,10,Muy ansioso,El respeto en las vias los semáforos los pares los domiciliarios ni respetan creo que cuando hubo los reductores de velocidad de tres funcionaba mucho,NO,Limonar,07:19
2024-12-10 21:38:23,teléfono,1994-01-28,female,,6,Temo por mi vida,Más espacios de diversión familiar,SI,Portal de San Felipe la iluminación y seguridad,01:47
2024-12-11 06:05:21,teléfono,1956-02-19,male,9,8,Feliz,La vieja terminal.ese lugar debe transformar la ciudad.y los parques.mas equipos para trabajo fisico..se debe impactar el turismo con un cable desde la marina a estambul.,SI,Seguridad y mejor centro de salud.,04:11
2024-12-11 11:43:26,teléfono,1965-06-21,male,8,8,Feliz,La seguridad y el empleo,SI,Principe semáforos,02:36
2024-12-11 15:41:54,teléfono,1964-11-01,female,7,6,Neutral,Más oportunidades alos jóvenes de trabajo y universidades alos estractos 1 2 3 gratis,SI,Sampedro clavel  los parque hacer gimnacio para los adultos,05:48
2024-12-11 16:10:40,teléfono,1962-03-19,male,9,,Feliz,"La seguridad,están extorsionando bastante nuevamente",SI,"Alameda 1,el ruido de los vecinos cuando sacan los parlantes a la calle y les ponen mucho volumen",02:46
2024-12-11 16:21:13,teléfono,1967-01-15,female,8,9,Neutral,"Pertenezco al gremio docente y la verdad todo i a muy bien con el final de Año escolar, pero en mi Institución, María Antonia Ruiz, se daño la felicidad de haber logrado el primer puesto en el ICFES, por la actitud del señor Vidales, con nosotros. En lugar de motivarnos, sentimos que se extralimita.",SI,"El manejo de las mascotas, demasiado ruidosas y no tienen control de sus amos para los desechos",04:22
2024-12-12 00:03:52,teléfono,1969-04-09,female,10,10,Feliz,"No solo en Tulua sino en todo el mundo, ser más seres humanos",SI,En todos los barrios la seguridad,05:01
2024-12-12 15:17:39,teléfono,1984-07-13,male,8,10,Feliz,Seguridad,SI,Alameda,00:37
2024-12-12 21:11:45,teléfono,1967-10-02,female,5,,Neutral,,SI,,02:04