"Identificador de la publicación","Identificador de la página","Nombre de la página",Título,Descripción,"Duración (segundos)","Hora de publicación","Tipo de subtítulo","Enlace permanente","Es una publicación cruzada","Es una publicación compartida","Tipo de publicación",Idiomas,"Etiquetas personalizadas","Estado de contenido financiado","Comentario sobre los datos",Fecha,Visualizaciones,Alcance,"Reacciones, comentarios y veces que se compartió",Reacciones,Comentarios,"Veces que se compartió","Total de clics","Consumo de segmentación del público coincidente (Photo Click)","Clics de otro tipo","Clics en el enlace","Segundos reproducidos","Segundos en promedio reproducidos","Ingresos estimados (USD)","Impresiones del anuncio","CPM del anuncio (USD)"
1126026416231356,100064720237286,"Alcaldía de Tuluá","#BienestarSocial | Ni la lluvia opacó la alegría de más de 1500 niños en Tuluá.

La alegría fue la protagonista en Tuluá durante la celebración del Día del Niño, donde más de 1.500 pequeños, acompañados de sus familias, participaron en una jornada llena de juegos y diversión. Ni la lluvia logró empañar este evento, que fue organizado por la Administración Municipal en el marco de la estrategia ""Brújula"". 

Lee la noticia completa: ⬇⬇⬇
",,0,"04/28/2025 10:23",N/A,https://www.facebook.com/AlcaldiaDeTulua/posts/pfbid04VCjQpZB4JMJP1azBYtnx3iRvHkA43xJZ4XdvME5NBySwRSvMGgYPzC7azikQbEyl,0,0,Enlaces,,,,,Total,2725,1959,46,38,1,7,52,,23,29,,,,,
1151175230383141,100064720237286,"Alcaldía de Tuluá","➡️Conoce las noticias más importantes de la semana en nuestro resumen semanal “45 segundos” #ParaSerFelices 💙✅","➡️Conoce las noticias más importantes de la semana en nuestro resumen semanal “45 segundos” #ParaSerFelices 💙✅",78,"05/31/2025 16:10",uploaded,https://www.facebook.com/reel/1357477342145161/,1,0,Reels,,,,,Total,3610,1820,119,94,5,20,73,,73,,43683.873,13.261,0,0,
1150943927072938,100064720237286,"Alcaldía de Tuluá","#Educación | Tuluá realizó con éxito la primera Mesa Pública del Programa de Alimentación Escolar.

Durante el encuentro, la Secretaría de Educación expuso los avances y acciones realizadas en materia de inspección, control y vigilancia del PAE, destacando las visitas periódicas a las instituciones educativas y la atención oportuna a las quejas ciudadanas, en un esfuerzo constante por garantizar la transparencia y el buen uso de los recursos públicos.

Lee la noticia completa:⬇️⬇️⬇️
",,0,"05/31/2025 08:47",N/A,https://www.facebook.com/AlcaldiaDeTulua/posts/pfbid02NMVmNiLSvbaF1Kcx3Wresk1P5CL3p1yCTMawdWxatSoEU1wZocX3UAAEmH3f4qfal,0,0,Enlaces,,,,,Total,1837,1236,36,31,0,5,17,,9,8,,,,,
1150905053743492,100064720237286,"Alcaldía de Tuluá","🍎 ¡Tuluá realizó con éxito la primera Mesa Pública del PAE! 🗣️📚

Escuchamos a la comunidad, estuvimos con padres de familia, estudiantes, docentes, y con la asistencia de las autoridades competentes, compartimos avances y reafirmamos nuestro compromiso con la alimentación y el bienestar de nuestros estudiantes 💙.

¡Seguimos trabajando con transparencia y amor por la educación! 👧👦✨#ParaSerFelices","🍎 ¡Tuluá realizó con éxito la primera Mesa Pública del PAE! 🗣️📚

Escuchamos a la comunidad, estuvimos con padres de familia, estudiantes, docentes, y con la asistencia de las autoridades competentes, compartimos avances y reafirmamos nuestro compromiso con la alimentación y el bienestar de nuestros estudiantes 💙.

¡Seguimos trabajando con transparencia y amor por la educación! 👧👦✨#ParaSerFelices",63,"05/31/2025 07:55",N/A,https://www.facebook.com/reel/1334254617661700/,1,0,Reels,,,,,Total,3310,1448,260,163,4,93,22,,22,,23034.412,7.471,0,0,
1150408767126454,100064720237286,"Alcaldía de Tuluá","🎉 ¡Celebramos 200 años de historia, tradición y pujanza! 🇨🇴💙

Hoy conmemoramos nuestro Bicentenario, honrando a una tierra construida con el esfuerzo y la resiliencia de su gente 💪.

Agradecemos a la Gobernadora Dilian Francisca Toro, al Concejo Municipal, representantes a la cámara, diputados, concejales y demás asistentes por acompañarnos en esta fecha tan especial 🙌.

📸 Desliza y revive esta celebración inolvidable. 🎊 #ParaSerFelices 💙 Concejo Municipal Tuluá",,0,"05/30/2025 18:02",N/A,https://www.facebook.com/AlcaldiaDeTulua/posts/pfbid04umvYRNTwdt6tkVf6AEYqqn9VWvcXYHri83pGDs6Y5Kw64bXeGQMF11hEDFv6cnLl,0,0,Fotos,,,,,Total,5141,3145,84,58,20,6,460,321,139,,,,,,
1150291103804887,100064720237286,"Alcaldía de Tuluá",,,0,"05/30/2025 13:35",N/A,https://www.facebook.com/AlcaldiaDeTulua/posts/pfbid02vPNweVtQM5cqQ1EumXZFXhkDQ564XUht3RJfutC4Mhwi6hsx5ezME84qeS7CY7xYl,0,1,Fotos,,,,,Total,1999,1243,46,36,5,5,95,69,26,,,,,,
1150175747149756,100064720237286,"Alcaldía de Tuluá","#Noticias | Alcaldía de Tuluá levanta medidas restrictivas adoptadas durante jornadas de movilización.

Tras la culminación de las jornadas de movilización social llevadas a cabo los días 28 y 29 de mayo de 2025, se realizó una evaluación general en el Puesto de Mando Unificado (PMU), en la cual se presentó un balance positivo del comportamiento ciudadano y del desarrollo de las actividades durante dichos días.

Lee la noticia completa:⬇⬇⬇
",,0,"05/30/2025 10:35",N/A,https://www.facebook.com/AlcaldiaDeTulua/posts/pfbid0SSvM4Y2edepdkyCf93XWUxyTuZrDQsHCKvRcCvPhHN6fbmJ3GUwfRdUVh9UVw1e3l,0,0,Enlaces,,,,,Total,4938,2896,52,40,3,9,252,,45,207,,,,,
1150048180495846,100064720237286,"Alcaldía de Tuluá","🎉 ¡Tuluá celebra 200 años de historia, cultura y progreso! 🏞️

Hoy honramos el legado de nuestro municipio, el Corazón del Valle 💙, que late con fuerza gracias a su comunidad, su tradición y su visión de futuro.

🚶‍♀️🚶‍♂️ Desde sus raíces hasta el presente, Tuluá ha sido testigo de grandes transformaciones y sigue siendo tierra de oportunidades, alegría y esperanza. #ParaSerFelices 💪🏼💙

🎂 ¡Feliz Bicentenario, Tuluá! 💚❤️🤍 #Bicentenario #200años #Tuluá","🎉 ¡Tuluá celebra 200 años de historia, cultura y progreso! 🏞️

Hoy honramos el legado de nuestro municipio, el Corazón del Valle 💙, que late con fuerza gracias a su comunidad, su tradición y su visión de futuro.

🚶‍♀️🚶‍♂️ Desde sus raíces hasta el presente, Tuluá ha sido testigo de grandes transformaciones y sigue siendo tierra de oportunidades, alegría y esperanza. #ParaSerFelices 💪🏼💙

🎂 ¡Feliz Bicentenario, Tuluá! 💚❤️🤍 #Bicentenario #200años #Tuluá",29,"05/30/2025 07:03",uploaded,https://www.facebook.com/reel/1397169488102142/,1,0,Reels,,,,,Total,4855,2976,215,156,10,49,44,,44,,28243.075,6.598,0,0,
1149524000548264,100064720237286,"Alcaldía de Tuluá","🛑 ¡Conoce cómo funciona nuestra nueva demarcación vial en la Sarmiento! 🛵

Hemos implementado esta señalización en la zona céntrica para mejorar la movilidad en este sector de Tuluá ✅
🚗 No estaciones tus vehículo allí ❌
🛵 Es una zona exclusiva para el tránsito de motocicletas.

💬 Te invitamos a sumarte con respeto y compromiso. ¡Entre todos hacemos de Tuluá una ciudad más ordenada y segura! #ParaSerFelices 💙","🛑 ¡Conoce cómo funciona nuestra nueva demarcación vial en la Sarmiento! 🛵

Hemos implementado esta señalización en la zona céntrica para mejorar la movilidad en este sector de Tuluá ✅
🚗 No estaciones tus vehículo allí ❌
🛵 Es una zona exclusiva para el tránsito de motocicletas.

💬 Te invitamos a sumarte con respeto y compromiso. ¡Entre todos hacemos de Tuluá una ciudad más ordenada y segura! #ParaSerFelices 💙",46,"05/29/2025 14:23",auto,https://www.facebook.com/reel/1032520648553611/,1,0,Reels,,,,,Total,12188,6532,433,297,47,89,628,,628,,199693,18.478,0,0,
1149473777219953,100064720237286,"Alcaldía de Tuluá","#Obras | Desmonte de Puente Peatonal da inicio a construcción de Intercambiador de la 40.

Con el desmonte del puente, la Administración Municipal de Tuluá marca el inicio de una intervención que no solo mejorará la movilidad, sino que también conectará con la futura ruta turística hacia el Picacho, fortaleciendo así la vocación turística del municipio.

 Lee la noticia completa: ⬇⬇⬇",,0,"05/29/2025 12:32",N/A,https://www.facebook.com/AlcaldiaDeTulua/posts/pfbid0hgyas8cFnSMZvueZa4ve7qKQGMbCueFXPkg4ZAE9xoepiS5ExZrKbK4hvrkuGvNql,0,0,Enlaces,,,,,Total,1892,1191,32,23,0,9,44,,9,35,,,,,
1149409177226413,100064720237286,"Alcaldía de Tuluá","🚧 ¡Arrancamos el Intercambiador de la 40! 👷‍♂️💥

Desmontamos el puente peatonal para darle paso al Intercambiador de la 40 🛣️, una megaobra que transformará la movilidad de Tuluá y abrirá camino hacia nuestra futura ruta turística al Picacho ⛰️✨🔧 ¡#ParaSerFelices","🚧 ¡Arrancamos el Intercambiador de la 40! 👷‍♂️💥

Desmontamos el puente peatonal para darle paso al Intercambiador de la 40 🛣️, una megaobra que transformará la movilidad de Tuluá y abrirá camino hacia nuestra futura ruta turística al Picacho ⛰️✨🔧 ¡#ParaSerFelices",62,"05/29/2025 11:01",N/A,https://www.facebook.com/reel/677263668626017/,1,0,Reels,,,,,Total,11596,5902,502,360,28,114,490,,490,,163905.573,16.237,0,0,
1149385570562107,100064720237286,"Alcaldía de Tuluá","👶✨ ¡Muy pronto tendremos el Centro de Desarrollo Infantil Mar de Ideas!
Donde vamos a transformar vidas, creando sonrisas. 📚🍎🎨
Espacios donde nuestra infancia será feliz. 💙
#ParaSerFelices","👶✨ ¡Muy pronto tendremos el Centro de Desarrollo Infantil Mar de Ideas!
Donde vamos a transformar vidas, creando sonrisas. 📚🍎🎨
Espacios donde nuestra infancia será feliz. 💙
#ParaSerFelices",38,"05/29/2025 10:19",uploaded,https://www.facebook.com/AlcaldiaDeTulua/videos/1012588251038507/,0,0,Videos,,,,,Total,3474,2946,159,116,10,33,119,,119,,28660.139,9.209,0,0,0
1148840360616628,100064720237286,"Alcaldía de Tuluá","‼️🚨*Cierre de carrera 40 por inicio de obras del intercambiador de la 40, este jueves, 29 de mayo**➡️La Alcaldía de Tuluá informa a la ciudadanía que, debido al inicio de la *construcción del Intercambiador Vial de la Carrera 40* , se realizará un cierre temporal como parte de la primera fase de esta importante obra de infraestructura desde las 8 de la mañana hasta las 12 del mediodía.✅💪🏼","‼️🚨*Cierre de carrera 40 por inicio de obras del intercambiador de la 40, este jueves, 29 de mayo**➡️La Alcaldía de Tuluá informa a la ciudadanía que, debido al inicio de la *construcción del Intercambiador Vial de la Carrera 40* , se realizará un cierre temporal como parte de la primera fase de esta importante obra de infraestructura desde las 8 de la mañana hasta las 12 del mediodía.✅💪🏼",56,"05/28/2025 17:38",N/A,https://www.facebook.com/reel/1020426440202088/,0,0,Reels,,,,,Total,11304,7325,279,209,16,54,373,,373,,191869.788,19.291,0,0,
1148830737284257,100064720237286,"Alcaldía de Tuluá","👶✨ ¡Así construimos futuro en Tuluá!

Te presentamos el CDI Mar de Ideas, una obra con el sello del alcalde Gustavo Adolfo Vélez Román, que transformará la vida de 400 a 500 niños. 📚🍎🎨 Educación, nutrición y cuidado con amor desde la primera infancia 💫
#ParaSerFelices","👶✨ ¡Así construimos futuro en Tuluá!

Te presentamos el CDI Mar de Ideas, una obra con el sello del alcalde Gustavo Adolfo Vélez Román, que transformará la vida de 400 a 500 niños. 📚🍎🎨 Educación, nutrición y cuidado con amor desde la primera infancia 💫
#ParaSerFelices",39,"05/28/2025 17:17",uploaded,https://www.facebook.com/reel/688825214109022/,1,0,Reels,,,,,Total,3070,2046,114,82,8,24,150,,150,,23885.507,8.679,0,0,
1148811943952803,100064720237286,"Alcaldía de Tuluá","#Noticias | Cierre de la carrera 40 por inicio de obras del intercambiador de la 40.

El cierre se llevará a cabo el día jueves, 29 de mayo, entre las 8:00 de la mañana y las 12:00 del mediodía , y comprenderá el tramo de la carrera 40 entre las calles 36 y 43 (frente al Parque de la Familia). Esto con el fin de permitir las labores de demolición y desmonte del puente peatonal, trabajos que requieren el uso de maquinaria especializada.

Lee la noticia completa:⬇⬇⬇
",,0,"05/28/2025 16:33",N/A,https://www.facebook.com/AlcaldiaDeTulua/posts/pfbid027qVBx9L5CFV63aeB6uV3b4gbGSSrkQfSs6BFdnHmKA95zU9TPpyS9RiaYNNhF11jl,0,0,Enlaces,,,,,Total,2116,1418,21,15,1,5,38,,11,27,,,,,
1148774883956509,100064720237286,"Alcaldía de Tuluá","#Noticias | Manifestación en Tuluá transcurrió con tranquilidad.

El acompañamiento institucional durante todo el recorrido, así como el trabajo articulado entre las autoridades, permitió garantizar un ambiente de seguridad y convivencia tanto para quienes participaron de la marcha como para la ciudadanía en general.

Lee la noticia completa:⬇⬇⬇
",,0,"05/28/2025 15:05",N/A,https://www.facebook.com/AlcaldiaDeTulua/posts/pfbid02a7x6XBg6JpYieMc5SeAZi3yvs4bj8P5oTmuGnmPQaA4VHKVJdEm8mZsLf7agxz7ol,0,0,Enlaces,,,,,Total,2369,1615,36,27,7,2,74,,38,36,,,,,
1148774057289925,100064720237286,"Alcaldía de Tuluá","#Turismo | Tuluá se fortalece como destino turístico con proyectos de alto impacto.

Con el fin de dar inicio a la primera fase de dos importantes proyectos turísticos para Tuluá, el alcalde Gustavo Adolfo Vélez Román , en compañía de la Secretaría de Turismo del Valle del Cauca , realizó una visita técnica a los sectores donde se ejecutarán las obras de la Cruz del Picacho y el Lago Chillicote. 

Lee la noticia completa: ⬇⬇⬇
",,0,"05/28/2025 15:03",N/A,https://www.facebook.com/AlcaldiaDeTulua/posts/pfbid0RpzQ7rioCTQYsTkvasyssKWYvi1p2K3PU3VgjBHfJyCDFRVfYmzsr3yYqvbMU5B4l,0,0,Enlaces,,,,,Total,4127,2800,83,65,11,7,167,,56,111,,,,,
1148734363960561,100064720237286,"Alcaldía de Tuluá","Primer paso para iniciar proyectos de Cruz del Picacho y Lago Chilicote✅ 🌟

En un encuentro estratégico con la Secretaría de Turismo del Valle del Cauca, el alcalde @gustavovelezr realizó una Mesa Técnica para iniciar con la construcción de los proyectos que posicionarán a Tuluá como un destino competitivo, atractivo y lleno de identidad. 🏞️📈

Estamos trabajando con planificación, para impulsar la economía local con obras que proyectan al municipio como referente turístico con La Cruz del Picacho y la renovación del Lago Chilicote. #ParaSerFelices 💪🏼💙","Primer paso para iniciar proyectos de Cruz del Picacho y Lago Chilicote✅ 🌟

En un encuentro estratégico con la Secretaría de Turismo del Valle del Cauca, el alcalde @gustavovelezr realizó una Mesa Técnica para iniciar con la construcción de los proyectos que posicionarán a Tuluá como un destino competitivo, atractivo y lleno de identidad. 🏞️📈

Estamos trabajando con planificación, para impulsar la economía local con obras que proyectan al municipio como referente turístico con La Cruz del Picacho y la renovación del Lago Chilicote. #ParaSerFelices 💪🏼💙",61,"05/28/2025 13:29",N/A,https://www.facebook.com/reel/1010730291255905/,1,0,Reels,,,,,Total,9823,4399,569,380,52,137,383,,383,,132171.128,15.271,0,0,
1148570120643652,100064720237286,"Alcaldía de Tuluá","🗳️ ¿Sabías que tú también puedes ser parte del cambio?
🔥 El Consejo Municipal de Juventudes es el espacio para que los jóvenes alcen su voz, propongan y construyan la ciudad que soñamos 💡🏙️
⠀📣 Si tienes entre 14 y 28 años... ¡Participa como candidato o vota! Porque la democracia también es para los jóvenes. 💪
⠀
👀 Infórmate, involúcrate y marca la diferencia. ¡Tu voz cuenta! #ParaSerFelices 💙✅","🗳️ ¿Sabías que tú también puedes ser parte del cambio?
🔥 El Consejo Municipal de Juventudes es el espacio para que los jóvenes alcen su voz, propongan y construyan la ciudad que soñamos 💡🏙️
⠀📣 Si tienes entre 14 y 28 años... ¡Participa como candidato o vota! Porque la democracia también es para los jóvenes. 💪
⠀
👀 Infórmate, involúcrate y marca la diferencia. ¡Tu voz cuenta! #ParaSerFelices 💙✅",37,"05/28/2025 08:32",N/A,https://www.facebook.com/reel/1446226286729525/,1,0,Reels,,,,,Total,1436,1154,25,15,1,9,13,,13,,5609.227,4.207,0,0,
1148089550691709,100064720237286,"Alcaldía de Tuluá","🎨 ¿Eres artista, gestor cultural o amante del arte?
Entonces esto es para ti 👇

📢 Conoce en qué consiste la Política Pública de Arte y Cultura 2025, a quién va dirigida y por qué es clave que alces tu voz para construir una cultura transformadora 🙌 💡 Tu opinión, tu experiencia y tu talento pueden marcar la diferencia.
🎭 ¡La cultura en Tuluá la hacemos entre todos! 👉 Desliza y entérate de todo #ParaSerFelices",,0,"05/27/2025 17:41",N/A,https://www.facebook.com/AlcaldiaDeTulua/posts/pfbid0RhnLrUufvjgPHNiB1BLjAnBeb4kTwZfnffjtziz7eUifCdmVG2cWiGh9FexWsseDl,0,0,Fotos,,,,,Total,2306,1686,20,15,1,4,40,24,16,,,,,,
1148062884027709,100064720237286,"Alcaldía de Tuluá","#BienestarSocial | Feria de empleabilidad abrió oportunidades a personas con discapacidad.

Durante la feria se ofrecieron vacantes laborales, asesorías personalizadas, orientación sobre inclusión laboral y acceso a programas de formación, todo ello gracias a la participación activa de empresas e instituciones aliadas que creen en la equidad, la diversidad y la inclusión como ejes fundamentales del desarrollo.

Lee la noticia completa:⬇️⬇️⬇️
 ",,0,"05/27/2025 16:48",N/A,https://www.facebook.com/AlcaldiaDeTulua/posts/pfbid02cuFfVHn7fgECAAEo6svvgMGthcBcsjPeFwGzu9NJpXso9Lq4n6WWtynHbYMFsNGal,0,0,Enlaces,,,,,Total,2397,1990,37,26,1,10,55,,24,31,,,,,
1148062080694456,100064720237286,"Alcaldía de Tuluá","#Cultura | FestiArte: la cultura se toma Tuluá.

Con diferentes muestras artísticas  la Administración Municipal, a través del Departamento de Arte y Cultura, realizó con éxito la primera edición de FestiArte, una estrategia que lleva el arte y la cultura directamente a la comunidad tulueña

Lee la noticia completa:⬇️⬇️⬇️
",,0,"05/27/2025 16:46",N/A,https://www.facebook.com/AlcaldiaDeTulua/posts/pfbid02maPG4yqpfgJcruwanFn8ejPKAGU1GwUyHfmnV5JNjECkFjy8FMtATEVLUCpFhpYxl,0,0,Enlaces,,,,,Total,1746,1422,16,14,0,2,9,,4,5,,,,,
1148041784029819,100064720237286,"Alcaldía de Tuluá","#Movilidad | 2.000 metros de señalización vial en la calle 22.

Como parte de estos avances, se realizó la aplicación de la técnica del topping, una solución que mejora significativamente la superficie de la vía, facilitando el tránsito vehicular y peatonal. Además, y se viene adelantando la señalización horizontal de 2.000 metros lineales y 450 metros cuadrados, lo que contribuirá a una mayor organización y visibilidad en la vía.

Lee la noticia completa: ⬇⬇⬇
",,0,"05/27/2025 16:02",N/A,https://www.facebook.com/AlcaldiaDeTulua/posts/pfbid02xTBYapqAmgTizNFok1t4tiJ91uetSsbMHyuZR7x2YxknddvR22NeFrAZeTpxqqEjl,0,0,Enlaces,,,,,Total,1674,1456,28,19,0,9,6,,4,2,,,,,
1148034627363868,100064720237286,"Alcaldía de Tuluá","Tuluá volvió a creer. Parte 3. 💙💪🏼","Tuluá volvió a creer. Parte 3. 💙💪🏼

En este tercer bloque, seguimos mostrando cómo el alcalde Gustavo Adolfo Vélez Román, transforma vidas con acciones reales 💪

📍Más inclusión
📍Más atención a la comunidad
📍Más oportunidades #ParaSerFelices 🫶

Cada historia, cada rostro, cada logro... es una muestra de que en Tuluá, lo social sí importa. 💙",131,"05/27/2025 15:53",auto,https://www.facebook.com/AlcaldiaDeTulua/videos/1505584467089191/,0,0,Videos,,,,,Total,1751,1505,42,32,1,9,19,,19,,7525.612,4.608,0,0,0
1147970197370311,100064720237286,"Alcaldía de Tuluá","🎉 ¡Inició FestiArte en el Parque Lineal Céspedes! 🎨🎶

Música, danza, literatura y mucho talento se tomaron este espacio lleno de cultura y alegría. Desde el Departamento de Arte y Cultura, celebramos la primera edición de FestiArte, una vitrina para mostrar los procesos formativos y el arte de nuestros talentosos tulueños. 💃📚🎭
Con la asistencia de más de 50 personas, vivimos una jornada llena de expresión, talento y orgullo local.
✨ ¡Así celebramos la cultura en Tuluá!","🎉 ¡Inició FestiArte en el Parque Lineal Céspedes! 🎨🎶

Música, danza, literatura y mucho talento se tomaron este espacio lleno de cultura y alegría. Desde el Departamento de Arte y Cultura, celebramos la primera edición de FestiArte, una vitrina para mostrar los procesos formativos y el arte de nuestros talentosos tulueños. 💃📚🎭
Con la asistencia de más de 50 personas, vivimos una jornada llena de expresión, talento y orgullo local.
✨ ¡Así celebramos la cultura en Tuluá!",54,"05/27/2025 13:52",N/A,https://www.facebook.com/reel/1611451142822556/,1,0,Reels,,,,,Total,2568,1728,80,56,8,16,40,,40,,14670.222,6.029,0,0,
1147778094056188,100064720237286,"Alcaldía de Tuluá","🐾💉 ¡Bienestar animal llegó a Piedritas!

Visitamos la vereda Cocorná y atendimos con vacunación 🐶🐱 y vitaminización.🐴🐄 ¡80 mascotas protegidas y 30 animales fortalecidos! 💪🌾
¡Seguimos llevando salud a cada rincón rural! 🚜 #ParaSerFelices 💙","🐾💉 ¡Bienestar animal llegó a Piedritas!

Visitamos la vereda Cocorná y atendimos con vacunación 🐶🐱 y vitaminización.🐴🐄 ¡80 mascotas protegidas y 30 animales fortalecidos! 💪🌾
¡Seguimos llevando salud a cada rincón rural! 🚜 #ParaSerFelices 💙",36,"05/27/2025 08:37",N/A,https://www.facebook.com/reel/704500139190003/,1,0,Reels,,,,,Total,1506,1048,34,23,3,8,4,,4,,4103.258,2.859,0,0,
1147289100771754,100064720237286,"Alcaldía de Tuluá","#SEDAMA | Bienestar animal llegó a Vereda Piedritas con vacunación y vitaminización.

Durante la actividad se aplicaron 80 vacunas antirrábicas a perros y gatos, y se realizó la vitaminización de 30 bovinos y equinos, garantizando así la protección y el cuidado de los animales en esta zona rural del municipio.

Lee la noticia completa: ⬇️⬇️⬇️
",,0,"05/26/2025 17:09",N/A,https://www.facebook.com/AlcaldiaDeTulua/posts/pfbid024cxNgkbuhho9TSACNHor3Tf5G91UPVEKx3PszSsAkC9KJM9YXwovnbCB8jkBcu7Fl,0,0,Enlaces,,,,,Total,1620,1661,46,37,1,8,40,,7,33,,,,,
1147266874107310,100064720237286,"Alcaldía de Tuluá","💥 Con 2.000 metros lineales de señalización mejoramos la movilidad en Tuluá 🚗💨
Ya iniciamos la señalización de la Calle 22, dejándola en perfectas condiciones para los tulueños 🙌
Con esta obra seguimos comprometidos con menos accidentes y más seguridad vial #ParaSerFelices 🛑💪🏼","💥 Con 2.000 metros lineales de señalización mejoramos la movilidad en Tuluá 🚗💨
Ya iniciamos la señalización de la Calle 22, dejándola en perfectas condiciones para los tulueños 🙌
Con esta obra seguimos comprometidos con menos accidentes y más seguridad vial #ParaSerFelices 🛑💪🏼",35,"05/26/2025 16:12",uploaded,https://www.facebook.com/reel/2799256723796579/,1,0,Reels,,,,,Total,3164,2405,76,53,14,9,101,,101,,29765.081,10.473,0,0,
1147201060780558,100064720237286,"Alcaldía de Tuluá","¡Una feria sin barreras!♿💃

✨ Por primera vez en la edición No. 67 de la Feria de Tuluá se llena de inclusión con la “Pasarela Sin Barreras” 👗
Un desfile donde el arte, la alegría y la diversidad caminan juntos, demostrando que cuando se abre el corazón, los límites no existen 💖🌈
 
📅 Sábado, 21 de junio 
📍Pueblito artesanal

¡Te esperamos! @tuluaferia","¡Una feria sin barreras!♿💃

✨ Por primera vez en la edición No. 67 de la Feria de Tuluá se llena de inclusión con la “Pasarela Sin Barreras” 👗
Un desfile donde el arte, la alegría y la diversidad caminan juntos, demostrando que cuando se abre el corazón, los límites no existen 💖🌈
 
📅 Sábado, 21 de junio 
📍Pueblito artesanal

¡Te esperamos! @tuluaferia",51,"05/26/2025 13:35",N/A,https://www.facebook.com/reel/9886969618065874/,1,0,Reels,,,,,Total,6127,4165,226,181,12,33,156,,156,,49775.606,8.662,0,0,
1147078000792864,100064720237286,"Alcaldía de Tuluá","#Educación | Secretaría de Educación continúa supervisión del PAE.

Durante el encuentro, el secretario de Educación, Robert Posada Rosero, se reunió con las 160 manipuladoras de alimentos del programa, con quienes se revisaron aspectos clave como minutas, raciones, cobertura y las nuevas directrices del Ministerio de Educación Nacional.

Lee la noticia completa: ⬇⬇⬇
",,0,"05/26/2025 09:41",N/A,https://www.facebook.com/AlcaldiaDeTulua/posts/pfbid02PDQVKLFTBzNdADLk69txDmgPJGf8xLgTqACCeagwKErseuDgfH2okuEyYCn7sbYol,0,0,Enlaces,,,,,Total,1852,1917,75,62,2,11,50,,15,35,,,,,
1147037490796915,100064720237286,"Alcaldía de Tuluá","#Educación | Administración Municipal de Tuluá garantiza derecho a la protesta y protege la educación.

La Administración Municipal de Tuluá reitera su respeto y garantía al derecho constitucional a la manifestación pacífica, especialmente en el marco de las movilizaciones convocadas por los gremios sindicalistas, como la prevista para el próximo 28 y 29 de mayo de 2025. 

Lee la noticia completa: ⬇⬇⬇
",,0,"05/26/2025 08:32",N/A,https://www.facebook.com/AlcaldiaDeTulua/posts/pfbid0wfkaojm612ozd1T8KYNRUmFYCEgrmpiwPEfUidW9BfJf7NNNgijWPNLPEWn8fajEl,0,0,Enlaces,,,,,Total,3171,3428,104,83,5,16,292,,93,199,,,,,
1147036827463648,100064720237286,"Alcaldía de Tuluá","💙 En el 2024, Tuluá volvió a creer. Parte 2.

En el deporte como herramienta de transformación 🏀💪, en la salud como motor de bienestar 🏥✨ y en la educación como base de nuestro futuro 📚🎓. Impulsamos el Programa de Alimentación Escolar, rutas y dotación para nuestras instituciones educativas, mientras fortalecemos el acceso al deporte y la actividad física como camino hacia la salud y la convivencia.

Porque en Tuluá, el desarrollo social se vive en las aulas, en las canchas y en cada rincón donde hay una oportunidad para crecer. 🌟🙌
#ParaSerFelices","💙 En el 2024, Tuluá volvió a creer. Parte 2.

En el deporte como herramienta de transformación 🏀💪, en la salud como motor de bienestar 🏥✨ y en la educación como base de nuestro futuro 📚🎓. Impulsamos el Programa de Alimentación Escolar, rutas y dotación para nuestras instituciones educativas, mientras fortalecemos el acceso al deporte y la actividad física como camino hacia la salud y la convivencia.

Porque en Tuluá, el desarrollo social se vive en las aulas, en las canchas y en cada rincón donde hay una oportunidad para crecer. 🌟🙌
#ParaSerFelices",113,"05/26/2025 08:31",N/A,https://www.facebook.com/AlcaldiaDeTulua/videos/4917531775138805/,0,0,Videos,,,,,Total,1631,1543,54,41,1,12,8,,8,,5205.469,3.347,0,0,0
1146333134200684,100064720237286,"Alcaldía de Tuluá","🎙️ ElPodcastdeVélez | Episodio 17. Ganó Tuluá: Proyectos que transformarán al municipio.

En esta entrega, nos acompañan dos mujeres líderes y concejalas, comprometidas con el progreso de nuestra ciudad. Nos cuentan los detalles de un importante proyecto de acuerdo que expusieron en el Concejo Municipal de obras que transformarán a Tuluá en un municipio #ParaSerFelices.","🎙️ ElPodcastdeVélez | Episodio 17. Ganó Tuluá: Proyectos que transformarán al municipio.

En esta entrega, nos acompañan dos mujeres líderes y concejalas, comprometidas con el progreso de nuestra ciudad. Nos cuentan los detalles de un importante proyecto de acuerdo que expusieron en el Concejo Municipal de obras que transformarán a Tuluá en un municipio #ParaSerFelices.",1531,"05/25/2025 10:58",N/A,https://www.facebook.com/AlcaldiaDeTulua/videos/1056090216462151/,0,0,Videos,,,,,Total,3343,2749,253,160,10,83,102,,102,,61951.184,20.691,0,0,0
1145664564267541,100064720237286,"Alcaldía de Tuluá","#ResumenSemanal | Conoce aquí las noticias más destacadas de la semana ➡️➡️ sábado de 45 segundos #ParaSerFelices ✅✌🏽","#ResumenSemanal | Conoce aquí las noticias más destacadas de la semana ➡️➡️ sábado de 45 segundos #ParaSerFelices ✅✌🏽",63,"05/24/2025 16:05",uploaded,https://www.facebook.com/reel/1249908993807092/,1,0,Reels,,,,,Total,2187,1531,63,49,3,11,36,,36,,15497.472,7.504,0,0,
1145593454274652,100064720237286,"Alcaldía de Tuluá","🚨 ¡Capturado por hurto en Tuluá!Un hombre fue detenido en flagrancia tras robar una cadena en el barrio El Palmar.👮‍♂️ Gracias al plan candado de la Policía 🔒 Se encuentra bajo medida de aseguramiento.¡Denuncia cualquier delito! ☎️ al 123","🚨 ¡Capturado por hurto en Tuluá!Un hombre fue detenido en flagrancia tras robar una cadena en el barrio El Palmar.👮‍♂️ Gracias al plan candado de la Policía 🔒 Se encuentra bajo medida de aseguramiento.¡Denuncia cualquier delito! ☎️ al 123",77,"05/24/2025 13:19",N/A,https://www.facebook.com/reel/1211824640577200/,0,0,Reels,,,,,Total,20348,16204,473,410,25,38,795,,795,,354154.458,19.054,0,0,
1144997061000958,100064720237286,"Alcaldía de Tuluá","#BienestarSocial | Continúa apoyo nutricional a madres con Fundación Éxito.

Gracias a la articulación entre la Gestora Social de Tuluá, Luz Elena Londoño , y la Fundación Éxito, continúa con éxito el programa "" Goticas de Amor"" , una estrategia que beneficia a 100 madres gestantes y lactantes del municipio con apoyo nutricional y acompañamiento integral.

Lee la noticia completa:⬇️⬇️⬇️
",,0,"05/23/2025 19:20",N/A,https://www.facebook.com/AlcaldiaDeTulua/posts/pfbid0jS73LoVZTMTkrBCu5KwppBZssDHhFVejtdFexfBvyMbD4tsLFxPk8Brc8emVtbX4l,0,0,Enlaces,,,,,Total,1115,1418,20,14,0,6,15,,4,11,,,,,
1144996447667686,100064720237286,"Alcaldía de Tuluá","#Turismo | Tuluá instala su primer Consejo Consultivo de Turismo.

El alcalde Gustavo Adolfo Vélez Román, instaló oficialmente el primer Consejo Consultivo de Turismo , un espacio de participación que reúne a actores del sector público, privado y comunitario para fortalecer el turismo local con visión de futuro.

Lee la noticia completa:⬇️⬇️⬇️
",,0,"05/23/2025 19:18",N/A,https://www.facebook.com/AlcaldiaDeTulua/posts/pfbid02iEkmntLWWPMxgewsmnZE4Sog7fVY32NoT1CN2GK48PXX4aN7ztyVYPTHAKW84K1Hl,0,0,Enlaces,,,,,Total,1021,1266,26,22,0,4,17,,4,13,,,,,
1144924454341552,100064720237286,"Alcaldía de Tuluá","📍 ¡Planea tu Comuna llegó a la Comuna 3! 🏘️

Estuvimos en La Inmaculada, Cóndor 2, San Antonio, Brisas del Valle y más, escuchando a la comunidad y construyendo soluciones 💬✅

🛠️ seguimos haciendo de Tuluá un lugar más justo y participativo #ParaSerFelices🙌","📍 ¡Planea tu Comuna llegó a la Comuna 3! 🏘️

Estuvimos en La Inmaculada, Cóndor 2, San Antonio, Brisas del Valle y más, escuchando a la comunidad y construyendo soluciones 💬✅

🛠️ seguimos haciendo de Tuluá un lugar más justo y participativo #ParaSerFelices🙌",53,"05/23/2025 17:12",N/A,https://www.facebook.com/reel/1602679477253858/,1,0,Reels,,,,,Total,3281,2213,104,79,3,22,83,,83,,32184.481,10.583,0,0,
1144636771036987,100064720237286,"Alcaldía de Tuluá","🔧👷‍♂️ ¡Seguimos construyendo entornos escolares seguros!

Desde la Secretaría de Educación instalamos 50 metros lineales de barandas para una movilidad segura en la I.E. Juan María Céspedes, sede San Luis 🏫, protegiendo a nuestros estudiantes y mejorando sus espacios de aprendizaje. 💪📚.

¡La seguridad también se aprende! 🚸✨ #ParaSerFelices","🔧👷‍♂️ ¡Seguimos construyendo entornos escolares seguros!

Desde la Secretaría de Educación instalamos 50 metros lineales de barandas para una movilidad segura en la I.E. Juan María Céspedes, sede San Luis 🏫, protegiendo a nuestros estudiantes y mejorando sus espacios de aprendizaje. 💪📚.

¡La seguridad también se aprende! 🚸✨ #ParaSerFelices",28,"05/23/2025 08:03",N/A,https://www.facebook.com/reel/1632701767385549/,1,0,Reels,,,,,Total,1616,1136,39,33,1,5,22,,22,,9264.971,6.358,0,0,
1144067587760572,100064720237286,"Alcaldía de Tuluá","💙 En el 2024, Tuluá volvió a creer. Parte 1.","💙 En el 2024, Tuluá volvió a creer. Parte 1.
En la inclusión, la educación, la cultura, el deporte y la salud como pilares #ParaSerFelices 🙌✨

Porque para el alcalde Gustavo Vélez, lo social no es una opción, es una prioridad.
¡Seguimos construyendo una ciudad con oportunidades para todos! 💪🏽🏙️",174,"05/22/2025 15:45",auto,https://www.facebook.com/AlcaldiaDeTulua/videos/1871405880291600/,0,0,Videos,,,,,Total,3341,2917,235,115,8,112,49,,49,,20078.344,6.339,0,0,0
1144013724432625,100064720237286,"Alcaldía de Tuluá","#GestióndelRiesgo | Continúa atención a emergencia por inundaciones en Zabaletas.

Gracias a la sinergia entre la Administración Municipal, la industria cañera y la comunidad, se ha venido construyendo una ruta de soluciones inmediatas y estructurales; además, se socializó una propuesta técnica, como primer paso para mitigar la situación mientras se avanza en la construcción del nuevo puente proyectado para la zona.

",,0,"05/22/2025 13:37",N/A,https://www.facebook.com/AlcaldiaDeTulua/posts/pfbid0NmR1gKXFfmQm8NxHw1v4xAkoAtvVF7rSBuiQvF7dHNp4gE8YZWTSYePYfCo6yExol,0,0,Enlaces,,,,,Total,1034,1436,30,25,0,5,17,,4,13,,,,,
1144013134432684,100064720237286,"Alcaldía de Tuluá","#Gobierno | Encuentros comunitarios por la convivencia llegaron a Miraflores y al comercio nocturno de Tuluá.

Durante la visita al barrio Miraflores, los habitantes expusieron diversas inquietudes relacionadas con la convivencia ciudadana. La comunidad valoró positivamente estos espacios, que permiten una comunicación más cercana y efectiva con el gobierno local.

Lee la noticia completa: ⬇⬇⬇
",,0,"05/22/2025 13:35",N/A,https://www.facebook.com/AlcaldiaDeTulua/posts/pfbid0nJ71CrgzaG9ANYPBgVnEazfytja7St7vDNmrkyhYubEgrGs5yMdSBD6G3yRNdL2Yl,0,0,Enlaces,,,,,Total,1167,1524,43,33,1,9,33,,13,20,,,,,
1144006021100062,100064720237286,"Alcaldía de Tuluá","#Atención | Falsos funcionarios intentan suplantar visitas oficiales en Tuluá

Hacemos un llamado a toda la comunidad para que verifiquen directamente con la Alcaldía o Valle Avanza cualquier información relacionada con visitas técnicas o trámites catastrales. Es fundamental que los ciudadanos exijan carné e identificación oficial a cualquier persona que se presente en nombre de la Alcaldía o entidades relacionadas.

Lee la noticia completa:⬇⬇⬇
",,0,"05/22/2025 13:18",N/A,https://www.facebook.com/AlcaldiaDeTulua/posts/pfbid026AHmFmcewrf7UCe2LSiEDQ7cMaVEwWkBciPQsNQPut8x1H3nyAaS9vNi75kM3uiKl,0,0,Enlaces,,,,,Total,693,992,21,13,2,6,25,,11,14,,,,,
1143996024434395,100064720237286,"Alcaldía de Tuluá","👩‍🍼💙 ¡100 madres tulueñas beneficiadas!

Gracias a la alianza entre la Gestora Social, Luz Elena Londoño, y la @fundacionexito, a través del programa Goticas de Amor, 100 madres lactantes y gestantes de nuestro municipio, recibirán apoyo nutricional con mercados y acompañamiento integral en una etapa clave para sus bebés 👶✨. #ParaSerFelices #Lactatón #ConLasGoticasNutrimosVidas","👩‍🍼💙 ¡100 madres tulueñas beneficiadas!

Gracias a la alianza entre la Gestora Social, Luz Elena Londoño, y la @fundacionexito, a través del programa Goticas de Amor, 100 madres lactantes y gestantes de nuestro municipio, recibirán apoyo nutricional con mercados y acompañamiento integral en una etapa clave para sus bebés 👶✨. #ParaSerFelices #Lactatón #ConLasGoticasNutrimosVidas",61,"05/22/2025 12:55",uploaded,https://www.facebook.com/reel/3949918391939244/,1,0,Reels,,,,,Total,3404,2304,105,79,1,25,91,,91,,29708.042,9.345,0,0,
1143989344435063,100064720237286,"Alcaldía de Tuluá","🚨 ¡No te dejes engañar! 🚨

La Administración Municipal NO está realizando actualización catastral en zona urbana y rural.
Esta labor corresponde al operador Valle Avanza, y hasta la fecha, no se ha contratado este servicio🏘️

👀 Evita caer en información falsa o en manos de estafadores.  📣 Comparte esta información y ayúdanos a correr la voz. ¡Entre todos nos cuidamos! 🤝 #ParaSerFelices",,0,"05/22/2025 12:40",N/A,https://www.facebook.com/AlcaldiaDeTulua/posts/pfbid02ZyDMtyJ834xS6JbYA4HNRw7aD2nK7v9mvQCT1MghJDmKfRYT59QBcua6kgkoNEB5l,0,0,Fotos,,,,,Total,1693,3150,57,28,5,24,91,30,61,,,,,,
1143842127783118,100064720237286,"Alcaldía de Tuluá","#Noticias | Alcalde Gustavo Vélez clausura período de sesiones extraordinarias.

En la última jornada de sesiones extraordinarias, que contó con la asistencia del alcalde Gustavo Vélez, el Concejo Municipal aprobó el proyecto de acuerdo “Por medio del cual se otorgan facultades pro tempore al alcalde municipal de Tuluá para la actualización y modernización de los estatutos de Emtuluá ESP, garantizando su eficiencia, transparencia y sostenibilidad y se dictan otras disposiciones”.

Lee la noticia completa: ⬇⬇⬇
",,0,"05/22/2025 08:10",N/A,https://www.facebook.com/AlcaldiaDeTulua/posts/pfbid02PJeXh4UdkV31K6BFte1qq6GKWwDfvagshipE2bdDyHTsPd9ABNfNH3jGAeMKyYjGl,0,0,Enlaces,,,,,Total,887,1269,27,20,1,6,22,,8,14,,,,,
1143830784450919,100064720237286,"Alcaldía de Tuluá","#Seguridad | Tulueños confirman avances en seguridad.

Gracias a la gestión comprometida y decidida de la Administración Municipal, encabezada por el alcalde Gustavo Adolfo Vélez Román , Tuluá ha logrado avances significativos en materia de seguridad ciudadana. Bajo su liderazgo, se han fortalecido las estrategias de prevención, se han incrementado los operativos interinstitucionales, mejorado la iluminación en zonas críticas y ampliado los frentes de seguridad con activa participación comunitaria.

Lee la noticia completa: ⬇⬇⬇
",,0,"05/22/2025 07:51",N/A,https://www.facebook.com/AlcaldiaDeTulua/posts/pfbid02unDJx1Dsa8Xj89L29ocMST7Au7BRcmrkr1qk2VH7fHxrTHLwtMs99apVoHLLSYM3l,0,0,Enlaces,,,,,Total,959,1372,39,28,3,8,32,,23,9,,,,,
1143829571117707,100064720237286,"Alcaldía de Tuluá","#Salud | Alerta Sanitaria por Brote de Síndrome Mano-Pie-Boca en Tuluá.

Desde la Secretaría de Salud ha intensificado las visitas técnicas a las instituciones afectadas, implementado la identificación y aislamiento de casos, y capacitado al personal docente y administrativo en medidas de prevención y control. Estas acciones continuarán desarrollándose de manera permanente para salvaguardar la salud de la primera infancia en el municipio.

Lee la noticia completa: ⬇⬇⬇
",,0,"05/22/2025 07:48",N/A,https://www.facebook.com/AlcaldiaDeTulua/posts/pfbid02B2hyBsMqiCzUPFJMmexx7Rd6nYyUHYH99GwkkLj6KoaJi6iKYzDyDvHsxY7T5QU2l,0,0,Enlaces,,,,,Total,836,1006,23,16,0,7,16,,3,13,,,,,
1143818061118858,100064720237286,"Alcaldía de Tuluá","Hoy le decimos SÍ al progreso de Tuluá 🙌🏼✨

Estos proyectos aprobados marcarán un antes y un después en nuestra ciudad. Obras que transformarán realidades, impulsarán el desarrollo y generarán bienestar para todos los tulueños. 💙✅

Este es un paso gigante hacia el avance que tanto soñamos.🔝💪🏼 Con compromiso, autonomía y amor por Tuluá. #ParaSerFelices","Hoy le decimos SÍ al progreso de Tuluá 🙌🏼✨

Estos proyectos aprobados marcarán un antes y un después en nuestra ciudad. Obras que transformarán realidades, impulsarán el desarrollo y generarán bienestar para todos los tulueños. 💙✅

Este es un paso gigante hacia el avance que tanto soñamos.🔝💪🏼 Con compromiso, autonomía y amor por Tuluá. #ParaSerFelices",81,"05/22/2025 07:29",uploaded,https://www.facebook.com/reel/3877095902436936/,1,0,Reels,,,,,Total,22426,19644,718,406,79,233,610,,610,,246434.397,12.421,0,0,
1143266624507335,100064720237286,"Alcaldía de Tuluá","🚨🧹 ¡Atendimos a la comunidad del 7 de Agosto!

Acompañamos y acudimos al llamado de la comunidad de este sector, con una jornada de limpieza liderada desde el Departamento de Planeación Municipal, en trabajo conjunto con la Junta de Acción Comunal y el apoyo del Cuerpo de Bomberos de Tuluá.🚒.

💨🧼 Esta acción se realizó para mitigar los efectos del desbordamiento del río, el polvo y sus consecuencias, cuidando así la salud de nuestros habitantes.  #ParaSerFelices 💙 🙌","🚨🧹 ¡Atendimos a la comunidad del 7 de Agosto!

Acompañamos y acudimos al llamado de la comunidad de este sector, con una jornada de limpieza liderada desde el Departamento de Planeación Municipal, en trabajo conjunto con la Junta de Acción Comunal y el apoyo del Cuerpo de Bomberos de Tuluá.🚒.

💨🧼 Esta acción se realizó para mitigar los efectos del desbordamiento del río, el polvo y sus consecuencias, cuidando así la salud de nuestros habitantes.  #ParaSerFelices 💙 🙌",45,"05/21/2025 13:31",N/A,https://www.facebook.com/reel/948266753928125/,1,0,Reels,,,,,Total,1766,1240,62,41,8,13,36,,36,,14964.675,9.064,0,0,
1143167027850628,100064720237286,"Alcaldía de Tuluá","#Noticias | Instalación de cruce semafórico temporal para inicio de obra en carrera 40.

Se ha habilitado un nuevo cruce peatonal semaforizado, de manera temporal, ubicado al frente del Supercentro Tulu , con el fin de garantizar el paso seguro de los ciudadanos entre los barrios Fátima, Príncipe y el Parque de la Familia, hacia el sector comercial.

Lee la noticia completa: ⬇⬇⬇
",,0,"05/21/2025 10:25",N/A,https://www.facebook.com/AlcaldiaDeTulua/posts/pfbid035pJYjTbjdBrijuRXZ66aFWTPZaHA892tuMgiGpy25yKaJschUibXJfj83GHDmk5Jl,0,0,Enlaces,,,,,Total,3089,5964,111,90,10,11,309,,163,146,,,,,
1143155657851765,100064720237286,"Alcaldía de Tuluá","#Seguridad | Nuevo golpe a banda delincuencial La Inmaculada.

Gracias a un trabajo articulado de inteligencia e investigación judicial, fue capturado alias “Gordo” o “Rosado”, señalado como uno de los principales cabecillas del Grupo Delincuencial Común Organizado (GDCO) “La Inmaculada”, con injerencia en nuestro municipio.

Lee la noticia completa: ⬇⬇⬇
",,0,"05/21/2025 10:04",N/A,https://www.facebook.com/AlcaldiaDeTulua/posts/pfbid02yjSnte3v4RKFoDEVVk3fYbLWpTpnSgku62vivzdhesETw53yVGJ484MyAZ19kXcwl,0,0,Enlaces,,,,,Total,2489,2450,43,39,0,4,447,,17,430,,,,,
1143131781187486,100064720237286,"Alcaldía de Tuluá","🦠👄🖐👣 ¿Has oído hablar del virus ""boca, manos y pies""?
Desde la Secretaría de Salud de Tuluá te compartimos información clave sobre esta enfermedad que afecta principalmente a niños, pero también puede presentarse en adultos.

📲 Desliza y conoce:
✅ Qué es el virus
✅ Cuáles son sus síntomas
✅ Cómo tratarlo y prevenir el contagio

¡Infórmate y protege a tu familia y comunidad! 🧼💉 #ParaSerFelices",,0,"05/21/2025 09:34",N/A,https://www.facebook.com/AlcaldiaDeTulua/posts/pfbid036SzovKYuiZag3SMGMZbKqTpoSBfwN3Tp2wjYEhnEFUoSpPBksyXBWr1r1LQVe6qzl,0,0,Fotos,,,,,Total,1938,2745,80,42,1,37,250,209,41,,,,,,
1143042537863077,100064720237286,"Alcaldía de Tuluá","📣 ¡Tuluá ya tiene Consejo Consultivo de Turismo! 🌿✨
Un paso clave para hacer de nuestro municipio un destino con identidad, seguro y con proyección nacional 🇨🇴

#ParaSerFelices 💙","📣 ¡Tuluá ya tiene Consejo Consultivo de Turismo! 🌿✨
Un paso clave para hacer de nuestro municipio un destino con identidad, seguro y con proyección nacional 🇨🇴

#ParaSerFelices 💙",55,"05/21/2025 07:04",N/A,https://www.facebook.com/reel/1202755194665088/,1,0,Reels,,,,,Total,3329,1787,187,105,22,60,85,,83,2,34374.978,11.315,0,0,
1142685117898819,100064720237286,"Alcaldía de Tuluá","#Noticias | Concejo aprobó proyecto que transformará la ciudad de Tuluá.

El Concejo Municipal de Tuluá aprobó de manera mayoritaria el Proyecto de Acuerdo que permitirá realizar inversiones estratégicas que transformarán el futuro del municipio y lo proyectará como una ciudad moderna y de progreso. 

Lee la noticia completa aquí:⬇️⬇️⬇️
",,0,"05/20/2025 20:06",N/A,https://www.facebook.com/AlcaldiaDeTulua/posts/pfbid02U27LEYLJPVmkuDtrpjUyJRUX61GaPMVXcrbsjnoo7dQcSDAkmgK5VwwZvtfkguX5l,0,0,Enlaces,,,,,Total,3846,6123,293,183,84,26,779,,597,182,,,,,
1142544627912868,100064720237286,"Alcaldía de Tuluá","🚀✨ ¡Apoyando a los estudiantes!
Desde la Secretaría de Educación acompañamos la Feria STEAM del Colegio Bilingüe Hispanoamericano 🎓🔬📚.
Un espacio lleno de creatividad, ciencia y pasión donde nuestros estudiantes demostraron todo su potencial 💡💙.

🌟 ¡En Tuluá le apostamos al conocimiento y a la innovación educativa en todas las Instituciones! #ParaSerFelices 💙✅","🚀✨ ¡Apoyando a los estudiantes!
Desde la Secretaría de Educación acompañamos la Feria STEAM del Colegio Bilingüe Hispanoamericano 🎓🔬📚.
Un espacio lleno de creatividad, ciencia y pasión donde nuestros estudiantes demostraron todo su potencial 💡💙.

🌟 ¡En Tuluá le apostamos al conocimiento y a la innovación educativa en todas las Instituciones! #ParaSerFelices 💙✅",49,"05/20/2025 15:17",N/A,https://www.facebook.com/reel/1203419691562694/,1,0,Reels,,,,,Total,3250,1468,127,106,1,20,33,,33,,29107.552,10.307,0,0,
1142415831259081,100064720237286,"Alcaldía de Tuluá","🚨 ¡Cae líder de extorsiones de “La Inmaculada”! 🚨‼️
En menos de una semana, las autoridades han capturado a dos miembros clave de esta estructura delincuencial.🚔

El más reciente: alias “Gordo” o “Rosado”, cabecilla señalado por extorsión, homicidios y secuestro.
Gracias al trabajo articulado entre GAULA, SIPOL y Fiscalía, seguimos avanzando en la lucha frontal contra el crimen. ✅💪🏼","🚨 ¡Cae líder de extorsiones de “La Inmaculada”! 🚨‼️
En menos de una semana, las autoridades han capturado a dos miembros clave de esta estructura delincuencial.🚔

El más reciente: alias “Gordo” o “Rosado”, cabecilla señalado por extorsión, homicidios y secuestro.
Gracias al trabajo articulado entre GAULA, SIPOL y Fiscalía, seguimos avanzando en la lucha frontal contra el crimen. ✅💪🏼",34,"05/20/2025 10:43",N/A,https://www.facebook.com/reel/589405193629862/,1,0,Reels,,,,,Total,17758,5465,464,352,42,70,1140,,1140,,247037.56,17.941,0,0,
1142330461267618,100064720237286,"Alcaldía de Tuluá","📣 ¡Instalamos oficialmente el Consejo Consultivo de Turismo de Tuluá! 

Un espacio de participación que reúne al sector público, privado y comunitario para construir un turismo más sostenible, competitivo e incluyente. Buscando impulsar y fortalecer el turismo en el municipio y la región, lo que se traduce en desarrollo, dinamismo económico y convertir a Tuluá en un destino con identidad y proyección. ✅💪🏼

💼 ¡Tuluá avanza con visión y trabajo en equipo! #ParaSerFelices 💙",,0,"05/20/2025 08:09",N/A,https://www.facebook.com/AlcaldiaDeTulua/posts/pfbid02PXkddP3bA2Lxgbi6xDjxLh8CmfuFgSrgBgtp6ZVVBWaDDnbKYaQKPsJ8x3JrB2h5l,0,0,Fotos,,,,,Total,4339,6767,180,125,20,35,691,411,280,,,,,,
1141782137989117,100064720237286,"Alcaldía de Tuluá","#Noticias | Administración Municipal participó en reunión con delegados del MinInterior.

Durante el evento, la Administración Municipal de Tuluá reiteró el compromiso del Gobierno Nacional respecto a la cofinanciación de un proyecto clave para el municipio: la implementación de un sistema moderno de cámaras de seguridad. 

Lee la noticia completa:⬇⬇⬇
",,0,"05/19/2025 14:03",N/A,https://www.facebook.com/AlcaldiaDeTulua/posts/pfbid02WEsLZVAawC4gVnesGhf4ojLHEdTcywXQwnZ6igV5iExkyzHKKzkyLghdJbfYNx5Vl,0,0,Enlaces,,,,,Total,725,1207,25,19,0,6,23,,9,14,,,,,
1141676701332994,100064720237286,"Alcaldía de Tuluá","#Noticias | Estudiantes de I. E. Julia Restrepo fueron atendidos por contusiones leves.

La oportuna atención de profesores y organismos de atención que activaron la ruta de emergencias de manera efectiva, permitió descartar cualquier afectación grave a los 12 estudiantes que fueron remitidos al hospital Tomás Uribe Uribe tras el colapso de una parte del techo del aula del grado 11-2 en la Institución Educativa Julia Restrepo, ocurrido este lunes en horas de la mañana. 

Lee la noticia completa: ⬇⬇⬇
",,0,"05/19/2025 10:25",N/A,https://www.facebook.com/AlcaldiaDeTulua/posts/pfbid023GDUZ6ic2Vq8MVQsChXfRycqN7uM57nGqCyawB3NHio4hsshWnYD87wa4G8r6LPhl,0,0,Enlaces,,,,,Total,1712,3259,71,55,5,11,202,,109,93,,,,,
1141669711333693,100064720237286,"Alcaldía de Tuluá","✅ Emergencia controlada en la I.E. Julia Restrepo

12 estudiantes fueron atendidas por contusiones leves y ya están fuera de peligro. 🙏🏽🩺 La atención médica será cubierta por las pólizas activadas por el alcalde @gustavovelezr.
🏫 Además, se adelanta un plan de mejoras en las instituciones educativas del municipio.","✅ Emergencia controlada en la I.E. Julia Restrepo

12 estudiantes fueron atendidas por contusiones leves y ya están fuera de peligro. 🙏🏽🩺 La atención médica será cubierta por las pólizas activadas por el alcalde @gustavovelezr.
🏫 Además, se adelanta un plan de mejoras en las instituciones educativas del municipio.",51,"05/19/2025 10:16",uploaded,https://www.facebook.com/reel/1261171512394238/,1,0,Reels,,,,,Total,7794,4880,240,153,57,30,419,,419,,94483.891,13.868,0,0,
1141613448005986,100064720237286,"Alcaldía de Tuluá","#Seguridad | Capturado alias “Coco”: cabecilla de ‘La Oficina’

La Administración Municipal del alcalde Gustavo Vélez, resalta este importante resultado operacional que representa un avance significativo en la lucha contra la delincuencia y la protección de la vida en el municipio y reiteramos el llamado a la ciudadanía para denunciar cualquier hecho que atente contra la paz y la seguridad del territorio.

Lee la noticia completa: ⬇⬇⬇
",,0,"05/19/2025 08:45",N/A,https://www.facebook.com/AlcaldiaDeTulua/posts/pfbid02s3y6haFYCqpu6pP14qmC9LKfyiowtcPAWtAZVihV2wiHrLr6VocFfBEdn4HutMZcl,0,0,Enlaces,,,,,Total,1759,3263,52,40,2,10,228,,53,175,,,,,
1141610431339621,100064720237286,"Alcaldía de Tuluá","#Educación | PISA en coordinación con Alcaldía entregaron kits escolares.

La entrega de kits escolares es parte de las alianzas público-privadas que la Alcaldía de Tuluá está impulsando para beneficiar a los estudiantes. El Secretario de Educación, Robert Posada Rosero, agradeció el apoyo del sector privado y destacó la importancia de trabajar juntos para mejorar la calidad educativa.

Lee la noticia completa: ⬇⬇⬇
",,0,"05/19/2025 08:39",N/A,https://www.facebook.com/AlcaldiaDeTulua/posts/pfbid0eFZMs4Tnab34VwR13gzpD8WmsaDunxyy1YQyRzaQTmCwm724nevYBGqETybZNUEpl,0,0,Enlaces,,,,,Total,907,1410,38,29,0,9,24,,9,15,,,,,
1141608748006456,100064720237286,"Alcaldía de Tuluá","#Noticias | Fondo Nacional del Ahorro abre nueva oficina en Tuluá.

Uno de los principales objetivos de esta nueva sede es facilitar el acceso al crédito para los trabajadores independientes e informales del Valle del Cauca. “Este es uno de los departamentos con mayor número de trabajadores en la informalidad. Con el Fondo, a través del ahorro, esas personas pueden acceder a créditos que les permitan adquirir vivienda”, explicó la presidenta.

Lee la noticia completa: ⬇⬇⬇
",,0,"05/19/2025 08:37",N/A,https://www.facebook.com/AlcaldiaDeTulua/posts/pfbid0RU2Ecwp4x76g5vTZkFieMwPn15CfYz35DZyEHMXnbV5y26BELSYWMFY29ui6nb7Dl,0,0,Enlaces,,,,,Total,1777,3649,102,71,11,20,261,,140,121,,,,,
1141563081344356,100064720237286,"Alcaldía de Tuluá","⚖️ Capturado alias “Coco”💥

Gracias a una operación conjunta entre la Policía y la Fiscalía, fue capturado el cabecilla del GDCO “La Oficina”, junto a otros 4 integrantes 👮‍♂️⚔️
Vinculados a homicidios, extorsiones y microtráfico 😡❌ ¡Tuluá no se rinde! 💪💙 Seguimos trabajando con la Fuerza Pública por la seguridad de los tulueños #ParaSerFelices 🛡️👊","⚖️ Capturado alias “Coco”💥

Gracias a una operación conjunta entre la Policía y la Fiscalía, fue capturado el cabecilla del GDCO “La Oficina”, junto a otros 4 integrantes 👮‍♂️⚔️
Vinculados a homicidios, extorsiones y microtráfico 😡❌ ¡Tuluá no se rinde! 💪💙 Seguimos trabajando con la Fuerza Pública por la seguridad de los tulueños #ParaSerFelices 🛡️👊",53,"05/19/2025 07:24",mixed,https://www.facebook.com/reel/1177216380806367/,1,0,Reels,,,,,Total,7050,3381,238,154,56,28,412,,412,,98716.657,16.209,0,0,
1140936401407024,100064720237286,"Alcaldía de Tuluá","🎙️ ElPodcastdeVélez | Episodio Especial. Lanzamiento Oficial: 67 Feria de Tuluá.🎉

En este episodio revivimos los mejores momentos del lanzamiento de la 67 Feria de Tuluá, un evento cargado de emoción, cultura y tradición. 💃🎶✨
El alcalde Gustavo Vélez nos cuenta cómo se está preparando la ciudad para vivir una feria inolvidable, hecha #ParaSerFelices 💙

¡Dale play y siente la feria desde ya!🔊🎧 #HayQueSentirla","🎙️ ElPodcastdeVélez | Episodio Especial. Lanzamiento Oficial: 67 Feria de Tuluá.🎉

En este episodio revivimos los mejores momentos del lanzamiento de la 67 Feria de Tuluá, un evento cargado de emoción, cultura y tradición. 💃🎶✨
El alcalde Gustavo Vélez nos cuenta cómo se está preparando la ciudad para vivir una feria inolvidable, hecha #ParaSerFelices 💙

¡Dale play y siente la feria desde ya!🔊🎧 #HayQueSentirla",661,"05/18/2025 10:45",N/A,https://www.facebook.com/AlcaldiaDeTulua/videos/699234843064417/,1,0,Videos,,,,,Total,2818,2487,159,57,9,93,48,,48,,28335.048,10.806,0,0,0
1140327431467921,100064720237286,"Alcaldía de Tuluá","#ResumenSemanal | Conoce aquí las noticias más destacadas de la semana ➡️➡️ 45 segundos #ParaSerFelices ✅✌🏽","#ResumenSemanal | Conoce aquí las noticias más destacadas de la semana ➡️➡️ 45 segundos #ParaSerFelices ✅✌🏽",68,"05/17/2025 16:04",uploaded,https://www.facebook.com/reel/578431461480930/,1,0,Reels,,,,,Total,2205,1196,76,62,1,13,27,,27,,15726.419,7.481,0,0,
1140220344811963,100064720237286,"Alcaldía de Tuluá","🚨👮‍♂️ Gracias a la rápida reacción de la Policía Nacional y al apoyo de la comunidad 🤝, se frustró un millonario hurto en zona rural de Tuluá 🏡 con la captura de tres personas 👤👤👤, la incautación de dos camionetas 🚐🚐 y la recuperación de dos motocicletas 🏍️🏍️ robadas. #Tuluá #Seguridad #PolicíaNacional ✅💪","🚨👮‍♂️ Gracias a la rápida reacción de la Policía Nacional y al apoyo de la comunidad 🤝, se frustró un millonario hurto en zona rural de Tuluá 🏡 con la captura de tres personas 👤👤👤, la incautación de dos camionetas 🚐🚐 y la recuperación de dos motocicletas 🏍️🏍️ robadas. #Tuluá #Seguridad #PolicíaNacional ✅💪",62,"05/17/2025 11:57",N/A,https://www.facebook.com/reel/1061891665855172/,0,0,Reels,,,,,Total,7009,4532,196,156,9,31,399,,399,,95989.818,14.53,0,0,
1139614864872511,100064720237286,"Alcaldía de Tuluá","⚽🔥 ¡Tuluá sigue siendo escenario del fútbol profesional!

Este domingo 18 de mayo, vuelve a rodar el balón en Tuluá.
Internacional Fútbol Club juega en el Doce🏟️, y tú no te lo puedes perder 💥

💙 Tuluá vuelve a vivir esa pasión que nos une
🎉 Es la oportunidad perfecta para vivir, sentir y celebrar el fútbol en familia. 👨‍👩‍👧‍👦 🙌⚽","⚽🔥 ¡Tuluá sigue siendo escenario del fútbol profesional!

Este domingo 18 de mayo, vuelve a rodar el balón en Tuluá.
Internacional Fútbol Club juega en el Doce🏟️, y tú no te lo puedes perder 💥

💙 Tuluá vuelve a vivir esa pasión que nos une
🎉 Es la oportunidad perfecta para vivir, sentir y celebrar el fútbol en familia. 👨‍👩‍👧‍👦 🙌⚽",30,"05/16/2025 17:10",N/A,https://www.facebook.com/reel/1103079768505159/,1,0,Reels,,,,,Total,46655,22414,1415,966,194,255,2122,,2122,,515833.188,13.686,0,0,
1139561291544535,100064720237286,"Alcaldía de Tuluá","#Noticias | Tuluá vivió el lanzamiento oficial de su 67ª Feria.

Con este exitoso lanzamiento, Tuluá comienza a calentar motores para vivir una feria que no solo se ve, sino que se siente. Una celebración que enaltece la cultura, el emprendimiento, la identidad y el corazón de nuestra tierra. #ParaSerFelices

Lee la noticia completa: ⬇⬇⬇
",,0,"05/16/2025 14:46",N/A,https://www.facebook.com/AlcaldiaDeTulua/posts/pfbid02aZPwHAtUmyTZJgY3pi28iXesf5YfBVVu1jWZuNBdswNvWz9HxuqripAnb7d6ZwVwl,0,0,Enlaces,,,,,Total,654,1046,32,26,0,6,38,,2,36,,,,,
1139560908211240,100064720237286,"Alcaldía de Tuluá","#Gobierno | Administración Municipal lideró jornada de recuperación en puentes y ribera del río Tuluá.

Durante la jornada se logró la recolección de más de 4 toneladas de residuos sólidos, los cuales habían sido acumulados por la falta de cultura ciudadana en este importante sector del municipio. La disposición final de estos desechos estuvo a cargo de la empresa Veolia.

Lee la noticia completa: ⬇⬇⬇
",,0,"05/16/2025 14:45",N/A,https://www.facebook.com/AlcaldiaDeTulua/posts/pfbid02wSKRFb2eNvn7RYNVr2rxF2BrjUJysdAkMt5HKUcXsdfdxX5dhGh9mXqVmwDdDTHQl,0,0,Enlaces,,,,,Total,841,1673,35,25,1,9,43,,22,21,,,,,
1139452808222050,100064720237286,"Alcaldía de Tuluá","🤠¡El momento más esperado está por llegar! ⏳✨🔥⁣⁣","🤠¡El momento más esperado está por llegar! ⏳✨

🔥⁣⁣La cuenta regresiva ha comenzado para vivir nuevamente la experiencia que solo la Feria #1 de Colombia puede ofrecer.⁣🚀 Innovación, 🤝 conexiones inigualables y 📸 momentos que quedarán grabados para siempre en tu memoria.⁣⁣✋ ¡No dejes que nada te impida ser parte de este evento único! ✨⁣

📆 Separa HOY MISMO las fechas en tu calendario⁣⁣🎉 ¡Nos vemos del 19 al 23 de junio 📅🎈 

⁣⁣ ⁣#feriadetuluá #tuluá #feria #hayquesentirla #feriatulua2025 #cabalgata #exposición #ganadería #equinos #industrial #artesania #plantas #cultura #asoferias #tuluacorazondelvalle⁣",42,"05/16/2025 10:40",N/A,https://www.facebook.com/AlcaldiaDeTulua/videos/1900519804080003/,0,0,Videos,,,,,Total,1623,1464,59,44,0,15,20,,20,,7017.545,4.601,0,0,0
1139450298222301,100064720237286,"Alcaldía de Tuluá",,,0,"05/16/2025 10:35",N/A,https://www.facebook.com/AlcaldiaDeTulua/posts/pfbid036DTPtRbxSHFWJcX5Mbs984i1MXjMVzjd5QjdKaYcEMwwJ3MRe4ZFsKDmVfK6E1FYl,0,1,Fotos,,,,,Total,1192,1835,52,41,1,10,329,168,161,,,,,,
1139423034891694,100064720237286,"Alcaldía de Tuluá","¡Mobiliario nuevo para nuestros estudiantes!💪🏼✅

Estuvimos en la Institución Educativa José Eustasio Rivera y, por solicitud de la comunidad, entregamos mobiliario totalmente nuevo 🪑🧒👧

Seguimos comprometidos con brindarles a nuestros niños y niñas espacios dignos, cómodos y de calidad para que aprendan, crezcan y sean felices 💙🌟

💼👨‍🏫👩‍🏫 ¡Porque una buena educación comienza con condiciones adecuadas! #ParaSerFelices","¡Mobiliario nuevo para nuestros estudiantes!💪🏼✅

Estuvimos en la Institución Educativa José Eustasio Rivera y, por solicitud de la comunidad, entregamos mobiliario totalmente nuevo 🪑🧒👧

Seguimos comprometidos con brindarles a nuestros niños y niñas espacios dignos, cómodos y de calidad para que aprendan, crezcan y sean felices 💙🌟

💼👨‍🏫👩‍🏫 ¡Porque una buena educación comienza con condiciones adecuadas! #ParaSerFelices",50,"05/16/2025 09:45",N/A,https://www.facebook.com/reel/1433641511146314/,1,0,Reels,,,,,Total,3845,1833,232,183,17,32,112,,112,,37529.446,10.713,0,0,
1138850641615600,100064720237286,"Alcaldía de Tuluá","¡🗣️Convocatoria abierta para la conformación del Consejo! 🙌

¿Quieres ser parte del cambio? ¡Esta es tu oportunidad! 💥

📌 Inscripciones abiertas
📅 Plazo: hasta el 30 de mayo

¡No te quedes por fuera! 🚀",,0,"05/15/2025 15:12",N/A,https://www.facebook.com/AlcaldiaDeTulua/posts/pfbid02jq9VeLqqugT5owchToxap7NsuuoxxVvkdSTsp2JqogKW7aw4EprArbXpJyE3X5AGl,0,0,Fotos,,,,,Total,2037,2077,23,15,1,7,105,78,27,,,,,,
1138612621639402,100064720237286,"Alcaldía de Tuluá","🚀 ¡Iniciamos Planea tu Comuna! 🏘️🗣️

Una iniciativa que nace para fortalecer la participación ciudadana, creando lazos de confianza entre la comunidad y la institucionalidad 🤝✨
Un espacio clave para trabajar juntos por el bienestar de nuestra comunidad 🛠️💙✅ #ParaSerFelices #PlaneaTuComuna","🚀 ¡Iniciamos Planea tu Comuna! 🏘️🗣️

Una iniciativa que nace para fortalecer la participación ciudadana, creando lazos de confianza entre la comunidad y la institucionalidad 🤝✨
Un espacio clave para trabajar juntos por el bienestar de nuestra comunidad 🛠️💙✅ #ParaSerFelices #PlaneaTuComuna",47,"05/15/2025 07:18",mixed,https://www.facebook.com/reel/691967423206380/,1,0,Reels,,,,,Total,2537,1464,109,83,7,19,46,,46,,17791.172,7.491,0,0,
1137966241704040,100064720237286,"Alcaldía de Tuluá","¡Llegó lo que los tulueños estaban esperando!✅

🚧✨ Ya estamos construyendo la segunda calzada de la calle 27
➡️ Una obra que mejorará la movilidad y el ingreso al centro de la ciudad.

Estamos comprometidos con Tuluá💪🏼

¡Obras #ParaSerFelices!🏗️🏙️","¡Llegó lo que los tulueños estaban esperando!✅

🚧✨ Ya estamos construyendo la segunda calzada de la calle 27
➡️ Una obra que mejorará la movilidad y el ingreso al centro de la ciudad.

Estamos comprometidos con Tuluá💪🏼

¡Obras #ParaSerFelices!🏗️🏙️",61,"05/14/2025 09:24",N/A,https://www.facebook.com/reel/9733138263443446/,1,0,Reels,,,,,Total,10333,6568,450,338,72,40,511,,509,2,183598.771,19.657,0,0,
1137538255080172,100064720237286,"Alcaldía de Tuluá","¡Contundente golpe a las estructuras residuales! ⚔️","¡Contundente golpe a las estructuras residuales! ⚔️

En zona rural de Tuluá fueron capturados dos integrantes del Frente 57 “Yair Bermúdez” 👮‍♂️🚔, entre ellos alias “Cristian”, presunto extorsionista en La Moralia 💰⚠️.

Explosivos, drogas y partes de arma fueron incautadas 💣🔫⚗️

Gracias a la acción conjunta de nuestra Fuerza Pública ¡seguimos trabajando contra el crimen! ✊",51,"05/13/2025 19:02",N/A,https://www.facebook.com/AlcaldiaDeTulua/videos/716092960979902/,0,0,Videos,,,,,Total,5428,2637,167,138,5,24,317,,317,,77803.081,16.28,0,0,0
1137506998416631,100064720237286,"Alcaldía de Tuluá","¡Aprendiendo de seguridad vial!🚸👧🏽👦🏽✨

Estuvimos con el Departamento de Movilidad en la Institución Educativa Aguaclara llevando mensajes de educación vial, movilidad segura y prevención vial a nuestros niños, niñas y padres de familia.🚦🚗🏍️

Hablamos sobre la importancia 💡de respetar las normas, cuidar la vida y construir entre todos una Tuluá que se mueve mejor #ParaSerFelices ✅💙","¡Aprendiendo de seguridad vial!🚸👧🏽👦🏽✨

Estuvimos con el Departamento de Movilidad en la Institución Educativa Aguaclara llevando mensajes de educación vial, movilidad segura y prevención vial a nuestros niños, niñas y padres de familia.🚦🚗🏍️

Hablamos sobre la importancia 💡de respetar las normas, cuidar la vida y construir entre todos una Tuluá que se mueve mejor #ParaSerFelices ✅💙",28,"05/13/2025 17:53",uploaded,https://www.facebook.com/reel/1228415128653378/,1,0,Reels,,,,,Total,1667,1328,56,41,3,12,20,,20,,8071.499,5.131,0,0,
1137287358438595,100064720237286,"Alcaldía de Tuluá","📚💫 Docentes y Padres de Familia vivieron una experiencia inspiradora en el Coliseo de Ferias Manuel Victoria Rojas.

Con la participación especial de Natalia Ponce de León, símbolo de resiliencia y valentía, y el respaldo de expertos internacionales, seguimos fortaleciendo el modelo #SeeLearning junto a las Fundaciones Levapán, Barco, Celsia y la Universidad Emory. 🌍🤝 Y con el liderazgo del alcalde @gustavovelezr, le apostamos a una educación que toca la mente y el corazón. 🧠💙🌱 #ParaSerFelices","📚💫 Docentes y Padres de Familia vivieron una experiencia inspiradora en el Coliseo de Ferias Manuel Victoria Rojas.

Con la participación especial de Natalia Ponce de León, símbolo de resiliencia y valentía, y el respaldo de expertos internacionales, seguimos fortaleciendo el modelo #SeeLearning junto a las Fundaciones Levapán, Barco, Celsia y la Universidad Emory. 🌍🤝 Y con el liderazgo del alcalde @gustavovelezr, le apostamos a una educación que toca la mente y el corazón. 🧠💙🌱 #ParaSerFelices",66,"05/13/2025 09:25",N/A,https://www.facebook.com/reel/2620663918138723/,1,0,Reels,,,,,Total,2709,1081,243,146,4,93,23,,23,,16080.771,6.311,0,0,
1137212605112737,100064720237286,"Alcaldía de Tuluá","#Seguridad |  Cero Homicidios durante celebración del día de la Madre en Tuluá.

La Alcaldía de Tuluá, en articulación con la Policía Nacional, entregó un balance positivo en materia de seguridad durante las celebraciones del Día de la Madre, donde no se registraron hechos que lamentar ni afectaciones a la vida o la libertad de las personas.

Lee la noticia completa: ⬇️⬇️⬇️
",,0,"05/13/2025 07:08",N/A,https://www.facebook.com/AlcaldiaDeTulua/posts/pfbid0cRJCPs75H5tiwRVm8BSQpsw9WJYsDhsvCEfuVSmMosa2y8QLkYVsabs5TifbdoVMl,0,0,Enlaces,,,,,Total,1210,1013,40,27,8,5,11,,7,4,,,,,
1137203608446970,100064720237286,"Alcaldía de Tuluá","#Planeación | “Planea tu Comuna”, la estrategia con la que la Alcaldía planifica desde el territorio.

Planea tu Comuna es más que una jornada informativa: es un espacio abierto, transparente y cercano, donde se refuerza el vínculo entre la institucionalidad y la ciudadanía.

Lee la noticia completa:⬇️⬇️⬇️
https://tulua.gov.co/publicaciones/6065/planea-tu-comuna-la-estrategia-con-la-que-la-alcaldia-planifica-desde-el-territorio/ia",,0,"05/13/2025 06:52",N/A,https://www.facebook.com/AlcaldiaDeTulua/posts/pfbid02RHKRdrwzYFJydDtFguaeDdMbUbzrJ63xsVQXeLc1CQN7by6uGRiGapgPtDmi86q9l,0,0,Enlaces,,,,,Total,1019,858,23,18,1,4,6,,1,5,,,,,
1137199868447344,100064720237286,"Alcaldía de Tuluá","#Cultura | Administración Municipal se descentraliza en el Festival de la Marimba. 

Este esfuerzo articulado, contó con la participación del Departamento Administrativo de Arte y Cultura, la Secretaría de Bienestar Social, la Secretaría de Salud, Secretaría Privada, la Inspección de Policía, las Entidades Promotoras de Salud (EPS) y el Plan de Intervenciones Colectivas (PIC), entre otras entidades, quienes desarrollaron una jornada especial de servicios y actividades en beneficio de la población.

Lee la noticias completa: ⬇️⬇️⬇️
",,0,"05/13/2025 06:45",N/A,https://www.facebook.com/AlcaldiaDeTulua/posts/pfbid02ncT4cSwsGfh7Bbr5mUuAUY8Cfs3E4ZG8bABH3TE4Hfsxa7X7gUYiMMQoTVviky5vl,0,0,Enlaces,,,,,Total,1298,1068,34,27,0,7,8,,2,6,,,,,
1136783871822277,100064720237286,"Alcaldía de Tuluá","Así se vivió el ritmo del Pacífico en Tuluá 🌊🎶

Más de 100 tulueños afro nos acompañaron en una jornada inolvidable:
💃🏿 Música, danza y tradición que hicieron vibrar cada rincón
🍲 Sabores auténticos que llenaron de alegría nuestros corazones
🩺 Y nuestra oferta institucional

¡Celebramos nuestra diversidad con orgullo y alegría! 💙✨ #ParaSerFelices","Así se vivió el ritmo del Pacífico en Tuluá 🌊🎶

Más de 100 tulueños afro nos acompañaron en una jornada inolvidable:
💃🏿 Música, danza y tradición que hicieron vibrar cada rincón
🍲 Sabores auténticos que llenaron de alegría nuestros corazones
🩺 Y nuestra oferta institucional

¡Celebramos nuestra diversidad con orgullo y alegría! 💙✨ #ParaSerFelices",61,"05/12/2025 15:36",N/A,https://www.facebook.com/reel/707646285066191/,1,0,Reels,,,,,Total,1039,819,41,36,0,5,12,,12,,5083.601,5.114,0,0,
1136641498503181,100064720237286,"Alcaldía de Tuluá","📣 ¡Llegó PLANEA TU COMUNA! 🏡✨ 

Un programa de participación ciudadana que lleva la planificación del municipio directamente a tu territorio.
Ahora, el Departamento de Planeación descentraliza su oficina para construir con todos los tulueños un mejor vivir. 🛠️💙 Ven y conoce los proyectos que tú y tu comunidad priorizaron y que hacen parte del Plan de Desarrollo Municipal. 🚀 

🤝 Planea tu Comuna: un espacio de confianza, transparencia y trabajo con la comunidad  #ParaSerFelices
📍 ¡Muy pronto en tu comuna!","📣 ¡Llegó PLANEA TU COMUNA! 🏡✨ 

Un programa de participación ciudadana que lleva la planificación del municipio directamente a tu territorio.
Ahora, el Departamento de Planeación descentraliza su oficina para construir con todos los tulueños un mejor vivir. 🛠️💙 Ven y conoce los proyectos que tú y tu comunidad priorizaron y que hacen parte del Plan de Desarrollo Municipal. 🚀 

🤝 Planea tu Comuna: un espacio de confianza, transparencia y trabajo con la comunidad  #ParaSerFelices
📍 ¡Muy pronto en tu comuna!",58,"05/12/2025 10:34",uploaded,https://www.facebook.com/reel/722186073573699/,1,0,Reels,,,,,Total,2665,1280,266,172,5,89,70,,70,,19284.899,7.881,0,0,
1136510415182956,100064720237286,"Alcaldía de Tuluá",,,0,"05/12/2025 06:18",N/A,https://www.facebook.com/AlcaldiaDeTulua/posts/pfbid0DKcjXjmiy2HpPAvtFAzpxd156Y75ohnTj3AR5zLGGtcMqZRmfvCT4U2fz6iEMYQVl,0,1,Texto,,,,,Total,,1450,57,56,1,0,103,,102,1,,,,,
1135954468571884,100064720237286,"Alcaldía de Tuluá","🎙️ ElPodcastdeVélez | Episodio 15. El inicio del cambio.

En este episodio, el alcalde Gustavo Vélez se reunió con los tulueños para socializar una de las obras más importantes que marcará un gran cambio para Tuluá en 2025: el Intercambiador Vial de la 40.","🎙️ ElPodcastdeVélez | Episodio 15. El inicio del cambio.

En este episodio, el alcalde Gustavo Vélez se reunió con los tulueños para socializar una de las obras más importantes que marcará un gran cambio para Tuluá en 2025: el Intercambiador Vial de la 40.",498,"05/11/2025 10:45",N/A,https://www.facebook.com/AlcaldiaDeTulua/videos/1070716508231700/,1,0,Videos,,,,,Total,1921,1686,109,78,13,18,53,,53,,32234.676,18.078,0,0,0
1135758608591470,100064720237286,"Alcaldía de Tuluá","¡Feliz día de las Madres!🌸🌹

✨ A ustedes, que son ejemplo de amor, entrega y valentía.
Que en cada abrazo, en cada consejo, en cada sacrificio… hacen de Tuluá un lugar más lleno de vida.

Hoy celebramos a quienes con su amor infinito
son el motor de nuestras familias y nuestro municipio. #ParaSerFelices 💙🌸","¡Feliz día de las Madres!🌸🌹

✨ A ustedes, que son ejemplo de amor, entrega y valentía.
Que en cada abrazo, en cada consejo, en cada sacrificio… hacen de Tuluá un lugar más lleno de vida.

Hoy celebramos a quienes con su amor infinito
son el motor de nuestras familias y nuestro municipio. #ParaSerFelices 💙🌸",28,"05/11/2025 05:54",N/A,https://www.facebook.com/reel/499880433114704/,1,0,Reels,,,,,Total,2436,1410,122,87,11,24,25,,25,,14456.248,6.5,0,0,
1135363585297639,100064720237286,"Alcaldía de Tuluá","#ResumenSemanal | Conoce aquí las noticias más destacadas de la semana ➡️➡️ 45 segundos #ParaSerFelices ✅✌🏽","#ResumenSemanal | Conoce aquí las noticias más destacadas de la semana ➡️➡️ 45 segundos #ParaSerFelices ✅✌🏽",76,"05/10/2025 16:37",N/A,https://www.facebook.com/reel/1172465468014280/,1,0,Reels,,,,,Total,2166,1046,111,93,3,15,25,,25,,20106.896,9.817,0,0,
1135288498638481,100064720237286,"Alcaldía de Tuluá","¡Más de 300 personas vivieron el Festival de la Marimba!🎶💃

🎶 Un día lleno de música, sabor y tradición del Pacífico
🍛 Con gastronomía típica, mucha cultura y alegría
💉 Además, llevamos nuestra oferta institucional:
📝 SISBÉN
🐶 Vacunación antirrábica
🤝 Apoyo a comunales
📢 Programas nacionales y mucho más

¡Tuluá vibró con el Pacífico! #ParaSerFelices 💙💪🏼",,0,"05/10/2025 13:22",N/A,https://www.facebook.com/AlcaldiaDeTulua/posts/pfbid02eKpLKjzqMdomkUFzXgZc4K1p2hF9hcXvng5T8nX7y83BYbgYTYPyc9m8MLLVShqgl,0,0,Fotos,,,,,Total,4001,2641,72,57,1,14,191,156,35,,,,,,
1134641545369843,100064720237286,"Alcaldía de Tuluá","#Educación | Más de 500 docentes participaron en jornada internacional de formación “See Learning”.

El Coliseo de Ferias Manuel Victoria Rojas, se convirtió en el epicentro del conocimiento y la reflexión pedagógica, gracias a la articulación de esfuerzos entre la Administración Municipal y la Fundación Levapán, organización que ha liderado la implementación del modelo de Educación Socioemocional y Ética “See Learning ” en el municipio. 

Lee la noticia completa:⬇⬇⬇
",,0,"05/09/2025 15:27",N/A,https://www.facebook.com/AlcaldiaDeTulua/posts/pfbid02WroHWAUSNYo1K6vFiEw5SBvLKZiyspmPSWwoPCSieJeNcEKoNa2kq2dX2acyiDWgl,0,0,Enlaces,,,,,Total,3004,1961,88,70,5,13,78,,21,57,,,,,
1134641315369866,100064720237286,"Alcaldía de Tuluá","#Noticias | Comerciantes de la Sarmiento recibieron orientación sobre ley anti-ruido.

Durante la actividad, los comerciantes recibieron orientación sobre la normativa que regula los niveles permitidos de ruido en zonas comerciales y residenciales, al tiempo que fueron capacitados en temas relacionados con estándares de calidad, documentación legal y requisitos que deben cumplir para garantizar la sana convivencia en el municipio.

Lee la noticia completa: ⬇⬇⬇
",,0,"05/09/2025 15:27",N/A,https://www.facebook.com/AlcaldiaDeTulua/posts/pfbid02cjyHPJGNbegZFB9KDESLLes714CkoMs4DT3tr9C48ujgBGJ8eSPggG8257FKZtATl,0,0,Enlaces,,,,,Total,2394,1765,49,33,8,8,40,,28,12,,,,,
1134639342036730,100064720237286,"Alcaldía de Tuluá","📚✨ Más de 500 docentes vivieron una jornada de aprendizaje y transformación en el Coliseo de Ferias Manuel Victoria Rojas.

Gracias a expertos internacionales y al apoyo de las Fundaciones Levapán, Barco, Celsia y la Universidad Emory, fortalecimos el modelo #SeeLearning que impulsamos desde 2019 con el alcalde Gustavo Vélez Román. 🧠💛

Enseñar también es abrir el corazón y formar seres humanos íntegros. 💙🌱 #ParaSerFelices",,0,"05/09/2025 15:22",N/A,https://www.facebook.com/AlcaldiaDeTulua/posts/pfbid02MH2cQndMtyuLfVjDdGgZVzB6G5iEt949HXmNLwnrYqwFiUzYTWnKH16dWaf3p2y5l,0,0,Fotos,,,,,Total,6684,3975,98,75,6,17,704,519,185,,,,,,
1134626495371348,100064720237286,"Alcaldía de Tuluá","#Salud | Secretaría de Salud realiza seguimiento a calidad del agua en La Colina.

Como parte del procedimiento, se han tomado nuevas muestras de agua para su respectivo análisis, con el fin de determinar si cumple con los parámetros establecidos por la normatividad sanitaria vigente. De igual manera, se ha requerido formalmente al acueducto responsable del suministro para que entregue información detallada sobre los procesos y métodos utilizados en el tratamiento del agua.

Lee la noticia completa: ⬇⬇⬇
",,0,"05/09/2025 14:49",N/A,https://www.facebook.com/AlcaldiaDeTulua/posts/pfbid02PQetJyM8yTaroYYourVHHpSKu9p6MYpxrw5pvAtk523zTYNTchsE4xPFKy4JF1r1l,0,0,Enlaces,,,,,Total,1834,1328,49,36,5,8,47,,23,24,,,,,
1134593295374668,100064720237286,"Alcaldía de Tuluá","#SEDAMA | SEDAMA participa en conversatorio sobre Gestión del Riesgo y Cambio Climático.

El evento contó con la participación de representantes del sector público y privado. Según Miguel Ángel Sarria, estudiante organizador del conversatorio, esta iniciativa surgió desde la asignatura de Gestión del Riesgo y Adaptación al Cambio Climático. “ Invitamos a entidades públicas como la Gobernación del Valle y la Alcaldía de Tuluá, y del sector privado nos acompañó la empresa Celsia. El objetivo fue generar un espacio de diálogo interdisciplinario para comprender cómo se aborda el cambio climático desde distintas perspectivas ”, explicó.

Lee la noticia completa: ⬇⬇⬇
",,0,"05/09/2025 13:29",N/A,https://www.facebook.com/AlcaldiaDeTulua/posts/pfbid0AdE9vHMMhmZouK59ZjQnuSgxzFMbheuHuoAdX4Q53GA5aKSCS1F2hKVb2LVFycbMl,0,0,Enlaces,,,,,Total,975,743,22,15,0,7,3,,,3,,,,,
1134585828708748,100064720237286,"Alcaldía de Tuluá","#Hábitat | Continúa atención de emergencias viales en zona rural de Tuluá.

Actualmente, se desarrollan trabajos en dos frentes críticos: El primero cubre la vía La Coca–El Vergel–Maravelez, donde ya se han iniciado labores de remoción de material tras varios derrumbes. El segundo se ubica en el sector de Mateguadua, donde la bancada de la vía presenta grietas que amenazaban con dejar incomunicada a la comunidad. Por esta razón, ya se trasladó maquinaria pesada al sitio para mitigar el riesgo.

Lee la noticia completa: ⬇⬇⬇
",,0,"05/09/2025 13:10",N/A,https://www.facebook.com/AlcaldiaDeTulua/posts/pfbid0uduzm4QGHdvhcWhBYZoM6VCJ47DMXnss3pz1nH5bpLvkkuZDyyEiU4s2gzZL1LAal,0,0,Enlaces,,,,,Total,1245,983,25,19,0,6,9,,2,7,,,,,
1134404855393512,100064720237286,"Alcaldía de Tuluá","¡Sembramos 95 árboles!✅💪🏼🌳

Realizamos una jornada de siembra en el sector 📍Arboledas del Darién con más de 90 árboles 🌳 de diferentes especies, contribuyendo al cuidado del medio ambiente 🌎 y a la creación de más zonas verdes en nuestro municipio 🌿.
#ParaSerFelices ✨","¡Sembramos 95 árboles!✅💪🏼🌳

Realizamos una jornada de siembra en el sector 📍Arboledas del Darién con más de 90 árboles 🌳 de diferentes especies, contribuyendo al cuidado del medio ambiente 🌎 y a la creación de más zonas verdes en nuestro municipio 🌿.
#ParaSerFelices ✨",31,"05/09/2025 07:05",uploaded,https://www.facebook.com/reel/1019699853146122/,1,0,Reels,,,,,Total,1034,753,51,37,6,8,7,,7,,3334.706,3.409,0,0,
1133883955445602,100064720237286,"Alcaldía de Tuluá","¡Comité Municipal del Ruido socializa con comerciantes de la Sarmiento!✅

Con la Secretaría de Gobierno y la SEDAMA, socializamos con nuestros comerciantes la Ley 2450 Antirruido 🔇🛍️
Una jornada educativa donde aprendimos a cumplir la norma ✅ y a fortalecer la cultura ciudadana 🤝 para vivir mejor, con respeto y armonía en nuestro municipio.

¡Así construimos una Tuluá con más orden y menos ruido #ParaSerFelices!💪🏼💙","¡Comité Municipal del Ruido socializa con comerciantes de la Sarmiento!✅

Con la Secretaría de Gobierno y la SEDAMA, socializamos con nuestros comerciantes la Ley 2450 Antirruido 🔇🛍️
Una jornada educativa donde aprendimos a cumplir la norma ✅ y a fortalecer la cultura ciudadana 🤝 para vivir mejor, con respeto y armonía en nuestro municipio.

¡Así construimos una Tuluá con más orden y menos ruido #ParaSerFelices!💪🏼💙",59,"05/08/2025 12:19",N/A,https://www.facebook.com/reel/1212285313814505/,1,0,Reels,,,,,Total,2397,1714,109,77,14,18,71,,71,,24817.569,11.332,0,0,
1133867358780595,100064720237286,"Alcaldía de Tuluá","Estamos en el pago de ciclo 1 de Renta Ciudadana y Devolución del IVA para los grupos SISBÉN A1 a B4, del 13 al 25 de mayo. 💰¡Acércate a las oficinas del Centro Comercial Bicentenario Plaza y verifica si eres beneficiario!✅💪🏼","Estamos en el pago de ciclo 1 de Renta Ciudadana y Devolución del IVA para los grupos SISBÉN A1 a B4, del 13 al 25 de mayo. 💰¡Acércate a las oficinas del Centro Comercial Bicentenario Plaza y verifica si eres beneficiario!✅💪🏼",41,"05/08/2025 11:41",N/A,https://www.facebook.com/reel/1231107961929743/,0,0,Reels,,,,,Total,4667,3700,130,100,4,26,166,,166,,47060.844,11.143,0,0,
1133316698835661,100064720237286,"Alcaldía de Tuluá","🚜💪 ¡Atendemos el llamado de la comunidad!Con maquinaria en la zona rural media y alta, trabajamos para remover derrumbes y garantizar vías seguras para todos.Atender a tiempo las emergencias en cada frente de trabajo es nuestro compromiso, porque en Tuluá trabajamos #ParaSerFelices. ✅✨ 🚜","🚜💪 ¡Atendemos el llamado de la comunidad!Con maquinaria en la zona rural media y alta, trabajamos para remover derrumbes y garantizar vías seguras para todos.Atender a tiempo las emergencias en cada frente de trabajo es nuestro compromiso, porque en Tuluá trabajamos #ParaSerFelices. ✅✨ 🚜",58,"05/07/2025 17:59",N/A,https://www.facebook.com/reel/665983739621790/,0,0,Reels,,,,,Total,2353,1565,125,103,7,15,99,,99,,20767.73,9.5,0,0,
1133236418843689,100064720237286,"Alcaldía de Tuluá","🌎♻️ Desde la Secretaría de Desarrollo Agropecuario y Medio Ambiente – SEDAMA, participamos del conversatorio “Gestión del Riesgo y Cambio Climático: estrategias para un futuro resiliente” organizado por la UCEVA.

Como ponentes, compartimos acciones clave para mitigar el cambio climático y construir un territorio más sostenible. #ParaSerFelices 💙✨","🌎♻️ Desde la Secretaría de Desarrollo Agropecuario y Medio Ambiente – SEDAMA, participamos del conversatorio “Gestión del Riesgo y Cambio Climático: estrategias para un futuro resiliente” organizado por la UCEVA.

Como ponentes, compartimos acciones clave para mitigar el cambio climático y construir un territorio más sostenible. #ParaSerFelices 💙✨",40,"05/07/2025 14:19",N/A,https://www.facebook.com/reel/1195816588433608/,1,0,Reels,,,,,Total,914,672,36,30,0,6,9,,9,,4350.028,5.04,0,0,
1133185658848765,100064720237286,"Alcaldía de Tuluá","#Educación | Tuluá recibe reconocimiento por programa de educación socioemocional en Los Andes.

El programa See Learning, que busca fortalecer la educación socioemocional en los colegios del municipio, fue destacado por expertos internacionales como Kimberly Schonert-Reichl y Mark Greenberg. ""Esta apuesta educativa debe enorgullecer a los tulueños"", afirmaron. 

Lee la noticia completa :⬇️⬇️⬇️
",,0,"05/07/2025 12:26",N/A,https://www.facebook.com/AlcaldiaDeTulua/posts/pfbid027mfVZ3uxhjrxdcu15fMZHKwygz6pyNP325ZssyEscYUKYt8dMzezdcxuusmQq9pUl,0,0,Enlaces,,,,,Total,9188,6431,211,166,17,28,221,,111,110,,,,,
1133165765517421,100064720237286,"Alcaldía de Tuluá","🚧♿ ¡160 metros lineales de Andenes en el Parque del Comercio!

Continuamos mejorando este sector, construyendo andenes accesibles que acompañarán el nuevo intercambiador de la carrera 30.

Seguimos transformando nuestros espacios públicos para que sean seguros, cómodos y pensados para todos los tulueños. #ParaSerFelices ✅🌿✨",,0,"05/07/2025 11:47",N/A,https://www.facebook.com/AlcaldiaDeTulua/posts/pfbid02nwEZtYQCniXJMVBmwn9ux44mLu498NUKBQdzmfEPPWtLq6Jr93Zfj2XkjUjioyKKl,0,0,Fotos,,,,,Total,3535,2288,64,49,0,15,148,118,30,,,,,,
1133079582192706,100064720237286,"Alcaldía de Tuluá","#Deporte | El fútbol regresa al estadio 12 de Octubre.

Este proceso ha contado con el apoyo constante de la comunidad tulueña. Cada fin de semana se realizan jornadas de voluntariado en las que participan ciudadanos comprometidos con el deporte y el bienestar del municipio.

Lee la noticia completa: ⬇️⬇️⬇️
",,0,"05/07/2025 08:59",N/A,https://www.facebook.com/AlcaldiaDeTulua/posts/pfbid0262khqnYCtY4evuox4KWkqXGJyzb8CRF27isyWHKxutADw382mW8RukJD4ezj4qqBl,0,0,Enlaces,,,,,Total,5167,3269,133,99,15,19,322,,167,155,,,,,
1133032315530766,100064720237286,"Alcaldía de Tuluá","Conoce cómo será el nuevo Intercambiador de la 40 🚧Un espacio moderno que transformará la movilidad en Tuluá 🚗✨Conectamos barrios, mejoramos tu camino y construimos futurocon la visión del alcalde Gustavo Adolfo Vélez Román.¡El cambio ya está en marcha!#ParaSerFelices 💪🏼💙","Conoce cómo será el nuevo Intercambiador de la 40 🚧Un espacio moderno que transformará la movilidad en Tuluá 🚗✨Conectamos barrios, mejoramos tu camino y construimos futurocon la visión del alcalde Gustavo Adolfo Vélez Román.¡El cambio ya está en marcha!#ParaSerFelices 💪🏼💙",69,"05/07/2025 07:35",N/A,https://www.facebook.com/AlcaldiaDeTulua/videos/3597504767060463/,0,0,Videos,,,,,Total,5322,4120,322,202,25,95,291,,290,1,68540.508,14.521,0,0,0
1132986398868691,100064720237286,"Alcaldía de Tuluá","#BienestarSocial | Inicio de pagos del ciclo 4 del programa Colombia Mayor.

Los pagos estarán disponibles en los puntos del Banco Agrario de Colombia y en las oficinas aliadas de SuperGIROS en todo el país. Se recomienda a los beneficiarios acudir con su cédula original, respetando los protocolos establecidos por cada entidad pagadora.

Lee la noticia completa:⬇️⬇️⬇️
",,0,"05/07/2025 06:20",N/A,https://www.facebook.com/AlcaldiaDeTulua/posts/pfbid0ckr1v9CjTHVQ74tLnxRk7yyfBBj4tsY9VPCrgHpxgDdxxvA6mPACm9vA4dq8Vx3tl,0,0,Enlaces,,,,,Total,1019,710,17,13,0,4,6,,,6,,,,,
1132976818869649,100064720237286,"Alcaldía de Tuluá","#Infraestructura | Alcalde socializa proyecto de intercambiador vial de carrera 40.

Durante el encuentro, realizado en el Supercentro Tuluá, el mandatario dialogó con empresarios, emprendedores, comerciantes del sector, residentes, usuarios frecuentes de esta vía, y representantes de reconocidos establecimientos como el Supercentro Tuluá, Homecenter y el Parque de la Familia.

Lee la noticia completa:
",,0,"05/07/2025 06:03",N/A,https://www.facebook.com/AlcaldiaDeTulua/posts/pfbid02oNa6hZVvAtrvuLgMyWefkmkJtHskaMA2ai1ncEFVwtBxo5LQYRpg1C1ADNcGRnCql,0,0,Enlaces,,,,,Total,5126,3418,228,128,13,87,60,,20,40,,,,,
1132552018912129,100064720237286,"Alcaldía de Tuluá","¡Así vivimos la socialización del Intercambiador Vial de la 40! 🛣️✨

Hablamos con la comunidad sobre este nuevo proyecto, una obra estratégica que conectará a Tuluá de norte a sur.

Atendimos preguntas y reafirmamos nuestro compromiso con una ciudad más ágil y ordenada. #ParaSerFelices ✅💪🏼","¡Así vivimos la socialización del Intercambiador Vial de la 40! 🛣️✨

Hablamos con la comunidad sobre este nuevo proyecto, una obra estratégica que conectará a Tuluá de norte a sur.

Atendimos preguntas y reafirmamos nuestro compromiso con una ciudad más ágil y ordenada. #ParaSerFelices ✅💪🏼",54,"05/06/2025 16:04",uploaded,https://www.facebook.com/reel/696169520035777/,1,0,Reels,,,,,Total,3585,1612,211,104,12,95,65,,65,,28954.308,8.892,0,0,
1132473045586693,100064720237286,"Alcaldía de Tuluá","¡Más del 80% de los estudiantes beneficiados con el Programa de Alimentación Escolar! 🥗✨

Verificamos instalaciones y garantizamos espacios seguros para nuestros niños y niñas. ✅🏫

Un programa hecho con mano de obra 100% tulueña 👩‍🍳👨‍🍳 #ParaSerFelices","¡Más del 80% de los estudiantes beneficiados con el Programa de Alimentación Escolar! 🥗✨

Verificamos instalaciones y garantizamos espacios seguros para nuestros niños y niñas. ✅🏫

Un programa hecho con mano de obra 100% tulueña 👩‍🍳👨‍🍳 #ParaSerFelices",37,"05/06/2025 12:56",uploaded,https://www.facebook.com/reel/989571846579773/,1,0,Reels,,,,,Total,1441,993,76,59,4,13,43,,43,,11025.782,8.514,0,0,
1132271238940207,100064720237286,"Alcaldía de Tuluá","¡Socializamos el nuevo Intercambiador Vial de la carrera 40! 🚧🛣️

El alcalde @gustavovelezr, les presentó a los tulueños una obra que mejorará la movilidad en un punto clave de nuestro municipio, conectando barrios, comercio e instituciones con el Centro del Valle. 🌆🤝

Escuchamos a la comunidad y resolvimos dudas juntos de acuerdo a esta Obra #ParaSerFelices 💙✅",,0,"05/06/2025 07:07",N/A,https://www.facebook.com/AlcaldiaDeTulua/posts/pfbid0341a4d6osKJ9WRXNsTduf2gnx3XekAqgZZnMTFVZtq4RZEand2MMM214G9Zv8jnnol,0,0,Fotos,,,,,Total,8328,4523,209,160,13,36,974,593,381,,,,,,
1132244688942862,100064720237286,"Alcaldía de Tuluá","¡Llegó el Festival de la Marimba! ✅🥳

El gran festival del Pacífico está aquí con todo el sabor, el ritmo y la alegría que nos caracteriza
Este sábado 10 de mayo 🗓️ desde las 9:00 a.m. ⏰ en el Coliseo de Pesas Aymer Orozco Baeza 🏟️

Gastronomía 🍲, cultura 🎶, y toda la oferta institucional 🏛️ que tenemos para ti desde la Administración Municipal

¡No te lo pierdas! ❗
Ven y vive con nosotros estos espacios #ParaSerFelices ✨✅💪🏼",,0,"05/06/2025 06:31",N/A,https://www.facebook.com/AlcaldiaDeTulua/posts/pfbid02eM21XyJMZwkec5kDLsqhT2cMGYeCt9oR5yHJ6aMTmd2CFwEfY7VfTK6NQkyCLcoRl,0,0,Fotos,,,,,Total,2674,1865,56,38,0,18,33,17,16,,,,,,
1131772435656754,100064720237286,"Alcaldía de Tuluá","#Educación | Secretaría de Educación verifica PAE y atiende necesidades escolares.

Durante el recorrido por las Instituciones Educativas Gilibert, La Moderna y Pumarejo, el secretario de Educación, Robert Posada, dialogó con docentes, coordinadores y rectores, con quienes se establecieron compromisos concretos para mejorar el entorno escolar. 

Lee la noticia completa: ⬇⬇⬇
",,0,"05/05/2025 15:24",N/A,https://www.facebook.com/AlcaldiaDeTulua/posts/pfbid02ocDtz8Ur4DWE6mjWNbgzDxSd5XbSt6mjB6WN1687qCSfYbSTCbEf9eiPsnjBsWKWl,0,0,Enlaces,,,,,Total,4720,2921,139,114,6,19,107,,37,70,,,,,
1130839235750074,100064720237286,"Alcaldía de Tuluá","🎙️ ElPodcastdeVélez | Episodio 14. Renovando espacios de Salud #ParaSerFelices

En este episodio, el alcalde Gustavo Vélez le entrega a la comunidad el remodelado puesto de salud del barrio Nuevo Farfán. Un espacio del hospital Rubén Cruz Vélez donde los tulueños podrán acceder GRATIS a servicios de medicina general, odontología y acompañamiento psicosocial. Además, comparte los próximos proyectos de infraestructura que fortalecerán a Tuluá.","🎙️ ElPodcastdeVélez | Episodio 14. Renovando espacios de Salud #ParaSerFelices

En este episodio, el alcalde Gustavo Vélez le entrega a la comunidad el remodelado puesto de salud del barrio Nuevo Farfán. Un espacio del hospital Rubén Cruz Vélez donde los tulueños podrán acceder GRATIS a servicios de medicina general, odontología y acompañamiento psicosocial. Además, comparte los próximos proyectos de infraestructura que fortalecerán a Tuluá.",646,"05/04/2025 10:45",N/A,https://www.facebook.com/AlcaldiaDeTulua/videos/2457485951277058/,1,0,Videos,,,,,Total,3729,2118,149,103,17,29,36,,36,,38176.057,11.624,0,0,0
1130207329146598,100064720237286,"Alcaldía de Tuluá","#ResumenSemanal | Conoce aquí las noticias más destacadas de la semana ➡️➡️ 45 segundos #ParaSerFelices ✅✌🏽","#ResumenSemanal | Conoce aquí las noticias más destacadas de la semana ➡️➡️ 45 segundos #ParaSerFelices ✅✌🏽",54,"05/03/2025 16:15",uploaded,https://www.facebook.com/reel/732633022573096/,1,0,Reels,,,,,Total,2611,1168,123,93,9,21,24,,23,1,22312.402,9.258,0,0,
1129974399169891,100064720237286,"Alcaldía de Tuluá","¡El trabajo no se detiene!💪🏼Hoy estamos con el IMDER 🏃‍♂️, el apoyo de los tulueños 💙 y el Club Semilla Tuluá 🌱, ¡continuando con el embellecimiento del Estadio Doce de Octubre! 🏟️Pintamos las graderías de la zona occidental 🎨 y cada vez se ve más bonito.Le apostamos al deporte, la recreación y al amor por nuestra ciudad ⚽️ Con obras #ParaSerFelices ✨✅","¡El trabajo no se detiene!💪🏼Hoy estamos con el IMDER 🏃‍♂️, el apoyo de los tulueños 💙 y el Club Semilla Tuluá 🌱, ¡continuando con el embellecimiento del Estadio Doce de Octubre! 🏟️Pintamos las graderías de la zona occidental 🎨 y cada vez se ve más bonito.Le apostamos al deporte, la recreación y al amor por nuestra ciudad ⚽️ Con obras #ParaSerFelices ✨✅",41,"05/03/2025 08:28",N/A,https://www.facebook.com/reel/3030673323753079/,0,0,Reels,,,,,Total,12180,7397,661,548,38,75,448,,448,,113864.061,10.399,0,0,
1129270195906978,100064720237286,"Alcaldía de Tuluá","¡Socialización de las nuevas obras #ParaSerFelices!✅💙

Desde la Administración Municipal, junto a la Secretaría de Hábitat e Infraestructura e INFITULUÁ, te invitamos a conocer el proyecto Intercambiador Vial Carrera 40, una obra que mejorará nuestra movilidad y calidad de vida.

📍 Parque de la Familia
🗓️ Lunes, 5 de mayo
🕕 6:00 p. m.

¡Te esperamos! La transformación la hacemos contigo 💪🏼✅
Obras #ParaSerFelices",,0,"05/02/2025 10:25",N/A,https://www.facebook.com/AlcaldiaDeTulua/posts/pfbid0P93A3DKXeStw2AVobqb9f5TVnUtpaZ5GHfrk8GhVmQLS8wyNKsetnjvG9kP3kEVVl,0,0,Fotos,,,,,Total,9785,5780,144,101,9,34,623,416,207,,,,,,
1129122879255043,100064720237286,"Alcaldía de Tuluá","#Salud | Renovado Puesto de Salud en Nuevo Farfán fue entregado por el alcalde Gustavo Vélez.

El Puesto de Salud de Nuevo Farfán se suma a los ya rehabilitados en San Antonio, Agua Clara y Farfán. Además, la próxima semana está prevista la entrega del centro de salud de Tres Esquinas, y se gestionan recursos para recuperar otros puestos, como el de San Pedro Claver. En total, son 17 los centros de salud proyectados para renovación.

Lee la noticia completa:⬇️⬇️⬇️
",,0,"05/02/2025 06:31",N/A,https://www.facebook.com/AlcaldiaDeTulua/posts/pfbid02uffHR5aVi9bVDyhRp4THiBWEU1GMMGvuA3nHWHvJKiqKBK4QW7cycnamkzbmuwwrl,0,0,Enlaces,,,,,Total,4447,3274,76,68,4,4,51,,24,27,,,,,
1128320846001913,100064720237286,"Alcaldía de Tuluá","¡Hoy le pusimos el casco a la seguridad vial! 🪖🛵⚠️
Con el Departamento de Movilidad y Seguridad Vial 🚦🚗 en alianza con la Agencia Nacional de Seguridad Vial 🇨🇴, realizamos una jornada de capacitación para todos los tulueños 🧠🫱.

A través de módulos de prevención 🛑, seguridad 🦺 y reglamentación 📘, sensibilizamos a la comunidad sobre la importancia de viajar seguros y responsables ✅🚍. #ParaSerFelices","¡Hoy le pusimos el casco a la seguridad vial! 🪖🛵⚠️
Con el Departamento de Movilidad y Seguridad Vial 🚦🚗 en alianza con la Agencia Nacional de Seguridad Vial 🇨🇴, realizamos una jornada de capacitación para todos los tulueños 🧠🫱.

A través de módulos de prevención 🛑, seguridad 🦺 y reglamentación 📘, sensibilizamos a la comunidad sobre la importancia de viajar seguros y responsables ✅🚍. #ParaSerFelices",64,"05/01/2025 06:33",N/A,https://www.facebook.com/reel/1177602277387195/,1,0,Reels,,,,,Total,1580,1102,48,41,0,7,29,,29,,10102.646,6.672,0,0,
1127854249381906,100064720237286,"Alcaldía de Tuluá","Entregamos el remodelado puesto de salud del barrio Nuevo Farfán 🏥✨

Un espacio renovado del hospital Rubén Cruz Vélez donde los tulueños podrán acceder GRATIS a servicios de medicina general, odontología y acompañamiento psicosocial 🩺🦷❤️‍🩹
¡Seguimos trabajando por una Tuluá donde la salud es prioridad, porque trabajamos #ParaSerFelices!💙💪🏼","Entregamos el remodelado puesto de salud del barrio Nuevo Farfán 🏥✨

Un espacio renovado del hospital Rubén Cruz Vélez donde los tulueños podrán acceder GRATIS a servicios de medicina general, odontología y acompañamiento psicosocial 🩺🦷❤️‍🩹
¡Seguimos trabajando por una Tuluá donde la salud es prioridad, porque trabajamos #ParaSerFelices!💙💪🏼",63,"04/30/2025 15:28",uploaded,https://www.facebook.com/reel/1436264287546458/,1,0,Reels,,,,,Total,3150,1535,198,145,18,35,53,,53,,14438.872,4.838,0,0,
1127665219400809,100064720237286,"Alcaldía de Tuluá","#GestióndelRiesgo | Alcaldía monitorea el río Tuluá y hace llamado a la prevención ante posible creciente.

Durante los últimos días, la Administración Municipal ha venido trabajando de forma continua en labores de canalización y extracción de material del río, lo que contribuye significativamente a mitigar el riesgo en caso de crecientes. Estas acciones preventivas permiten mejorar el flujo del agua y controlar, en parte, el comportamiento del cauce ante el incremento de las lluvias.

Lee la noticia completa:⬇️⬇️⬇️
https://tulua.gov.co/publicaciones/6013/alcaldia-monitorea-el-rio-tulua-y-hace-llamado-a-la-prevencion-ante-posible-creciente/a",,0,"04/30/2025 09:24",N/A,https://www.facebook.com/AlcaldiaDeTulua/posts/pfbid075NEmVKHZsT33Wi1nPJqdCRFEJnFU6q5whGe7ufJ9KLLpZbVY6hahHi8ipyPAQ9Al,0,0,Enlaces,,,,,Total,2493,1772,29,25,1,3,35,,8,27,,,,,
1127656009401730,100064720237286,"Alcaldía de Tuluá","¡Atención Tuluá! ⚠️🌧️

En estos días de fuertes lluvias y aumento en el nivel del río Tuluá 🌊, te invitamos a tomar precauciones. 🚫🏞️
Desde la Unidad de Gestión del Riesgo estamos haciendo monitoreo constante 📡 para cuidar de ti y de tu familia ❤️‍🩹.
La prevención salva vidas. Comparte este mensaje. 🔁✅","¡Atención Tuluá! ⚠️🌧️

En estos días de fuertes lluvias y aumento en el nivel del río Tuluá 🌊, te invitamos a tomar precauciones. 🚫🏞️
Desde la Unidad de Gestión del Riesgo estamos haciendo monitoreo constante 📡 para cuidar de ti y de tu familia ❤️‍🩹.
La prevención salva vidas. Comparte este mensaje. 🔁✅",79,"04/30/2025 09:10",N/A,https://www.facebook.com/AlcaldiaDeTulua/videos/1923135975128311/,0,0,Videos,,,,,Total,1153,1021,28,24,1,3,23,,23,,7138.413,6.495,0,0,0
1127005429466788,100064720237286,"Alcaldía de Tuluá","🚧 ¡La Calle 27 ya se conecta con el futuro de Tuluá! 🚗💨

Hoy la Administración Municipal, junto a la Secretaría de Hábitat e Infraestructura, Infituluá y el Departamento de Movilidad, socializó la habilitación del nuevo tramo de la Calle 27 🙌
Una vía que permitirá:
➡️ Desembotellar la zona céntrica
➡️ Conectar el oriente con el occidente
➡️ Mejorar la movilidad para todos los tulueños 🛣️🚦

En pocos días realizaremos la apertura oficial 🥳 ¡Seguimos construyendo obras que transforman la ciudad!
#ParaSerFelices","🚧 ¡La Calle 27 ya se conecta con el futuro de Tuluá! 🚗💨

Hoy la Administración Municipal, junto a la Secretaría de Hábitat e Infraestructura, Infituluá y el Departamento de Movilidad, socializó la habilitación del nuevo tramo de la Calle 27 🙌
Una vía que permitirá:
➡️ Desembotellar la zona céntrica
➡️ Conectar el oriente con el occidente
➡️ Mejorar la movilidad para todos los tulueños 🛣️🚦

En pocos días realizaremos la apertura oficial 🥳 ¡Seguimos construyendo obras que transforman la ciudad!
#ParaSerFelices",55,"04/29/2025 18:03",uploaded,https://www.facebook.com/reel/692145453490243/,1,0,Reels,,,,,Total,38823,26675,1461,1132,116,213,914,,914,,637489.645,18.553,0,0,
1126956812804983,100064720237286,"Alcaldía de Tuluá","¡La salud volvió a Nuevo Farfán! 🏥✨💙

Hoy el alcalde Gustavo Vélez hizo la reapertura oficial del Puesto de Salud del Hospital Rubén Cruz Vélez en el barrio Nuevo Farfán 🏡🙌 Un espacio totalmente renovado y remodelado para brindar atención con calidad y calidez a más de 1.500 tulueños cada mes ✅

Aquí encontrarás:
👨‍⚕️ Consulta de medicina general
🦷 Odontología
🧠 Acompañamiento psicosocial

¡La salud vuelve al barrio Nuevo Farfán! Porque seguimos haciendo obras para los tulueños con salud y bienestar 🫶#ParaSerFelices",,0,"04/29/2025 16:25",N/A,https://www.facebook.com/AlcaldiaDeTulua/posts/pfbid0252yvLaHRnEXDGPktBo6ZGbqcn8XshtqetsFwDNDKwir29dY9NcyoQRjT4uhSu3BMl,0,0,Fotos,,,,,Total,21725,12646,412,342,25,45,2375,1080,1295,,,,,,
1126953636138634,100064720237286,"Alcaldía de Tuluá","#Educación | Gobierno de Gustavo Vélez garantiza rutas escolares seguras a estudiantes.

La satisfacción expresada por los estudiantes frente al servicio de transporte escolar refleja el compromiso de la Administración Municipal con su bienestar y seguridad, en el marco de la gestión del gobierno del alcalde Gustavo Vélez Román, orientada a garantizar entornos escolares saludables, seguros y dignos para toda la comunidad educativa tulueña.

Lee la noticia completa:
",,0,"04/29/2025 16:19",N/A,https://www.facebook.com/AlcaldiaDeTulua/posts/pfbid0nxeyLQ7SHjBWN5PHySWbfsYUGJUqHrfdwyCLh6oX3xMoQ3BuTn5cW9UDH2YjYVqal,0,0,Enlaces,,,,,Total,2678,1905,63,52,2,9,42,,23,19,,,,,
1126815259485805,100064720237286,"Alcaldía de Tuluá","¡Seguimos apoyando a nuestros campesinos tulueños! 💪🏼✅

Hoy acompañamos la entrega de insumos agrícolas 🌱 gracias al proyecto Valleagro Paraíso Agrícola, una iniciativa de la Gobernación del Valle 🌾.

Desde la Alcaldía de Tuluá, junto al alcalde Gustavo Vélez 🤝 y la SEDAMA, respaldamos a las 132 familias rurales beneficiadas con este importante programa que fortalece el campo y la economía local 👨‍🌾👩‍🌾.
#ParaSerFelices",,0,"04/29/2025 11:23",N/A,https://www.facebook.com/AlcaldiaDeTulua/posts/pfbid021g3NbaScobyRVntA7GxxD8FbT8GZUb8VmMGYyK8D6HqPY3XdsrQXLk5ZMZ2J3rFVl,0,0,Fotos,,,,,Total,9858,6002,168,124,15,29,769,460,309,,,,,,
1126780552822609,100064720237286,"Alcaldía de Tuluá","#GestióndelRiesgo | Alcaldía atiende emergencia por desbordamiento del río Morales en Aguaclara.

Como parte de las acciones inmediatas, se realizó un primer censo que identificó pérdidas de animales y enseres en cerca de cuatro viviendas. Esta información preliminar será complementada con un censo detallado que nos permitirá dimensionar de manera integral la situación y establecer las necesidades prioritarias de la comunidad afectada.

Lee la noticia completa: ⬇️⬇️⬇️
",,0,"04/29/2025 10:21",N/A,https://www.facebook.com/AlcaldiaDeTulua/posts/pfbid02CP1afBWFMJWGGxbdCgiaYcecdB65qAVNh3nisN7hKdcwyRGur8AacYhPVaUS4mUcl,0,0,Enlaces,,,,,Total,2039,1466,35,30,2,3,72,,38,34,,,,,
1126694429497888,100064720237286,"Alcaldía de Tuluá","🚍✨Verificando y Garantizando calidad en el transporte escolar 🧐✅.

👦👧 Nuestros niños y niñas merecen llegar seguros y cómodos a sus clases 📚💛. Por eso desde las 6:00 a. m. estamos en las calles de la zona urbana plana acompañando a nuestros niños y verificando que tengan un transporte escolar de calidad. 🏙️ 
Seguimos trabajando con compromiso y 💖 para garantizar su acceso a la educación 🎒✏️. ¡Porque ellos son el presente y el futuro de nuestro municipio! 🌟 #ParaSerFelices","🚍✨Verificando y Garantizando calidad en el transporte escolar 🧐✅.

👦👧 Nuestros niños y niñas merecen llegar seguros y cómodos a sus clases 📚💛. Por eso desde las 6:00 a. m. estamos en las calles de la zona urbana plana acompañando a nuestros niños y verificando que tengan un transporte escolar de calidad. 🏙️ 
Seguimos trabajando con compromiso y 💖 para garantizar su acceso a la educación 🎒✏️. ¡Porque ellos son el presente y el futuro de nuestro municipio! 🌟 #ParaSerFelices",42,"04/29/2025 07:53",mixed,https://www.facebook.com/reel/1008422558167417/,1,0,Reels,,,,,Total,3288,1850,166,134,4,28,99,,99,,27822.924,9.265,0,0,
1126149506219047,100064720237286,"Alcaldía de Tuluá","🎶🎭 ¿Ya conoces los talleres que tenemos en el Centro Cultural del Barrio La Cruz? 🎨🧵

📢 Inscripciones abiertas en la 📍Casa de la Cultura Enrique Uribe White. 
💡 Si vives en el barrio La Cruz, puedes disfrutar de manera gratuita los talleres de: música, percusión, teatro, baile para adulto mayor, bordado, artes plásticas ¡y mucho más para todos! en el Centro Cultural Gustavo Adolfo Jaramillo. 🎹🎭👵🎨🪡 
¡No te quedes por fuera! 🎉✨ #ParaSerFelices 💙✅",,0,"04/28/2025 14:28",N/A,https://www.facebook.com/AlcaldiaDeTulua/posts/pfbid02UwBkH38maPH6ga18pxmmKfgsN6M61ZiY5cJiqPeoSuYZKVzxHH9tSV7wS2RA21Pwl,0,0,Fotos,,,,,Total,2172,1522,29,22,0,7,52,41,11,,,,,,
1102703821896949,100064720237286,"Alcaldía de Tuluá","#JornadasDescentralizadas | Llegamos con la Ruta de la Felicidad a Siete Vueltas.

La alcaldesa encargada, Alexandra Cardona, destacó el compromiso de la Administración Municipal en generar impacto social positivo a través del trabajo en equipo. “ El compromiso que hoy tenemos con esta comunidad es hacer un trabajo social humanitario”, mencionó.

Lee la noticia completa: ⬇⬇⬇
",,0,"03/31/2025 13:22",N/A,https://www.facebook.com/AlcaldiaDeTulua/posts/pfbid02ZDe2A7A3coE5mZ2DxFgWg4mm7be5fqDx7ZcpLYwyhS7dLBBegUg4nrRA9nWKdmHAl,0,0,Enlaces,,,,,Total,2216,1537,48,37,0,11,40,,6,34,,,,,
1102701361897195,100064720237286,"Alcaldía de Tuluá","🌟✨ ¡Fin de semana de #RutaDeLaFelicidad en Siete Vueltas! 🎨🎭🎈

Llevamos arte, cultura y recreación a esta comunidad, reafirmando nuestro compromiso de construir un Tuluá más unido y solidario. 💙🏡

💪🏼 ¡Sigamos trabajando juntos por una Tuluá llena de oportunidades y bienestar #ParaSerFelices! 🌍","🌟✨ ¡Fin de semana de #RutaDeLaFelicidad en Siete Vueltas! 🎨🎭🎈

Llevamos arte, cultura y recreación a esta comunidad, reafirmando nuestro compromiso de construir un Tuluá más unido y solidario. 💙🏡

💪🏼 ¡Sigamos trabajando juntos por una Tuluá llena de oportunidades y bienestar #ParaSerFelices! 🌍",46,"03/31/2025 13:16",uploaded,https://www.facebook.com/reel/878080901077768/,1,0,Reels,,,,,Total,1396,855,89,37,1,51,17,,17,,6766.575,5.091,0,0,
1126025509564780,100064720237286,"Alcaldía de Tuluá","#Noticias | Alcalde Gustavo Vélez presentó balance de gestión 2024.

Esta jornada de rendición de cuentas permitió fortalecer el compromiso de la Administración Municipal con la transparencia y la buena gestión, reafirmando su propósito de seguir construyendo un gobierno abierto, participativo y al servicio de toda la comunidad.

Lee la noticia completa:⬇⬇⬇
",,0,"04/28/2025 10:21",N/A,https://www.facebook.com/AlcaldiaDeTulua/posts/pfbid0LwNWyXg6DseEwRHf4hd3TRYpYzSH5KmLbW9bgobqn8VkbRhfkAAND2v3nfRJyWbxl,0,0,Enlaces,,,,,Total,1954,1366,63,37,21,5,58,,41,17,,,,,
1126008089566522,100064720237286,"Alcaldía de Tuluá","🎉 ¡Así se vivió el Carnaval del Juego 2025! 🎠✨

Un día lleno de sonrisas, juegos, premios y mucha alegría en el Parque de la Guadua, donde celebramos a nuestros niños y niñas como se merecen. 🧒👧 Nuestra gestora social, Luz Elena Londoño, acompañó esta gran fiesta, que fue pura magia, amor y felicidad. 💖 ¡Gracias a todos los que hicieron parte de esta celebración inolvidable!
¡Seguimos construyendo una #NiñezFeliz en una Tuluá #ParaSerFelices! 🎊🎈

#CarnavalDelJuego2025 🎯🎲👾 #SúmateJugando #DíadelaNiñez","🎉 ¡Así se vivió el Carnaval del Juego 2025! 🎠✨

Un día lleno de sonrisas, juegos, premios y mucha alegría en el Parque de la Guadua, donde celebramos a nuestros niños y niñas como se merecen. 🧒👧 Nuestra gestora social, Luz Elena Londoño, acompañó esta gran fiesta, que fue pura magia, amor y felicidad. 💖 ¡Gracias a todos los que hicieron parte de esta celebración inolvidable!
¡Seguimos construyendo una #NiñezFeliz en una Tuluá #ParaSerFelices! 🎊🎈

#CarnavalDelJuego2025 🎯🎲👾 #SúmateJugando #DíadelaNiñez",62,"04/28/2025 09:49",mixed,https://www.facebook.com/reel/559116780555659/,1,0,Reels,,,,,Total,1572,866,60,46,1,13,19,,19,,7501.847,5.001,0,0,
1124615269705804,100064720237286,"Alcaldía de Tuluá","¡Así vivimos el Primer Día del Contest BMX en el SkatePark Niko Tigreros! 🚴‍♂️🔥

Hoy compartimos espacios con la comunidad en este importante escenario deportivo, durante nuestra Jornada Descentralizada.

Emprendimiento, deporte y talento se unieron en una jornada llena de energía y pasión 🛹✨.
Además, llevamos Atención SISBÉN, vacunación y programas de prevención, acercando los servicios de la Administración Municipal a todos los tulueños. ✅

El BMX Freestyle, ahora como deporte olímpico, nos impulsa a soñar en grande junto a nuestros bikers. 🚀
#ParaSerFelices",,0,"04/26/2025 17:43",N/A,https://www.facebook.com/AlcaldiaDeTulua/posts/pfbid02FfaiDbssWypHY7vGQXuUfpfpbXWGuFKLC8VMYg1z58QSZzB1u9y8EDoVZQFtXDbEl,0,0,Fotos,,,,,Total,4855,3182,71,57,0,14,312,223,89,,,,,,
1124568069710524,100064720237286,"Alcaldía de Tuluá","#ResumenSemanal | Conoce aquí las noticias más destacadas de la semana ➡️➡️ 45 segundos #ParaSerFelices ✅✌🏽","#ResumenSemanal | Conoce aquí las noticias más destacadas de la semana ➡️➡️ 45 segundos #ParaSerFelices ✅✌🏽",56,"04/26/2025 16:00",N/A,https://www.facebook.com/reel/1027990498666834/,1,0,Reels,,,,,Total,2409,1147,105,85,2,18,20,,20,,15625.447,6.898,0,0,
1124509623049702,100064720237286,"Alcaldía de Tuluá","¡Así hemos vivido este gran día! 🎉👧🧒

Con alegría, diversión, premios y muchísimas sonrisas nuestra gestora social, Luz Elena Londoño, compartió y celebró el Carnaval del Juego 2025 en honor a nuestros niños y niñas en el Parque de la Guadua. 🥳

¡Un día lleno de magia y felicidad para construir una #NiñezFeliz y una Tuluá #ParaSerFelices! ✨🎈
¡Gracias por ser parte de esta fiesta!

#CarnavalDelJuego2025 #NiñezFeliz 🎠🎊",,0,"04/26/2025 13:48",N/A,https://www.facebook.com/AlcaldiaDeTulua/posts/pfbid0bzwg2foLFRVFktWfUNF4G5JxGfg1Uax6YDYUFVebyXdwKMbBWZNZHo5R93BnXKAAl,0,0,Fotos,,,,,Total,8279,5143,141,115,7,19,889,615,274,,,,,,
1124394556394542,100064720237286,"Alcaldía de Tuluá","#BienestarSocial | Ciclo 4 de pagos del programa Colombia Mayor se encuentra en espera.

Hacemos un llamado a todos los beneficiarios a mantener la calma y a estar atentos únicamente a los canales oficiales de información. Desde la Administración Municipal, una vez se confirme el nuevo operador y el cronograma de pagos, se comunicará oportunamente a través de los medios institucionales.

Lee la noticia completa:
⬇️⬇️⬇️
",,0,"04/26/2025 10:08",N/A,https://www.facebook.com/AlcaldiaDeTulua/posts/pfbid036kFdqaSQEgVCqg1ttyk7CoYiYaD5yW5368M9HVLPLDVrnQVryPHKkpN2M8uAAdQXl,0,0,Enlaces,,,,,Total,1572,1110,23,19,0,4,23,,6,17,,,,,
1124393769727954,100064720237286,"Alcaldía de Tuluá","#Transporte | Más de 131.000 pasajeros se movilizaron por la Central de Transporte durante Semana Santa.

La Central de Transporte entregó un balance altamente positivo tras la operación especial desarrollada durante la temporada de Semana Santa 2025. Entre el viernes 11 y el sábado 20 de abril, se movilizaron por la terminal más de 131.000 personas, consolidando a esta Central como uno de los principales ejes de movilidad del centro del Valle del Cauca.

Lee la noticia completa: ⬇️⬇️⬇️
",,0,"04/26/2025 10:06",N/A,https://www.facebook.com/AlcaldiaDeTulua/posts/pfbid02KY1VKKVq9x4YYKKr4tX5royUXhSWRgDq7AEcFfb6bhzHsUWRLsmTFG7UCWTJehYkl,0,0,Enlaces,,,,,Total,1770,1220,50,43,0,7,12,,4,8,,,,,
1124392699728061,100064720237286,"Alcaldía de Tuluá","#Gobierno | Migrantes venezolanos residentes en Tuluá fueron regularizados.

Funcionarios de Migración Colombia por su parte, indicaron que la jornada también se centró en la regularización de los niños a partir de los siete años, a fin de que puedan acceder a los beneficios básicos como educación, salud y los servicios del SISBÉN. 

Lee la noticia completa: ⬇️⬇️⬇️
",,0,"04/26/2025 10:04",N/A,https://www.facebook.com/AlcaldiaDeTulua/posts/pfbid02Yx2ER8EGrwdjgucCsgcoiiVJ7wmtV8L9QeniDfKvr2tq3CFuobHuFC1qDT4mjtdZl,0,0,Enlaces,,,,,Total,2830,1998,43,37,1,5,124,,95,29,,,,,
1124370249730306,100064720237286,"Alcaldía de Tuluá","¡YA INICIÓ EL CARNAVAL DEL JUEGO! 🎉🎈

Hoy el Parque de la Guadua se llena de sonrisas, diversión y muchísimos juegos para todos los niños y niñas 👧🧒
¡La entrada es GRATIS! Ven y disfruta hasta las 5:00 p.m. ⏰

Hay sorpresas, alegría y mucha diversión esperándote… ¡No te lo pierdas! ✨#ParaSerFelices

#CarnavalDelJuego2025 #NiñezFeliz #ParaSerFelices 🎠🎊",,0,"04/26/2025 09:28",N/A,https://www.facebook.com/AlcaldiaDeTulua/posts/pfbid02L58hyqxVu9XukVghKczwJCZqDDcfhxhqRJx6eqaG7APSUY5oaikVLn8MJANpmNhXl,0,0,Fotos,,,,,Total,5059,3028,88,68,0,20,515,393,122,,,,,,
1123813846452613,100064720237286,"Alcaldía de Tuluá","ASÍ VIVIMOS NUESTRA RENDICIÓN DE CUENTAS 2024 ✨

Un espacio para contarle a los tulueños todo lo que hemos logrado juntos durante el año 2024.🙌
Seguimos trabajando con el corazón por una Tuluá #ParaSerFelices💙💪🏼","ASÍ VIVIMOS NUESTRA RENDICIÓN DE CUENTAS 2024 ✨

Un espacio para contarle a los tulueños todo lo que hemos logrado juntos durante el año 2024.🙌
Seguimos trabajando con el corazón por una Tuluá #ParaSerFelices💙💪🏼",34,"04/25/2025 17:02",N/A,https://www.facebook.com/reel/689083096907755/,1,0,Reels,,,,,Total,1141,896,53,40,8,5,16,,16,,5808.677,5.495,0,0,
1123756293125035,100064720237286,"Alcaldía de Tuluá","✨💙 Un año de retos, un año de logros... y un gran equipo detrás de cada paso.","✨💙 Un año de retos, un año de logros... y un gran equipo detrás de cada paso.

Gracias al compromiso incansable de un equipo humano que trabaja con el corazón, hoy entregamos una jornada de transparencia, resultados y amor por nuestro municipio. 🏙️💪🏼🫱🏼‍🫲🏽📈

¡Gracias Tuluá por creer, por acompañarnos y por permitirnos servirte! #ParaSerFelices 🙏🏻💙",44,"04/25/2025 15:11",uploaded,https://www.facebook.com/AlcaldiaDeTulua/videos/1039975778048528/,0,0,Videos,,,,,Total,3735,3131,234,181,22,31,122,,122,,24927.12,7.297,0,0,0
1123553763145288,100064720237286,"Alcaldía de Tuluá","¡Rendición de Cuentas 2024! 📈📊✅

Una jornada de transparencia, logros y compromiso con Tuluá.
El ingeniero Gustavo Adolfo Vélez Román (@gustavovelezr) comparte con la ciudadanía los avances de su gestión al frente de la Alcaldía Municipal en la vigencia 2024.

#ParaSerFelices 💙✌🏽",,0,"04/25/2025 08:44",N/A,https://www.facebook.com/AlcaldiaDeTulua/posts/pfbid0VZt6NMdCwbbUELwqY5i4czRr9bcmQzuS1zeBYhdWTFxcRWZQeH9LeVJGVvMBVJs1l,0,0,Fotos,,,,,Total,12708,6734,389,311,33,45,1111,645,465,1,,,,,
1122980416535956,100064720237286,"Alcaldía de Tuluá","¡Invitación Especial al Día del Niño!👾🛝🎯Prepárate para un día lleno de juegos, risas y sorpresas en el Parque de la Guadua en Tuluá.🗓️ Este sábado 26 de abril, desde las 10:00 a.m. hasta las 5:00 p.m., ven con tu familia y celebra con nosotros.¡Habrá actividades, regalos, diversión y mucha alegría para los más pequeños! ⚽️👦¡Te esperamos con los brazos abiertos! 🤗 #ParaSerFelices","¡Invitación Especial al Día del Niño!👾🛝🎯Prepárate para un día lleno de juegos, risas y sorpresas en el Parque de la Guadua en Tuluá.🗓️ Este sábado 26 de abril, desde las 10:00 a.m. hasta las 5:00 p.m., ven con tu familia y celebra con nosotros.¡Habrá actividades, regalos, diversión y mucha alegría para los más pequeños! ⚽️👦¡Te esperamos con los brazos abiertos! 🤗 #ParaSerFelices",47,"04/24/2025 16:10",N/A,https://www.facebook.com/reel/1361104951698929/,0,0,Reels,,,,,Total,4255,3279,156,114,6,36,120,,120,,33017.039,8.442,0,0,
1122748156559182,100064720237286,"Alcaldía de Tuluá","🎉 ¡Prepárate para un día inolvidable! 🪅

Estas son las recomendaciones que debes tener en cuenta para disfrutar al máximo este sábado, 26 de abril, en el #CarnavaldelJuego 🎭✨ 
👉 Desliza y descubre todo lo que necesitas para vivir un día lleno de magia, alegría y diversión en el 📍 Parque de la Guadua. 🌈🎈

¡Porque estaremos listos #ParaSerFelices! 💃🕺💫",,0,"04/24/2025 08:52",N/A,https://www.facebook.com/AlcaldiaDeTulua/posts/pfbid0m9V9hEJUGkn1ThHLZur2x42hMC5H5dRWFrGXXaRZecdyKjZ9GcSyBeaufue3GDTcl,0,0,Fotos,,,,,Total,3317,2115,64,43,0,21,102,80,22,,,,,,
1122164819950849,100064720237286,"Alcaldía de Tuluá","¡La niñez se celebra jugando! 🎈👧🧒

Este 26 de abril vive el Carnaval del Juego 2025 en el Parque de la Guadua 🎊
Diversión, juegos y muchas sonrisas te esperan desde las 10:00 a.m. 🕙
¡No faltes! #ParaSerFelices 

#CarnavalDelJuego2025 #NiñezFeliz 🎠🎊💪🏼",,0,"04/23/2025 16:19",N/A,https://www.facebook.com/AlcaldiaDeTulua/posts/pfbid02hH4LZXRT3GALeX9Eqhb4bhvXQcfP7586t2Jph8gfRQzKBGcYTiiB9D6bK2BkksAYl,0,0,Fotos,,,,,Total,6844,4434,106,74,0,32,267,200,67,,,,,,
1121981489969182,100064720237286,"Alcaldía de Tuluá","#Educación | Alcaldía realiza primer simulacro de Pruebas Saber 11 en Instituciones Educativas.

Durante la jornada, el secretario realizó un recorrido por varias sedes educativas, donde pudo dialogar con estudiantes, docentes, directivos y padres de familia, escuchando sus necesidades y reafirmando el compromiso de la Administración Municipal con la formación integral de los jóvenes tulueños.

Lee la noticia completa: ⬇⬇⬇
",,0,"04/23/2025 10:37",N/A,https://www.facebook.com/AlcaldiaDeTulua/posts/pfbid02FhDixeCVSayaDzp9y9vWPVehvDo9aHLTro2wM2GkzdRUVdjGVCv4YfyVoBxb97bVl,0,0,Enlaces,,,,,Total,4154,2594,68,54,2,12,29,,4,25,,,,,
1121969696637028,100064720237286,"Alcaldía de Tuluá","¿Sabes qué es una Rendición de Cuentas? 🤔
¿Sabías que tú puedes participar y hacer parte del control ciudadano?
🔍
Este viernes no te pierdas nuestro Informe de Gestión 2024
Ingresa a nuestro portal web y podrás: 
📊 Ver el informe
✍️ Inscribir tus propuestas

📲 Conéctate este 25 de abril a las 9:00 a.m. por Facebook Live 🔴🔵
¡La participación ciudadana también es #ParaSerFelices! ✅💙","¿Sabes qué es una Rendición de Cuentas? 🤔
¿Sabías que tú puedes participar y hacer parte del control ciudadano?
🔍
Este viernes no te pierdas nuestro Informe de Gestión 2024
Ingresa a nuestro portal web y podrás: 
📊 Ver el informe
✍️ Inscribir tus propuestas

📲 Conéctate este 25 de abril a las 9:00 a.m. por Facebook Live 🔴🔵
¡La participación ciudadana también es #ParaSerFelices! ✅💙",53,"04/23/2025 10:22",N/A,https://www.facebook.com/reel/1013481370874202/,1,0,Reels,,,,,Total,1582,838,56,43,0,13,5,,5,,7067.715,4.73,0,0,
1121836489983682,100064720237286,"Alcaldía de Tuluá","📚✨ ¡Nos preparamos para las Pruebas Saber 11! 🚀

Con la Secretaría de Educación hicimos un recorrido por nuestras instituciones educativas 🏫, donde realizamos el primer simulacro de las Pruebas Saber 11 📝. 💪 Estamos comprometidos con mejorar la calidad educativa y preparar a nuestros estudiantes para que alcancen los mejores puntajes 🎓🏆 🇨🇴🎯 Educación #ParaSerFelices ✌🏼💙","📚✨ ¡Nos preparamos para las Pruebas Saber 11! 🚀

Con la Secretaría de Educación hicimos un recorrido por nuestras instituciones educativas 🏫, donde realizamos el primer simulacro de las Pruebas Saber 11 📝. 💪 Estamos comprometidos con mejorar la calidad educativa y preparar a nuestros estudiantes para que alcancen los mejores puntajes 🎓🏆 🇨🇴🎯 Educación #ParaSerFelices ✌🏼💙",52,"04/23/2025 06:46",uploaded,https://www.facebook.com/reel/1686056388668575/,1,0,Reels,,,,,Total,6284,2332,555,371,14,170,104,,104,,47585.845,8.304,0,0,
1121356133365051,100064720237286,"Alcaldía de Tuluá","¡Seguimos con la Inspección y verificación en Tuluá! 🕵️‍♂️🏘️
🏘️ En esta ocasión, con la Secretaría de Gobierno y nuestros Gestores de Convivencia, estamos realizando inspecciones a establecimientos residenciales para garantizar que cumplan con toda la 📄 documentación y la 📚 reglamentación vigente.

✅ ¡Trabajamos por un municipio ordenado y en regla! 📍Recuerda: las leyes son para todos. 💪⚖️","¡Seguimos con la Inspección y verificación en Tuluá! 🕵️‍♂️🏘️
🏘️ En esta ocasión, con la Secretaría de Gobierno y nuestros Gestores de Convivencia, estamos realizando inspecciones a establecimientos residenciales para garantizar que cumplan con toda la 📄 documentación y la 📚 reglamentación vigente.

✅ ¡Trabajamos por un municipio ordenado y en regla! 📍Recuerda: las leyes son para todos. 💪⚖️",26,"04/22/2025 16:46",uploaded,https://www.facebook.com/reel/1654739788491366/,1,0,Reels,,,,,Total,3057,1925,86,60,9,17,100,,100,,25850.239,9.606,0,0,
1121239473376717,100064720237286,"Alcaldía de Tuluá","🚨 ¡Atención, tulueños! 🚨 Conoce cómo están usando redes sociales para engañar con la modalidad de “falso servicio” 😱

👀 Infórmate y comparte esta publicación. Podrías evitar que alguien más caiga. 📞 Denuncia ahora al 165 – GAULA Policía Nacional",,0,"04/22/2025 12:39",N/A,https://www.facebook.com/AlcaldiaDeTulua/posts/pfbid026HeV2XrAtHJCwb2u1qS7Xdn67dEHjywFudGwNh15cK5dvxVraawEcn77jUCJ6BEl,0,0,Fotos,,,,,Total,2143,1464,42,27,1,14,20,14,6,,,,,,
1121236336710364,100064720237286,"Alcaldía de Tuluá","Invitación Especial 🔵✅ Te invitamos a que te conectes a nuestra Rendición Pública de Cuentas año 2024.

¡No te lo pierdas!💪🏼 ESTE VIERNES, 25 de abril de 2025. ✅💪🏼 Desde las 9:00 a. m. a través de nuestro Facebook Live. 🔴 #ParaSerFelices",,0,"04/22/2025 12:33",N/A,https://www.facebook.com/AlcaldiaDeTulua/posts/pfbid02RbfZwuk8WCTxUYz9tuvkCRP6QotR536ZGURaN6fhrs1YxAEvTZDifu5xttzC24Kwl,0,0,Fotos,,,,,Total,14288,7746,552,315,18,219,190,72,118,,,,,,
1121155013385163,100064720237286,"Alcaldía de Tuluá","🚨 ¡Atención emprendedores!
Si te inscribiste al Fondo Valle INN y recibiste un correo, ¡esto es para ti!

📩 Has sido invitado a una asesoría exclusiva para tu formalización empresarial.
✅ ¡Prográmate y no faltes! Conoce toda la información aquí 👇🏽
#FondoValleINN #EmprendeTuluá #Formalízate",,0,"04/22/2025 10:13",N/A,https://www.facebook.com/AlcaldiaDeTulua/posts/pfbid0iuCU1SuLizuasRGiYdyDHYBLDE7FqYU2yjA1TEkFKoX1UcRozDcVeCWnpZZP6A8ul,0,0,Fotos,,,,,Total,2322,1537,35,23,2,10,69,52,17,,,,,,
1121149700052361,100064720237286,"Alcaldía de Tuluá","#Seguridad | Capturado integrante del Adán Izquierdo en Tuluá.

La aprehensión se llevó a cabo en la zona rural del corregimiento de Aguaclara, gracias a un trabajo coordinado de varios meses de seguimiento por parte del grupo especializado contra el terrorismo de la Seccional de Investigación Criminal (SIJIN), con apoyo del Grupo de Operaciones Especiales (GOES) y el Nuevo Modelo del Servicio de Policía.

Lee la noticia completa: ⬇⬇⬇
",,0,"04/22/2025 10:04",N/A,https://www.facebook.com/AlcaldiaDeTulua/posts/pfbid0mHZt2E9nyEMAJkbwK3T1beBbn6b6MDi5NUz8jAJRzACKHDcZAsUQ91sCVJzi3Gy7l,0,0,Enlaces,,,,,Total,4787,3072,76,63,1,12,408,,29,379,,,,,
1121148850052446,100064720237286,"Alcaldía de Tuluá","#BienestarSocial | Secretaría de Bienestar Social y SENA certifican a 85 cuidadores en nivel avanzado.

La Administración del alcalde Gustavo Vélez, promueve estos espacios como parte de una ciudad más incluyente, humana y agradecida, que reconoce la vocación de servicio y el valor de quienes cuidan y transforman vidas desde el afecto y la responsabilidad.

Lee la noticia completa: ⬇⬇⬇
",,0,"04/22/2025 10:03",N/A,https://www.facebook.com/AlcaldiaDeTulua/posts/pfbid0aovU6aomXJvaLhtnmhRcy7W3wSnG6rL3Zi2uyr2rYPNvTgHhk25bGR1viQd1Hkvtl,0,0,Enlaces,,,,,Total,1305,914,34,25,0,9,10,,1,9,,,,,
1121057130061618,100064720237286,"Alcaldía de Tuluá","Alcaldía de Tuluá actualizó su estado.",,0,"04/22/2025 07:34",N/A,https://www.facebook.com/AlcaldiaDeTulua/posts/pfbid0GS9AjyzHQNSgGK4ir28yHZGsZ8GyaLtkvquLvtLMb9dFsHrS1vy37hL6mvmDPewxl,0,0,Texto,,,,,Total,6,630,21,15,0,6,8,,8,,,,,,
1121036960063635,100064720237286,"Alcaldía de Tuluá","85 cuidadores certificados para transformar vidas 🎓💙

Gracias a un proceso liderado por la Secretaría de Bienestar Social en articulación con el SENA, 85 personas que han dedicado su vida al cuidado de adultos mayores y personas con discapacidad, hoy reciben su certificación en nivel avanzado. 👩‍⚕️👨‍⚕️

Con esto, seguimos construyendo una Tuluá más amable e incluyente, donde el trabajo y la vocación de servicio son reconocidos y valorados. 💙 #ParaSerFelices",,0,"04/22/2025 07:02",N/A,https://www.facebook.com/AlcaldiaDeTulua/posts/pfbid034QHaFFnzR7Dcp7TV4B8oM7TfEjjJSj8nTisujmotgXeuTvkFpHgmwALjWznxwuXWl,0,0,Fotos,,,,,Total,13456,7524,211,168,12,31,1438,1077,361,,,,,,
1120905893410075,100064720237286,"Alcaldía de Tuluá","#Memoria | Tuluá honró la memoria de líderes asesinados en 2024.

Durante el acto, miembros del Concejo Municipal también hicieron presencia para recordar el legado de sus compañeros, reconociendo su compromiso con una Tuluá más justa, inclusiva y en paz.

Lee la noticia completa:⬇️⬇️⬇️
",,0,"04/22/2025 03:20",N/A,https://www.facebook.com/AlcaldiaDeTulua/posts/pfbid02vsLVeP6i1VauNCncMdEhBHcy7xBmNUtFy9z4RMrBsvtsQmbSo34QZeSxLnQ9WVMMl,0,0,Enlaces,,,,,Total,1223,858,42,36,0,6,4,,2,2,,,,,
1120904603410204,100064720237286,"Alcaldía de Tuluá","#Educación | Secretaría de Educación inicia convocatoria para veedurías ciudadanas del PAE.

El llamado busca garantizar que los recursos destinados a la alimentación escolar se manejen con transparencia, calidad y eficiencia, permitiendo que los niños, niñas y adolescentes del municipio reciban una atención adecuada durante su jornada escolar. 

Lee la noticia completa:⬇️⬇️⬇️
",,0,"04/22/2025 03:18",N/A,https://www.facebook.com/AlcaldiaDeTulua/posts/pfbid0utsnCpoPUZcJs7bFQkTsYLBLiEzhya3MgKiHsVsALarexWfrTWyZLX4d7rjaSSU5l,0,0,Enlaces,,,,,Total,1902,1337,58,43,0,15,28,,9,19,,,,,
1120903443410320,100064720237286,"Alcaldía de Tuluá","#Cultura| Tuluá vivió el IX Festival de Danza Folclórica Religiosa.

Más que una muestra artística, el festival se consolidó como un espacio de encuentro intercultural que fortalece el tejido social y reafirma el compromiso de Tuluá con la promoción del patrimonio inmaterial y la construcción de paz a través del arte.

",,0,"04/22/2025 03:15",N/A,https://www.facebook.com/AlcaldiaDeTulua/posts/pfbid0epsHcsf3jZjF5Xn93XserhuTSURF8rDohir6NGfzktB8GFkR2QZTfLfAZeEbigncl,0,0,Enlaces,,,,,Total,929,651,34,28,0,6,7,,,7,,,,,
1120902523410412,100064720237286,"Alcaldía de Tuluá","#Seguridad | Alcalde lideró Consejo Extraordinario de Seguridad para atender situación en zona rural de Tuluá

Durante la reunión, el mandatario expresó su profunda preocupación por las afectaciones a la vida y seguridad de los habitantes de esta zona, e hizo un enfático llamado a la Fuerza Pública para intensificar las acciones tanto preventivas como operativas.

Lee la noticia completa:: ⬇️⬇️⬇️
",,0,"04/22/2025 03:14",N/A,https://www.facebook.com/AlcaldiaDeTulua/posts/pfbid02cuULFhHfXQosi4SgHA9SnGk8ufbfrkw4FiWSEVeysVyaxLZ2fy3LwzKJtxE8SWfxl,0,0,Enlaces,,,,,Total,6014,4017,141,105,14,22,212,,129,83,,,,,
1120388506795147,100064720237286,"Alcaldía de Tuluá","🕊️ Unidos por la memoria y la dignidad de los que ya no están

Hoy con todo el Gabinete Municipal y Concejo Municipal Tuluá, acompañamos la conmemoración del primer año de fallecimiento de Carlos Arturo Londoño, Clarivet Ocampo y Eliecid Ávila Ávila. 

🌹Un acto impulsado por sus familias, el municipio y la Fundación en Memoria a los 11 Diputados, para honrar su vida, su legado y reafirmar nuestro compromiso con la paz, la verdad y la democracia.",,0,"04/21/2025 10:03",N/A,https://www.facebook.com/AlcaldiaDeTulua/posts/pfbid0s8ZCFJrEdYLwH9zUHuMUEfUKtz2vFBNX9H9y1XyMwbb4WDK9Jtb1Qx1eT7j9MmEal,0,0,Fotos,,,,,Total,3258,1972,52,42,0,10,218,147,71,,,,,,
1120306183470046,100064720237286,"Alcaldía de Tuluá","Alcaldía de Tuluá actualizó su estado.",,0,"04/21/2025 07:49",N/A,https://www.facebook.com/AlcaldiaDeTulua/posts/pfbid0389HbsxTB67tzmSZ8TEkfBT18TPETcKfzTJHwSown43L4zEH4jb73J1c5qLHhaya2l,0,0,Texto,,,,,Total,4,918,30,21,0,9,43,,43,,,,,,
1116487783851886,100064720237286,"Alcaldía de Tuluá","#Movilidad | Continúa socialización vial en carrera 30.

Desde puntos estratégicos como la intersección de la carrera 30 con la carrera 25 y la carrera 29A, los equipos del Departamento Administrativo de Movilidad y Seguridad Vial y la Secretaría de Hábitat e Infraestructura continúan adelantando jornadas informativas, entregando volantes y dialogando con la comunidad.

Lee la noticia completa: ⬇⬇⬇
",,0,"04/16/2025 13:48",N/A,https://www.facebook.com/AlcaldiaDeTulua/posts/pfbid02aReEY1wahcnbWLm1mmCHZbS6royAo4AUowiyiTnwFmeggnNoq4PnbvstCEe3Andol,0,0,Enlaces,,,,,Total,4009,2418,57,41,4,12,126,,33,93,,,,,
1116468097187188,100064720237286,"Alcaldía de Tuluá","🎉 ¡Conoce el Consejo Municipal de Juventudes! 🗣️💚

Si tienes entre 14 y 28 años, esta info es para ti 👀👇
El CMJ es un espacio de participación ciudadana donde los jóvenes pueden alzar la voz, proponer ideas 💡 y trabajar por el futuro de Tuluá 🙌🏼. Muy  pronto te contaremos más ✅","🎉 ¡Conoce el Consejo Municipal de Juventudes! 🗣️💚

Si tienes entre 14 y 28 años, esta info es para ti 👀👇
El CMJ es un espacio de participación ciudadana donde los jóvenes pueden alzar la voz, proponer ideas 💡 y trabajar por el futuro de Tuluá 🙌🏼. Muy  pronto te contaremos más ✅",30,"04/16/2025 13:04",N/A,https://www.facebook.com/reel/598900503191832/,1,0,Reels,,,,,Total,2164,1394,54,39,3,12,25,,25,,10238.712,5.218,0,0,
1116456020521729,100064720237286,"Alcaldía de Tuluá","#Salud | Certificados de discapacidad para más de 70 personas en Tuluá.

Estas jornadas continuarán los días 24 y 30 de abril, así como durante el mes de mayo, permitiendo que más tulueños puedan acceder a su certificado. Los interesados deben acercarse a la Secretaría de Salud, donde se les brindará orientación y el formato correspondiente para ser diligenciado por su médico tratante. Posteriormente, al entregar la documentación completa, serán contactados para agendar la cita de certificación.

Lee la noticia completa: ⬇⬇⬇
",,0,"04/16/2025 12:39",N/A,https://www.facebook.com/AlcaldiaDeTulua/posts/pfbid0bdyWXktc16XKsEytnEAS88ok7NRu4FePid9LmsuZL96j8baMcrUzaeh6fKgHkqUQl,0,0,Enlaces,,,,,Total,2144,1374,39,25,4,10,35,,14,21,,,,,
1116455523855112,100064720237286,"Alcaldía de Tuluá","#Salud | Secretaría de Salud supervisa nuevo punto de dispensación de medicamentos en Tuluá.

Durante la jornada, se verificaron aspectos clave del proceso de dispensación, como la metodología de entrega, fechas de vencimiento, condiciones de almacenamiento, estado de los empaques y el adecuado manejo de los medicamentos por parte del personal. Esta labor busca brindar tranquilidad a los usuarios y garantizar la calidad y seguridad en la prestación del servicio farmacéutico.

Lee la noticia completa: ⬇⬇⬇
",,0,"04/16/2025 12:38",N/A,https://www.facebook.com/AlcaldiaDeTulua/posts/pfbid02BVgWjvnB1taubRyDRBFAfshiE8cCW3L47zMwMS5d9UUvcXiJDTttxANbNT6Rj2DWl,0,0,Enlaces,,,,,Total,3304,2181,64,45,8,11,100,,53,47,,,,,
1116332267200771,100064720237286,"Alcaldía de Tuluá","¡Agéndate esta Semana Santa!

Tuluá te espera con una programación especial para vivir la Semana Mayor en paz ✨, reflexión 🙏 y tradición ⛪

Descubre aquí todo lo que nuestras iglesias tienen preparado 📅🕊️

¡Ven a Tuluá y vive una experiencia única! #ParaSerFelices 💙",,0,"04/16/2025 09:00",N/A,https://www.facebook.com/AlcaldiaDeTulua/posts/pfbid0nLqMmvZMnR45n3bR2j5d93VXVRSZ3dscpq72ua5tR6a6yMGme54Pk6fpu8j8BwYHl,0,0,Fotos,,,,,Total,5429,3397,77,56,0,21,354,268,86,,,,,,
1115779280589403,100064720237286,"Alcaldía de Tuluá","🚧¡Seguimos socializando en la carrera 30!➡️

Estamos hablando con los tulueños sobre el cambio de sentido vial en la carrera 30 y el nuevo intercambiador. ↩️
¡Recuerda que este sector ya tiene una nueva dirección! 🚗
Asi mejoramos la movilidad en nuestro municipio #ParaSerFelices. ✅💪🏼💨","🚧¡Seguimos socializando en la carrera 30!➡️

Estamos hablando con los tulueños sobre el cambio de sentido vial en la carrera 30 y el nuevo intercambiador. ↩️
¡Recuerda que este sector ya tiene una nueva dirección! 🚗
Asi mejoramos la movilidad en nuestro municipio #ParaSerFelices. ✅💪🏼💨",48,"04/15/2025 17:10",uploaded,https://www.facebook.com/reel/1172650154589944/,1,0,Reels,,,,,Total,12458,5785,436,305,35,96,297,,297,,141721.041,12.658,0,0,
1115665133934151,100064720237286,"Alcaldía de Tuluá","🎨💪 ¡Estamos renovando el  Doce de Octubre!

La casa del deporte tulueño se está transformando 🏟️✨ con la recuperación de la grama, las graderías y muy pronto la pista atlética 🏃‍♀️🏃, este escenario vuelve a ser ese lugar lleno de pasión, comunidad y movimiento 💙💪🏼

Aquí entrenan nuestros niños, jóvenes y deportistas. ¡Y ahora lo podrán hacer en un estadio más bonito, más seguro y más activo! 🏆 #ParaSerFelices ✌🏼","🎨💪 ¡Estamos renovando el  Doce de Octubre!

La casa del deporte tulueño se está transformando 🏟️✨ con la recuperación de la grama, las graderías y muy pronto la pista atlética 🏃‍♀️🏃, este escenario vuelve a ser ese lugar lleno de pasión, comunidad y movimiento 💙💪🏼

Aquí entrenan nuestros niños, jóvenes y deportistas. ¡Y ahora lo podrán hacer en un estadio más bonito, más seguro y más activo! 🏆 #ParaSerFelices ✌🏼",44,"04/15/2025 13:08",uploaded,https://www.facebook.com/reel/455741050918659/,1,0,Reels,,,,,Total,10644,6024,614,433,34,147,284,,284,,96515.533,10.148,0,0,
1115540220613309,100064720237286,"Alcaldía de Tuluá","#Salud | Alcaldía acompaña apertura del dispensario de la Nueva EPS.

Conscientes de la importancia de este servicio para los usuarios del sistema de salud y con el objetivo de prevenir cualquier traumatismo o inconveniente durante la jornada, se desplegó un equipo de Gestores de Convivencia y Agentes de Tránsito, quienes han brindado acompañamiento permanente desde tempranas horas de la madrugada hasta la noche.

Lee la noticia completa: ⬇⬇⬇
",,0,"04/15/2025 09:31",N/A,https://www.facebook.com/AlcaldiaDeTulua/posts/pfbid0ZWTYaYHW21vEhcrYRiZbE1c1GffuKKUksG8tPLhFuXGpJRbCFkmtMJti1LPUacecl,0,0,Enlaces,,,,,Total,3622,2447,53,31,8,14,87,,77,10,,,,,
1115538303946834,100064720237286,"Alcaldía de Tuluá","#Deportes | Avanzamos en recuperación del Estadio Doce de Octubre.

Los trabajos incluyen labores de pintura, mantenimiento general y mejoramiento de la infraestructura, que se suman a la recuperación de la grama iniciada desde el año pasado. Según Francisco Girón Ocampo, director del IMDER, estas acciones buscan que tanto la comunidad deportiva como la ciudadanía en general se reencuentren con este espacio que por años fue símbolo de alegría y pasión por el fútbol.

Lee la noticia completa: ⬇⬇⬇
",,0,"04/15/2025 09:28",N/A,https://www.facebook.com/AlcaldiaDeTulua/posts/pfbid0TmawnorSM8xvaeVq2anruEM6DYkNwvhWRMPWySHMb6a641wHC4VwBiNQLd9AFVrMl,0,0,Enlaces,,,,,Total,10081,6575,300,226,43,31,364,,304,60,,,,,
1115447353955929,100064720237286,"Alcaldía de Tuluá","🚦 ¿Ya conoces cómo funciona el nuevo intercambiador? 👀

🚗 Con el nuevo intercambiador, debes conocer el nuevo sentido vial: Si vienes en sentido norte-sur hacia el centro, ahora debes tomar la Carrera 29A hasta la Calle 25, donde podrás acceder al intercambiador o girar a la derecha.
📍La Carrera 30 cambia y ahora será en un solo sentido: sur-norte. 👷‍♂️ Ya iniciamos la demarcación vial y estamos socializando con la comunidad junto al equipo de Movilidad y nuestros agentes de tránsito.

⚠️ ¡Maneja con precaución y respeta la señalización!✅","🚦 ¿Ya conoces cómo funciona el nuevo intercambiador? 👀

🚗 Con el nuevo intercambiador, debes conocer el nuevo sentido vial: Si vienes en sentido norte-sur hacia el centro, ahora debes tomar la Carrera 29A hasta la Calle 25, donde podrás acceder al intercambiador o girar a la derecha.
📍La Carrera 30 cambia y ahora será en un solo sentido: sur-norte. 👷‍♂️ Ya iniciamos la demarcación vial y estamos socializando con la comunidad junto al equipo de Movilidad y nuestros agentes de tránsito.

⚠️ ¡Maneja con precaución y respeta la señalización!✅",41,"04/15/2025 07:10",mixed,https://www.facebook.com/reel/1222716282819595/,1,0,Reels,,,,,Total,19677,15453,401,252,54,95,910,,910,,221192.022,12.802,0,0,
1115444840622847,100064720237286,"Alcaldía de Tuluá","#Seguridad | Cifras de criminalidad en Tuluá van a la baja.

Estas cifras alentadoras son el resultado de las estrategias implementadas por la Administración Municipal que lidera el ingeniero Gustavo Adolfo Vélez Román , a través de la Secretaría de Gobierno, Convivencia y Seguridad, en articulación con las autoridades locales y el acompañamiento de las comunidades.

Lee la noticia completa: ⬇⬇⬇
",,0,"04/15/2025 07:06",N/A,https://www.facebook.com/AlcaldiaDeTulua/posts/pfbid02tpQZmgC91qyUnSq8BeLctSWoycC29HHFZN5o3p4DqVW1jnrKRDNyWVruPXQrWpS4l,0,0,Enlaces,,,,,Total,2724,1777,80,54,13,13,84,,68,16,,,,,
1115444117289586,100064720237286,"Alcaldía de Tuluá","#Movilidad | Inició demarcación y socialización del cambio de sentido vial en Carrera 30.

Desde ya, se cuenta con la presencia de agentes de tránsito en la zona, quienes están orientando a conductores y peatones sobre la nueva dinámica vial. Esta intervención forma parte de una estrategia integral para descongestionar este importante corredor y avanzar hacia una movilidad más eficiente y segura para todos los tulueños.

Lee la noticia completa: ⬇⬇⬇
",,0,"04/15/2025 07:05",N/A,https://www.facebook.com/AlcaldiaDeTulua/posts/pfbid0XVvy8HyySvk5wgMb8ppnahE1uMeyXBo1dNkGrrmosnDaKswvX3CXgQVamyL721h2l,0,0,Enlaces,,,,,Total,1119,759,27,19,0,8,9,,3,6,,,,,
1115441473956517,100064720237286,"Alcaldía de Tuluá","#SemanaSanta |  Secretaría de Gobierno acompañó actos religiosos durante el Domingo de Ramos en Semana Santa.

El acompañamiento institucional permitió que las procesiones se desarrollaran sin contratiempos, garantizando el derecho al libre ejercicio del culto y contribuyendo a la tranquilidad de los feligreses. Gracias a esta articulación, la jornada transcurrió de manera satisfactoria y sin novedades.

Lee la noticia completa: 
",,0,"04/15/2025 07:01",N/A,https://www.facebook.com/AlcaldiaDeTulua/posts/pfbid0pugrYAGB9j9PGZxfSi5EqfZsW1yhLub5pyXnuVoM1kJgbt9ikryjLpGM7w4jLPJtl,0,0,Enlaces,,,,,Total,1403,1010,35,27,0,8,5,,2,3,,,,,
1114939567340041,100064720237286,"Alcaldía de Tuluá","💙 ¡Más de 70 tulueños ya tienen su certificación de discapacidad!

Brindamos atención a los tulueños que actualizaron sus datos y pudieron recibir su certificación de discapacidad, un documento fundamental para acceder a beneficios y programas del Estado.✅💪🏼
Seguimos trabajando con compromiso por una Tuluá más accesible e incluyente. #ParaSerFelices","💙 ¡Más de 70 tulueños ya tienen su certificación de discapacidad!

Brindamos atención a los tulueños que actualizaron sus datos y pudieron recibir su certificación de discapacidad, un documento fundamental para acceder a beneficios y programas del Estado.✅💪🏼
Seguimos trabajando con compromiso por una Tuluá más accesible e incluyente. #ParaSerFelices",60,"04/14/2025 16:01",uploaded,https://www.facebook.com/reel/3677168759241130/,1,0,Reels,,,,,Total,1228,920,52,39,1,12,19,,19,,7534.742,6.467,0,0,
1114724077361590,100064720237286,"Alcaldía de Tuluá","🎒⚽ ¡El deporte también llega a la zona rural!

Entregamos implementos deportivos para los niños y niñas de los corregimientos La Iberia y Bocas de Tuluá, gracias a una alianza con la Fundación Colomboamericana VivaHope 🤝✨🥹🏃‍♀️🏃‍♂️ Esto es lo que nos mueve: llevar oportunidades reales a cada rincón de Tuluá, especialmente a nuestra zona rural 🌿 Seguimos entregando felicidad, salud y oportunidades para acompañarlos en su crecimiento #ParaSerFelices 🙌","🎒⚽ ¡El deporte también llega a la zona rural!

Entregamos implementos deportivos para los niños y niñas de los corregimientos La Iberia y Bocas de Tuluá, gracias a una alianza con la Fundación Colomboamericana VivaHope 🤝✨🥹🏃‍♀️🏃‍♂️ Esto es lo que nos mueve: llevar oportunidades reales a cada rincón de Tuluá, especialmente a nuestra zona rural 🌿 Seguimos entregando felicidad, salud y oportunidades para acompañarlos en su crecimiento #ParaSerFelices 🙌",74,"04/14/2025 09:08",uploaded,https://www.facebook.com/reel/664787329603986/,1,0,Reels,,,,,Total,3895,2784,258,165,21,72,97,,97,,29367.972,8.026,0,0,
1113948594105805,100064720237286,"Alcaldía de Tuluá","🎙️ ElPodcastdeVélez | Episodio 12. Tuluá construyendo futuro. 

En este episodio No. 12 de #ElPodcastdeVélez, el alcalde Gustavo Vélez habla sobre las obras que se esperan realizar en los próximos meses para los tulueños y cómo éstas convertirán a Tuluá en una ciudad visionaria y de futuro. Una ciudad #ParaSerFelices","🎙️ ElPodcastdeVélez | Episodio 12. Tuluá construyendo futuro. 

En este episodio No. 12 de #ElPodcastdeVélez, el alcalde Gustavo Vélez habla sobre las obras que se esperan realizar en los próximos meses para los tulueños y cómo éstas convertirán a Tuluá en una ciudad visionaria y de futuro. Una ciudad #ParaSerFelices",1291,"04/13/2025 10:45",N/A,https://www.facebook.com/AlcaldiaDeTulua/videos/1334615961117875/,1,0,Videos,,,,,Total,3522,2723,277,149,94,34,230,,230,,125779.802,41.171,0,0,0
1113844494116215,100064720237286,"Alcaldía de Tuluá","¡Inspección, vigilancia y control este fin de semana!🔍🥩🐟 

Con la Secretaría de Salud, junto a la Secretaría de Gobierno 🏛️ y la Policía Nacional 🚓, iniciamos  operativos en puntos de venta para verificar que los productos sean de calidad y no representen riesgos para la salud de los tulueños.

Porque en esta Semana Santa ✝️, cuidamos la salud #ParaSerFelices 💙","¡Inspección, vigilancia y control este fin de semana!🔍🥩🐟 

Con la Secretaría de Salud, junto a la Secretaría de Gobierno 🏛️ y la Policía Nacional 🚓, iniciamos  operativos en puntos de venta para verificar que los productos sean de calidad y no representen riesgos para la salud de los tulueños.

Porque en esta Semana Santa ✝️, cuidamos la salud #ParaSerFelices 💙",61,"04/13/2025 08:25",uploaded,https://www.facebook.com/reel/662638706716494/,1,0,Reels,,,,,Total,3495,1535,247,159,5,83,32,,32,,26941.826,8.216,0,0,
1113284167505581,100064720237286,"Alcaldía de Tuluá","#ResumenSemanal | Conoce aquí las noticias más destacadas de la semana ➡️➡️ 45 segundos #ParaSerFelices ✅✌🏽","#ResumenSemanal | Conoce aquí las noticias más destacadas de la semana ➡️➡️ 45 segundos #ParaSerFelices ✅✌🏽",71,"04/12/2025 16:03",uploaded,https://www.facebook.com/reel/684177317394569/,1,0,Reels,,,,,Total,3431,1376,185,142,12,31,36,,36,,27884.614,8.88,0,0,
1112411410926190,100064720237286,"Alcaldía de Tuluá","✅ ¡Ya empezamos con la certificación de discapacidad! ♿💙
Si estás esperando tu certificado… ¡este es el momento! Acércate a la Secretaría de Salud, actualiza tus datos y prepárate para ser parte del proceso de certificación 📋🗂️

Queremos contactarte, pero necesitamos tener tu información al día. ¡No lo dejes pasar! 💬🕒
 ¡Te esperamos! 🙌 #ParaSerFelices 💪🏼","✅ ¡Ya empezamos con la certificación de discapacidad! ♿💙
Si estás esperando tu certificado… ¡este es el momento! Acércate a la Secretaría de Salud, actualiza tus datos y prepárate para ser parte del proceso de certificación 📋🗂️

Queremos contactarte, pero necesitamos tener tu información al día. ¡No lo dejes pasar! 💬🕒
 ¡Te esperamos! 🙌 #ParaSerFelices 💪🏼",26,"04/11/2025 13:58",mixed,https://www.facebook.com/reel/691650629969284/,1,0,Reels,,,,,Total,3385,1558,416,242,6,168,39,,39,,16234.168,5.288,0,0,
1112245410942790,100064720237286,"Alcaldía de Tuluá","🐟✨ ¡Aprende a identificar pescado de calidad!

Durante esta Semana Santa, asegúrate de llevar a casa productos frescos y seguros 🛍️💙. Te enseñamos a identificar un buen pescado para que tú y tu familia disfruten con tranquilidad.🍽️🙏

Desde la Administración Municipal y la Secretaría de Salud 👨‍⚕️👩‍⚕️ preparamos una guía práctica para que compres con confianza y cuides tu salud.

📲 Desliza o haz clic para conocer todos los tips 👉",,0,"04/11/2025 09:05",N/A,https://www.facebook.com/AlcaldiaDeTulua/posts/pfbid0VSthsPKdXPjAhynFmGmYgU7rsdsEpBmpnFj8xTX1YDJdPec8dZcdmyghD4mkDLFCl,0,0,Fotos,,,,,Total,2320,1410,30,21,0,9,41,36,5,,,,,,
1111603681006963,100064720237286,"Alcaldía de Tuluá","🚧 ¡Ampliación y compactación de la vía Campoalegre! 🚜✨

En este sector avanzamos con trabajos de conformación de la vía, gracias a una articulación entre la comunidad, la empresa privada y la Alcaldía 🤝👷‍♀️.💡Nuestro objetivo es mejorar la movilidad y la calidad de vida de quienes viven y transitan por esta zona de Tuluá.

 ¡Seguimos construyendo una Tuluá con vías #ParaSerFelices💙✌🏼","🚧 ¡Ampliación y compactación de la vía Campoalegre! 🚜✨

En este sector avanzamos con trabajos de conformación de la vía, gracias a una articulación entre la comunidad, la empresa privada y la Alcaldía 🤝👷‍♀️.💡Nuestro objetivo es mejorar la movilidad y la calidad de vida de quienes viven y transitan por esta zona de Tuluá.

 ¡Seguimos construyendo una Tuluá con vías #ParaSerFelices💙✌🏼",38,"04/10/2025 15:06",uploaded,https://www.facebook.com/reel/701243819146503/,1,0,Reels,,,,,Total,5066,2823,217,128,64,25,166,,165,1,66065.463,16.2,0,0,
1111592614341403,100064720237286,"Alcaldía de Tuluá","#Salud | Tuluá refuerza vigilancia sanitaria en carne y pescado por Semana Santa.

Con el fin de proteger la salud de los tulueños durante la temporada de Semana Santa, la Administración Municipal, a través de las Secretarías de Salud y Gobierno , iniciará este viernes 14 de abril una serie de operativos de Inspección, Vigilancia y Control en establecimientos comerciales de pescado y productos cárnicos.

Lee la noticia completa:⬇⬇⬇
",,0,"04/10/2025 14:40",N/A,https://www.facebook.com/AlcaldiaDeTulua/posts/pfbid02RzvkV5W8FLNiUKhg33jBEPZQmhYjg71HwZtjXGjY2BeLvjgab2neunvGNErriA7ol,0,0,Enlaces,,,,,Total,1499,910,22,16,0,6,2,,,2,,,,,
1111436274357037,100064720237286,"Alcaldía de Tuluá","#Emtuluá | La Moralia avanza hacia un futuro con agua potable

Este proyecto es posible gracias al trabajo conjunto entre Empresas Municipales de Tuluá y la Administración Municipal, bajo el liderazgo del alcalde Gustavo Adolfo Vélez Román. La planta beneficiará a más de 684 personas, quienes pronto contarán con un servicio esencial: agua potable continua, segura y de calidad en sus hogares.

Lee la noticia completa: ⬇⬇⬇
",,0,"04/10/2025 09:50",N/A,https://www.facebook.com/AlcaldiaDeTulua/posts/pfbid02fW5CaQhyb6124vCo2xv6iR9y7HtA3d8APLEdsMkhzn6scsxk4fjg5sUMp7EEwumTl,0,0,Enlaces,,,,,Total,3674,2237,141,85,2,54,35,,10,25,,,,,
1111424934358171,100064720237286,"Alcaldía de Tuluá","#Educación | Secretaría de Educación verifica calidad de Alimentación Escolar.

Durante el recorrido, se llevó a cabo una prueba organoléptica, con la cual se evaluó la calidad de los alimentos que reciben diariamente los estudiantes. Esta actividad permitió constatar de primera mano las condiciones del servicio de alimentación que actualmente beneficia a cerca de 600 estudiantes de esta institución.

Lee la noticia completa: ⬇⬇⬇
",,0,"04/10/2025 09:31",N/A,https://www.facebook.com/AlcaldiaDeTulua/posts/pfbid0TJq519weu2CsSKvwfZvjmDaHg78ip8rLxHGWv2n59JaVqAEHKUvznuez9hq792c1l,0,0,Enlaces,,,,,Total,3120,2006,74,58,2,14,35,,23,12,,,,,
1111374844363180,100064720237286,"Alcaldía de Tuluá","🍽️💙 ¡Cuidamos lo que comen nuestros estudiantes!

Con la 💪 Secretaría de Educación visitamos la IE Gimnasio del Pacífico 🏫 para verificar que el Programa de Alimentación Escolar 🍽️ esté funcionando al 100% y que los más de 600 estudiantes 👧👦 estén recibiendo alimentos 🥗🥪🍌 de calidad y en perfecto estado, gracias a una prueba organoléptica 😋✅.

Porque alimentarse bien también es parte de aprender 📚💙 #ParaSerFelices ✅","🍽️💙 ¡Cuidamos lo que comen nuestros estudiantes!

Con la 💪 Secretaría de Educación visitamos la IE Gimnasio del Pacífico 🏫 para verificar que el Programa de Alimentación Escolar 🍽️ esté funcionando al 100% y que los más de 600 estudiantes 👧👦 estén recibiendo alimentos 🥗🥪🍌 de calidad y en perfecto estado, gracias a una prueba organoléptica 😋✅.

Porque alimentarse bien también es parte de aprender 📚💙 #ParaSerFelices ✅",58,"04/10/2025 08:12",N/A,https://www.facebook.com/reel/3981828908696194/,1,0,Reels,,,,,Total,11699,5130,814,565,66,183,436,,436,,142352.101,13.48,0,0,
1110890467744951,100064720237286,"Alcaldía de Tuluá","Hoy honramos la memoria de quienes han sufrido el conflicto 🕊️

Recordar es dignificar… y dignificar es construir paz para Tuluá ❤️‍🩹

#9DeAbril","Hoy honramos la memoria de quienes han sufrido el conflicto 🕊️

Recordar es dignificar… y dignificar es construir paz para Tuluá ❤️‍🩹

#9DeAbril",50,"04/09/2025 17:54",uploaded,https://www.facebook.com/reel/1728861358015992/,1,0,Reels,,,,,Total,1706,1253,69,51,4,14,37,,37,,11485.297,7.228,0,0,
1110814867752511,100064720237286,"Alcaldía de Tuluá","🎉💃 ¡Así vivimos una tarde llena de alegría y movimiento con nuestros grupos de Adulto Mayor! 👵👴

Desde la Secretaría de Bienestar Social, a través del enlace de Adulto Mayor, compartimos una hermosa Tarde Lúdica y Recreativa, donde el cariño, la energía y las sonrisas fueron protagonistas. 🌞🎈🎶

¡Gracias por enseñarnos que nunca es tarde para disfrutar la vida! 💙
 #ParaSerFelices ✅",,0,"04/09/2025 15:13",N/A,https://www.facebook.com/AlcaldiaDeTulua/posts/pfbid0uAq7poEA469fBDHMHhJgQog4B2fGyC1Jfct5AhLnymK8KG1rg5ha8VTboQG55wTyl,0,0,Fotos,,,,,Total,3821,2605,68,50,2,16,169,140,29,,,,,,
1110782101089121,100064720237286,"Alcaldía de Tuluá","#Hábitat | Administración Municipal atiende emergencias en zona rural por ola invernal.

Las labores de atención se han concentrado en las veredas El Brasil, Maravelez, El Vergel, La Coca, Remolinos, El Bosque, Las Vegas y San José, donde se han ejecutado trabajos de remoción de tierra, evacuación de material y rehabilitación de vías, algunas de ellas en condiciones críticas.

Lee la noticia completa:
",,0,"04/09/2025 14:03",N/A,https://www.facebook.com/AlcaldiaDeTulua/posts/pfbid02mGx9NyPbo25C8BTaq5PWN5BQK1ytYJSXNQGDe5hkHeD9GX4yxPFVqY4qs8tt7Jvl,0,0,Enlaces,,,,,Total,1890,1245,44,35,0,9,12,,1,11,,,,,
1110771864423478,100064720237286,"Alcaldía de Tuluá","#Noticias | Tuluá impulsa internacionalización empresarial con programa “Vallexporta”

El alcalde Vélez Román, destacó la importancia de este programa para el desarrollo económico local y anunció que el municipio ha destinado 100 millones de pesos para apoyar esta estrategia. ""Queremos facilitar el acceso de nuestros empresarios a mercados internacionales como Estados Unidos y Europa, y acompañarlos en todo el proceso"", expresó.

Lee la noticia completa: ⬇⬇⬇
",,0,"04/09/2025 13:41",N/A,https://www.facebook.com/AlcaldiaDeTulua/posts/pfbid02bPtLgPdWpAJ3gzoxrLo1qEZozjKHh6qRMnMMaXkjnGYwU83ELc8npJY8ECcGiNf8l,0,0,Enlaces,,,,,Total,1570,1046,40,29,0,11,9,,1,8,,,,,
1110766721090659,100064720237286,"Alcaldía de Tuluá","#Víctimas | Alcaldía conmemora a Víctimas del Conflicto Armado.

El evento contó con la participación de delegados de la ONU, el Ministerio Público, el Concejo Municipal, la Policía Nacional y la Administración Municipal, quienes reafirmaron su compromiso con la memoria, la justicia y la no repetición.

Lee la noticia completa: ⬇⬇⬇
",,0,"04/09/2025 13:29",N/A,https://www.facebook.com/AlcaldiaDeTulua/posts/pfbid02tvLwZocazRFyK9ij6PduYicLXRopzJCiV3X62wFR14USAkoxo3nGThBZEjpcvFdl,0,0,Enlaces,,,,,Total,1260,860,29,24,0,5,9,,1,8,,,,,
1110639517770046,100064720237286,"Alcaldía de Tuluá","Hoy conmemoramos el Día de la Memoria y Solidaridad con las Víctimas 🕊️

Desde la Administración Municipal, a través de la Secretaría de Gobierno, Convivencia y Seguridad y el Enlace de Víctimas, realizamos un emotivo encuentro en la Casa de la Cultura Enrique Uribe White 🏛️ junto a la comunidad y con el acompañamiento de la ONU 🌍.

¡Porque recordar es dignificar!
#9DeAbril #Víctimas",,0,"04/09/2025 09:45",N/A,https://www.facebook.com/AlcaldiaDeTulua/posts/pfbid08ii1PeqdsTyw7dCkqqRhAnZDLrE8qfuoHSJ87oeVyZK6QX21jmE3DRMT1F12Y6Rrl,0,0,Fotos,,,,,Total,8692,5136,196,116,5,75,772,589,183,,,,,,
1110404697793528,100064720237286,"Alcaldía de Tuluá","#ControlInterno | Contraloría Municipal instala proceso de auditoría financiera a Alcaldía de Tuluá.

Durante la instalación se abordaron temas clave, entre ellos el déficit fiscal con el que fue recibido el municipio por parte de la administración entrante, el cual será objeto de revisión y análisis detallado dentro del proceso auditor que adelanta el órgano de control.

Lee la noticia completa:⬇️⬇️⬇️",,0,"04/09/2025 03:43",N/A,https://www.facebook.com/AlcaldiaDeTulua/posts/pfbid0xucUh6NnsK1j3U1fzENHUaPUrmKiD7FECiSpeBT7PV85oGMEaMgpmYG31eX7oBZRl,0,0,Enlaces,,,,,Total,3777,2389,60,46,5,9,120,,42,78,,,,,
1110403111127020,100064720237286,"Alcaldía de Tuluá","#Salud | Jornada animal en Puerto Frazadas benefició a más de 150 animales.

En esta ocasión, el equipo de la Secretaría de Salud y la Secretaría de Desarrollo Agropecuario y Medio Ambiente (SEDAMA), acompañados del Centro de Zoonosis, llegó hasta el corregimiento de Puerto Frazadas, donde se ofrecieron servicios gratuitos como vacunación, desparasitación y suplementación vitamínica para diferentes especies.

Lee la noticia completa: ⬇️⬇️⬇️ 
",,0,"04/09/2025 03:41",N/A,https://www.facebook.com/AlcaldiaDeTulua/posts/pfbid0fWjEucVgkPRaUXJkEpWLfMKxKsdMvk4dXCfMExYMSSeWnLB2FNhjSEDNna62HYxsl,0,0,Enlaces,,,,,Total,1394,945,36,27,1,8,14,,5,9,,,,,
1109777351189596,100064720237286,"Alcaldía de Tuluá","🎭🎨 ¡Los talleres ya están en el Centro Cultural Lino Mora! 🎶📚

📢 Inscripciones abiertas en la Casa de la Cultura Enrique Uribe White.
💡 Disfrútalos de manera gratuita: aprende y vive el arte con clases de música, baile, artes plásticas, manualidades y mucho más. 🏺🎹🎭🧵

¡No te lo pierdas! 🎉✨ #ParaSerFelices 💙✅",,0,"04/08/2025 08:33",N/A,https://www.facebook.com/AlcaldiaDeTulua/posts/pfbid0259XwsVvoePXyrLdyv8JwkeHyYC1uSmKf7b5GSV7iRkfqz7XrdejbSmxeb5Dj1EMAl,0,0,Fotos,,,,,Total,3703,2003,55,32,8,15,215,143,72,,,,,,
1109246434576021,100064720237286,"Alcaldía de Tuluá","#Seguridad | Capturados criminales de estructura económica Frente 57 'Yaír Bermúdez'

La maniobra fue adelantada por tropas del Gaula Militar, el Batallón de Alta Montaña N.° 10 de la Tercera Brigada del Ejército Nacional, la Fuerza Aérea Colombiana y el CTI Gaula de la Fiscalía General de la Nación, quienes, gracias a labores de inteligencia, lograron ubicar a varios miembros de esta red delincuencial en el sector mencionado.

Lee la noticia completa:⬇⬇⬇
",,0,"04/07/2025 16:57",N/A,https://www.facebook.com/AlcaldiaDeTulua/posts/pfbid02LQuDhmComtM2FPNncNjxK7EekeofUeZBS2SJY115QfLnXBLQoKtPEu7orx19UR9Kl,0,0,Enlaces,,,,,Total,6666,4203,88,69,3,16,627,,114,513,,,,,
1109245661242765,100064720237286,"Alcaldía de Tuluá","👮‍♂️ Capturados integrantes de la red financiera del GAO-r Frente 57 ‘Yaír Bermúdez’ 💰🚨💥

En una operación interinstitucional, las autoridades capturaron a integrantes de la red financiera Frente 57 ‘Yaír Bermúdez’, responsables de realizar cobros extorsivos en Tuluá, Bugalagrande y Pradera.

🙌🏼 ¡Seguimos trabajando por una región más segura y en paz! #ParaSerFelices 💪🏼","👮‍♂️ Capturados integrantes de la red financiera del GAO-r Frente 57 ‘Yaír Bermúdez’ 💰🚨💥

En una operación interinstitucional, las autoridades capturaron a integrantes de la red financiera Frente 57 ‘Yaír Bermúdez’, responsables de realizar cobros extorsivos en Tuluá, Bugalagrande y Pradera.

🙌🏼 ¡Seguimos trabajando por una región más segura y en paz! #ParaSerFelices 💪🏼",66,"04/07/2025 16:55",uploaded,https://www.facebook.com/reel/648222171138304/,1,0,Reels,,,,,Total,8698,3527,247,200,7,40,282,,282,,141049.619,19.396,0,0,
1109218737912124,100064720237286,"Alcaldía de Tuluá","#Noticias | Tuluá celebra los 50 años de la Central de Transportes.

A través de intervenciones, muestras artísticas y actos de homenaje, se rindió tributo a quienes han sido fundamentales en su crecimiento estos 50 años, donde ha sido una pieza clave en la movilidad del centro del Valle del Cauca, facilitando la conexión de miles de personas con otras regiones del país y contribuyendo al desarrollo económico y social de Tuluá.

Lee la noticia completa: ⬇⬇⬇
",,0,"04/07/2025 15:55",N/A,https://www.facebook.com/AlcaldiaDeTulua/posts/pfbid0CP7yWcABiKcGYpr8cCe8uBd7KAFirJfZfz42dMcRYiC8zmRqo62vuDpxtHsSAtDal,0,0,Enlaces,,,,,Total,2456,1531,64,46,7,11,56,,38,18,,,,,
1109218381245493,100064720237286,"Alcaldía de Tuluá","#Noticias | Inicia construcción de la vía principal de acceso al proyecto Solares de Gualanday.

Actualmente, el proyecto entra en una nueva fase con labores de cajeo de 45 centímetros, que permitirán reponer la sub-base y proceder con la instalación de la capa de rodadura. Esta vía es la más importante del proyecto, ya que brinda acceso directo al conjunto, lo que permitirá entregar los lotes a los clientes en el menor tiempo posible.

Lee la noticia completa: ⬇⬇⬇
",,0,"04/07/2025 15:54",N/A,https://www.facebook.com/AlcaldiaDeTulua/posts/pfbid046VDnfa3xVfNuSwsrcgtu3Po5G8JMR7ggKVxzQ2VR4LzuFQSFo4Wrdt5cxBLsi7Ul,0,0,Enlaces,,,,,Total,2816,1972,56,38,6,12,96,,40,56,,,,,
1109075767926421,100064720237286,"Alcaldía de Tuluá","🚐🐾 ¡Llegamos con la Jornada de Bienestar Animal a Puerto Frazadas!

Desde la Secretaría de Salud y la SEDAMA, llevamos nuestra jornada animal con profesionales especializados 🩺🐶🐴🐄🐔
👉 Donde atendimos:

✅ 31 Bovinos
✅ 29 Equinos
✅ 46 Aves
✅ 34 Caninos
✅ 18 Felinos

Porque ellos también merecen estar sanos y 💚 cuidados.
📍 ¡Seguimos trabajando #ParaSerFelices! 🫶🐕‍🦺🐈‍⬛","🚐🐾 ¡Llegamos con la Jornada de Bienestar Animal a Puerto Frazadas!

Desde la Secretaría de Salud y la SEDAMA, llevamos nuestra jornada animal con profesionales especializados 🩺🐶🐴🐄🐔
👉 Donde atendimos:

✅ 31 Bovinos
✅ 29 Equinos
✅ 46 Aves
✅ 34 Caninos
✅ 18 Felinos

Porque ellos también merecen estar sanos y 💚 cuidados.
📍 ¡Seguimos trabajando #ParaSerFelices! 🫶🐕‍🦺🐈‍⬛",33,"04/07/2025 11:11",N/A,https://www.facebook.com/reel/1297893617964177/,1,0,Reels,,,,,Total,1848,1021,222,132,3,87,18,,18,,6100.533,3.474,0,0,
1108398321327499,100064720237286,"Alcaldía de Tuluá","¡Celebramos 50 años conectando sueños y moviendo a Colombia! 🇨🇴✨","¡Celebramos 50 años conectando sueños y moviendo a Colombia! 🇨🇴✨  Fue una noche llena de historia 📚, alegría 🎉, música del Valle 🎶, sabores típicos 🥘 y talento vallecaucano en escena 💃🕺.  Vivimos un show de mapping espectacular 🌟 que iluminó nuestro camino y presentamos con orgullo nuestro nuevo logo✅, reflejo de evolución y compromiso🫱🏽‍🫲🏿🙌🏽¡Gracias por acompañarnos en este viaje! 🚍❤️  ¡Vamos por más!  #ParaSerFelices",99,"04/06/2025 16:12",N/A,https://www.facebook.com/AlcaldiaDeTulua/videos/1064988385446214/,0,0,Videos,,,,,Total,5166,4837,192,119,7,66,110,,110,,45856.144,9.326,0,0,0
1108226494678015,100064720237286,"Alcaldía de Tuluá","🎙️ ElPodcastdeVélez | Episodio Especial. 50 años de la Central de Transportes de Tuluá.

En este episodio especial de #ElPodcastdeVélez el alcalde Gustavo Vélez asistió al aniversario número 50 de la Central de Transportes de Tuluá. Un evento lleno de emociones, nostalgia y muchos recuerdos sobre el origen y evolución de esta institución que durante 5 décadas ha sido punto de encuentro, partida y destino para miles de tulueños y vallecaucanos y que cada día se transforma más en un espacio #ParaSerFelices","🎙️ ElPodcastdeVélez | Episodio Especial. 50 años de la Central de Transportes de Tuluá.

En este episodio especial de #ElPodcastdeVélez el alcalde Gustavo Vélez asistió al aniversario número 50 de la Central de Transportes de Tuluá. Un evento lleno de emociones, nostalgia y muchos recuerdos sobre el origen y evolución de esta institución que durante 5 décadas ha sido punto de encuentro, partida y destino para miles de tulueños y vallecaucanos y que cada día se transforma más en un espacio #ParaSerFelices",525,"04/06/2025 10:56",N/A,https://www.facebook.com/AlcaldiaDeTulua/videos/2876903025820949/,0,0,Videos,,,,,Total,5086,3648,422,256,13,153,146,,146,,63336.979,13.556,0,0,0
1108224394678225,100064720237286,"Alcaldía de Tuluá","#Hábitat | Alcaldía atiende rápidamente derrumbes en zona rural.

Gracias a la respuesta rápida del equipo operativo, hacia las 10 de la mañana de este sábado, 5 de abril, fue despejado por completo el material que obstruía el paso, permitiendo habilitar nuevamente la vía que también comunica con el sector de Barragán. La intervención permitió evitar mayores afectaciones a la movilidad y garantizar la seguridad de quienes transitan por esta importante zona rural.

Lee la noticia: ⬇️⬇️⬇️
",,0,"04/06/2025 10:53",N/A,https://www.facebook.com/AlcaldiaDeTulua/posts/pfbid02BoheuNJzCQ4p74c6u3DHNuTV6ZBsCBuscXb1YhbsaV3jKyYjxs1cDjQXvdS824csl,0,0,Enlaces,,,,,Total,1817,1214,53,39,3,11,20,,10,10,,,,,
1108223421344989,100064720237286,"Alcaldía de Tuluá","#Salud | Secretaría de salud informa sobre medidas de seguridad para expendios de carne.

El secretario de Salud Municipal, Diego Fernando Sánchez, explicó que desde ahora todos los negocios que venden carne deben cumplir con la cadena de frío, es decir, mantenerla siempre refrigerada para que no se dañe y no represente un riesgo para la salud.

Lee la noticia completa: ⬇️⬇️⬇️
",,0,"04/06/2025 10:52",N/A,https://www.facebook.com/AlcaldiaDeTulua/posts/pfbid0bdKUoJirbUHYytpjFjE4SSYpN1EK6Z4bWngKnPXMafQMzerkuCtRrkw3WA63aHrql,0,0,Enlaces,,,,,Total,1484,996,31,24,0,7,12,,1,11,,,,,
1108222588011739,100064720237286,"Alcaldía de Tuluá","#Educación | Secretaría de Educación recupera y entrega infraestructura a la comunidad.

Este espacio, que había estado en estado de abandono, ahora será utilizado para el beneficio de estudiantes, docentes y toda la comunidad académica.

Lee la noticia completa:⬇️⬇️⬇️
",,0,"04/06/2025 10:51",N/A,https://www.facebook.com/AlcaldiaDeTulua/posts/pfbid0b8vchr8Z4Jh86uDhod33tyCwekHBfXS8gj9QbrRqXL3i427TQ6Ymcq3NeHuZmZxel,0,0,Enlaces,,,,,Total,2663,1912,73,62,0,11,78,,16,62,,,,,
1107513661415965,100064720237286,"Alcaldía de Tuluá","#ResumenSemanal | Conoce aquí las noticias más destacadas de la semana ➡️➡️ 45 segundos #ParaSerFelices ✅✌🏽","#ResumenSemanal | Conoce aquí las noticias más destacadas de la semana ➡️➡️ 45 segundos #ParaSerFelices ✅✌🏽",88,"04/05/2025 16:28",uploaded,https://www.facebook.com/reel/849028740730222/,1,0,Reels,,,,,Total,2468,1229,100,78,1,21,35,,35,,21584.181,9.255,0,0,
1107192428114755,100064720237286,"Alcaldía de Tuluá","¡La niñez se celebra jugando! 🎈👧🧒

Este 26 de abril vive el Carnaval del Juego 2025 en el Parque de la Guadua 🎊
Diversión, juegos y muchas sonrisas te esperan desde las 10:00 a.m. 🕙
¡No faltes! #ParaSerFelices 

#CarnavalDelJuego2025 #NiñezFeliz 🎠🎊💪🏼",,0,"04/05/2025 08:11",N/A,https://www.facebook.com/AlcaldiaDeTulua/posts/pfbid02nbaPYpufqwPVuPXPJ2DtHGs9V2NLUuV14Ky1kYF8N7KRS2y4Eot9A3FJUGMsYgtDl,0,0,Fotos,,,,,Total,3832,2681,80,52,1,27,71,36,35,,,,,,
1106532761514055,100064720237286,"Alcaldía de Tuluá","La carne que consumes ¡debe estar en buen estado! 🥩⚠️
Desde hoy rige el Decreto 2016 de 2023 📜 y arrancan los controles en expendios de carne ❄️🔍🚓

Si huele mal 👃, cambia de color 🎨 o no está refrigerada 🧊... ¡No la compres! ❌🛑
La salud es primero ✅ #ParaSerFelices",,0,"04/04/2025 15:02",N/A,https://www.facebook.com/AlcaldiaDeTulua/posts/pfbid0riK1GKJGXjDdwi6Li6uTzVStLPLgBvoFUgfkGaMTAwGGRuPAgKvmtadaaqPzQaU2l,0,0,Fotos,,,,,Total,2771,1716,40,28,0,12,93,86,7,,,,,,
1106346294866035,100064720237286,"Alcaldía de Tuluá","#Educación | Secretaría de Educación de Tuluá fortalece lazos con rectores de instituciones públicas.

En una reunión clave para el futuro de la educación en Tuluá, el secretario de Educación, Robert Posada, sostuvo un encuentro con los 18 rectores de las instituciones educativas públicas del municipio. Durante la sesión, se abordaron temas fundamentales como la infraestructura escolar, la tecnología educativa y los programas de formación docente, reafirmando el compromiso de la Administración Municipal con la calidad educativa.

Lee la noticia completa: ⬇⬇⬇
",,0,"04/04/2025 10:00",N/A,https://www.facebook.com/AlcaldiaDeTulua/posts/pfbid0TypNfWPCKmYSpTcJUUAEWWRiRCdFG7CX3ChyiowCCAtXDFPAf6Vrdf2q7sPRbXo4l,0,0,Enlaces,,,,,Total,6453,4068,180,122,10,48,248,,83,165,,,,,
1106345158199482,100064720237286,"Alcaldía de Tuluá","#Noticias | SEDAMA mejora visibilidad de semáforos con poda de árboles.

Esta intervención tiene como objetivo principal despejar la visibilidad en los semáforos, optimizando la movilidad y seguridad vial para peatones y conductores. La iniciativa responde a las solicitudes de la comunidad y se centra en áreas estratégicas del municipio donde las ramas altas y frondosas dificultaban la correcta visualización del cambio de luces.

Lee la noticia completa:
",,0,"04/04/2025 09:59",N/A,https://www.facebook.com/AlcaldiaDeTulua/posts/pfbid02sWBJaDPT1uLfxwYB3TpFZVfe558kR49kkguWQR7bukeZkrYjPS8xu63uRoKMJ8Sml,0,0,Enlaces,,,,,Total,1490,971,31,23,0,8,11,,1,10,,,,,
1106343104866354,100064720237286,"Alcaldía de Tuluá","📚✨ Recuperamos, remodelamos y entregamos Centro de Servicios Administrativos del barrio Panamericano 🏫✅, Este espacio, que por años estuvo en abandono, hoy vuelve a la vida para beneficiar a estudiantes, docentes y toda la comunidad académica de la Institución Educativa Julia Restrepo 🙌 🎉👩‍🏫👨‍🎓.🗣️ 💪🔧 ¡La transformación apenas comienza! Seguimos trabajando por una educación digna y de calidad 💙📖#ParaSerFelices","📚✨ Recuperamos, remodelamos y entregamos Centro de Servicios Administrativos del barrio Panamericano 🏫✅, Este espacio, que por años estuvo en abandono, hoy vuelve a la vida para beneficiar a estudiantes, docentes y toda la comunidad académica de la Institución Educativa Julia Restrepo 🙌 🎉👩‍🏫👨‍🎓.🗣️ 💪🔧 ¡La transformación apenas comienza! Seguimos trabajando por una educación digna y de calidad 💙📖#ParaSerFelices",47,"04/04/2025 09:55",N/A,https://www.facebook.com/reel/1783409475837590/,0,0,Reels,,,,,Total,3907,2552,156,118,12,26,129,,129,,41995.512,12.286,0,0,
1105668031600528,100064720237286,"Alcaldía de Tuluá","#Seguridad | Hombre capturado en Tuluá por hurto a residencia en el barrio Popular.

Gracias al trabajo articulado con la comunidad y a la oportuna reacción de los uniformados, se logró la captura del sospechoso, quien, junto con tres cómplices (dos mujeres y un hombre), ingresó a una vivienda mediante la modalidad de engaño, sustrayendo la suma de $10.000.000 en efectivo. La información brindada por la ciudadanía permitió la incautación del vehículo en el que se movilizaban los delincuentes, quienes provenían de la ciudad de Medellín.

Lee la noticia completa: ⬇⬇⬇
",,0,"04/03/2025 15:47",N/A,https://www.facebook.com/AlcaldiaDeTulua/posts/pfbid036xNkmJrV8C9AbvQtHgLiC5D47hLxFpLnhAgFkfnCVd61fCW5g94tnNMvaSdq9ZH8l,0,0,Enlaces,,,,,Total,4973,3461,84,66,1,17,123,,25,98,,,,,
1105666528267345,100064720237286,"Alcaldía de Tuluá","🚔🏡 Ofensiva contra el hurto a residencias en Tuluá 🏡🚔

Gracias al trabajo conjunto entre la Administración Municipal, la comunidad y la  Policía Nacional, se logró la captura de un hombre implicado en un millonario robo en el barrio Popular. ⚖️🔒 #ParaSerFelices

Seguimos reforzando la seguridad y previniendo el delito para proteger a nuestros ciudadanos. ¡Denunciar hace la diferencia! 📢👀 #ParaSerFelices","🚔🏡 Ofensiva contra el hurto a residencias en Tuluá 🏡🚔

Gracias al trabajo conjunto entre la Administración Municipal, la comunidad y la  Policía Nacional, se logró la captura de un hombre implicado en un millonario robo en el barrio Popular. ⚖️🔒 #ParaSerFelices

Seguimos reforzando la seguridad y previniendo el delito para proteger a nuestros ciudadanos. ¡Denunciar hace la diferencia! 📢👀 #ParaSerFelices",67,"04/03/2025 15:44",uploaded,https://www.facebook.com/reel/675991668253589/,1,0,Reels,,,,,Total,3710,1550,163,121,7,35,88,,88,,40677.941,11.5,0,0,
1105649304935734,100064720237286,"Alcaldía de Tuluá","#Cultura | 21 comparsas llenarán de color y tradición el “Carnaval del Pueblo"".

Tras un riguroso proceso de inscripción y revisión del cumplimiento de los requisitos exigidos, 21 comparsas fueron elegidas entre un total de 31 postuladas. Estos grupos, conformados por talentosos colectivos artísticos y culturales, desfilarán por las principales calles de la ciudad, llenando de alegría y tradición el ¨Carnaval del Pueblo¨ con su creatividad, música y danza.

Lee la noticia completa:⬇⬇⬇
",,0,"04/03/2025 15:06",N/A,https://www.facebook.com/AlcaldiaDeTulua/posts/pfbid05ET515RvhBU39pDSfwW5pdGqdos3GZ3SW5ZHhiW94UMAup5MBhhLek1mAcwVkZWUl,0,0,Enlaces,,,,,Total,1317,881,44,33,0,11,21,,3,18,,,,,
1105342474966417,100064720237286,"Alcaldía de Tuluá","👮‍♂️🚔 Nuevo comandante del GAULA Valle llega a aportar seguridad a Tuluá 🚔👮‍♂️

El Mayor Elmer Rojas asume el mando con firmeza para combatir la extorsión y el secuestro en nuestro municipio. 💪🔒
Desde la @alcaldiatulua, le damos la bienvenida y seguimos firmes en la lucha por una Tuluá más segura. #ParaSerFelices🏡✨","👮‍♂️🚔 Nuevo comandante del GAULA Valle llega a aportar seguridad a Tuluá 🚔👮‍♂️

El Mayor Elmer Rojas asume el mando con firmeza para combatir la extorsión y el secuestro en nuestro municipio. 💪🔒
Desde la @alcaldiatulua, le damos la bienvenida y seguimos firmes en la lucha por una Tuluá más segura. #ParaSerFelices🏡✨",38,"04/03/2025 07:36",uploaded,https://www.facebook.com/reel/628816226976236/,1,0,Reels,,,,,Total,3139,1446,258,166,1,91,21,,21,,17844.146,6.088,0,0,
1104723025028362,100064720237286,"Alcaldía de Tuluá","#Noticias | Nuevo comandante del GAULA Valle llega a aportar seguridad al municipio de Tuluá. 

Su designación, efectiva desde el pasado 27 de marzo, responde al compromiso institucional de reforzar las estrategias de prevención, investigación y respuesta ante delitos que afectan la libertad personal. La experiencia del nuevo comandante será clave para continuar combatiendo los fenómenos delictivos que alteran la tranquilidad de las comunidades, especialmente en zonas priorizadas del centro del Valle.

Lee la noticia completa:⬇⬇⬇
",,0,"04/02/2025 15:45",N/A,https://www.facebook.com/AlcaldiaDeTulua/posts/pfbid02FrPpYuEfGKWExzw88yMeyUiBksUCjQKsVvTPcNbcpHq2TPoN9F1efTMcbCLsnarzl,0,0,Enlaces,,,,,Total,3659,2531,59,46,1,12,45,,8,37,,,,,
1104666421700689,100064720237286,"Alcaldía de Tuluá","🌿💧 ¡Los humedales son vida! 💧🌿

En Tuluá tenemos tres humedales que juegan un papel clave en el equilibrio ambiental. 🌎✨ Descubre cuáles son y cómo podemos protegerlos juntos. 💚♻️

🔍➡️ Desliza para conocer más.  #ParaSerFelices",,0,"04/02/2025 14:47",N/A,https://www.facebook.com/AlcaldiaDeTulua/posts/pfbid0wqoJb9ZFa3HGxPH2LyWMJN5L6kQDriF3M1aTfb8oy5jakzJiQUnJgKcGGUKpCT2ml,0,0,Fotos,,,,,Total,1962,1145,45,28,0,17,23,20,3,,,,,,
1104657261701605,100064720237286,"Alcaldía de Tuluá","#BienestarSocial | Gestora Social y Fundación Éxito se unen para apoyar a 100 madres gestantes del municipio.

El objetivo de esta iniciativa es mejorar la calidad de vida de las mujeres y sus bebés en sus primeros meses, brindándoles herramientas que contribuyan a un crecimiento saludable y a una crianza con mayores oportunidades. La estrategia prioriza a las mujeres que se encuentren clasificadas en los niveles A o B del Sisbén, buscando llegar a quienes más lo necesitan.

Lee la noticia completa: ⬇⬇⬇
",,0,"04/02/2025 14:30",N/A,https://www.facebook.com/AlcaldiaDeTulua/posts/pfbid02eZo7KgbzBo6viaivLZSjJVkouVqdWwjVAsccRzGrbwjf7tDsyZXeUUvqxrNjkFPnl,0,0,Enlaces,,,,,Total,2280,1491,58,40,3,15,79,,20,59,,,,,
1104607635039901,100064720237286,"Alcaldía de Tuluá","#Hábitat | Canalización del río Tuluá se activa en dos frentes.

Los trabajos se están desarrollando en dos puntos estratégicos: el sector de Brisas del Valle, donde se ha ubicado una retro oruga y un equipo de volquetas para llevar a cabo la canalización y el acopio del material extraído del río; y el sector de Bomberos, una zona prioritaria debido a los constantes llamados de la comunidad por su alta vulnerabilidad a las inundaciones.

Lee la noticia completa: ⬇⬇⬇",,0,"04/02/2025 12:57",N/A,https://www.facebook.com/AlcaldiaDeTulua/posts/pfbid02zRXSP23CmhtZaC4XHcEpYqByuz6i7J9GBWNLgpKhgtBWriKkykejpxFq7VtuWPP5l,0,0,Enlaces,,,,,Total,1574,1001,48,36,3,9,13,,3,10,,,,,
1104471105053554,100064720237286,"Alcaldía de Tuluá","🎭🎉 ¡21 comparsas seleccionadas para el Carnaval del Pueblo! 🎉🎭

Las inscripciones cerraron y ahora comienza la competencia 🔥💃🕺. Estos grupos darán todo su talento para llevarse los 10 MILLONES 💰 en el gran Carnaval del Pueblo, este 19 de junio en el marco de la 67 Feria de Tuluá:

✅Colegio San Pedro Claver - Galería
✅CEET - Galería
✅Escuela de baile Alquileres López ✅Productions - Galería
✅Academia de baile Pasión y Danza - Coliseo de Ferias
✅Colegio Mercantil - Lago Chilicote
✅Enlace Latino - Coliseo de Ferias
✅Escuela de baile Eclipse - Teatro Sarmiento
✅Sensación Rumbera - Puente de las Brujas
✅Love Dance - Casa de la Cultura
✅Dream Dancing Academia - Puente de las Brujas
✅Academia Ensamble - Teatro Sarmiento
✅Delegación Trujillo - Jardín Botánico
✅Fundación Chagualos - Parque de la Guagua
✅Carnaval del Príncipe - Galería
✅Fundación Tradición Mestiza - Puente de las Brujas
✅Grupo Cultural Manakin - Galería
✅Colores del Ritmo - Teatro Sarmiento
✅Grupo de Danzas Riofrío - Puente de las Brujas
✅Academia de Danza EMI - Puente de las Brujas
✅Grupo Son Cultura - Casa de la Cultura
✅Club de Porrismo, Baile y Gimnasia Xtreme - Lago Chilicote
✅Colegio San Francisco - Coliseo de Ferias

¿Estás listo para vivir la magia y la alegría del carnaval? 🎊✨ ¡Lo mejor está por llegar! #ParaSerFelices","🎭🎉 ¡21 comparsas seleccionadas para el Carnaval del Pueblo! 🎉🎭

Las inscripciones cerraron y ahora comienza la competencia 🔥💃🕺. Estos grupos darán todo su talento para llevarse los 10 MILLONES 💰 en el gran Carnaval del Pueblo, este 19 de junio en el marco de la 67 Feria de Tuluá:

✅Colegio San Pedro Claver - Galería
✅CEET - Galería
✅Escuela de baile Alquileres López ✅Productions - Galería
✅Academia de baile Pasión y Danza - Coliseo de Ferias
✅Colegio Mercantil - Lago Chilicote
✅Enlace Latino - Coliseo de Ferias
✅Escuela de baile Eclipse - Teatro Sarmiento
✅Sensación Rumbera - Puente de las Brujas
✅Love Dance - Casa de la Cultura
✅Dream Dancing Academia - Puente de las Brujas
✅Academia Ensamble - Teatro Sarmiento
✅Delegación Trujillo - Jardín Botánico
✅Fundación Chagualos - Parque de la Guagua
✅Carnaval del Príncipe - Galería
✅Fundación Tradición Mestiza - Puente de las Brujas
✅Grupo Cultural Manakin - Galería
✅Colores del Ritmo - Teatro Sarmiento
✅Grupo de Danzas Riofrío - Puente de las Brujas
✅Academia de Danza EMI - Puente de las Brujas
✅Grupo Son Cultura - Casa de la Cultura
✅Club de Porrismo, Baile y Gimnasia Xtreme - Lago Chilicote
✅Colegio San Francisco - Coliseo de Ferias

¿Estás listo para vivir la magia y la alegría del carnaval? 🎊✨ ¡Lo mejor está por llegar! #ParaSerFelices",34,"04/02/2025 09:27",uploaded,https://www.facebook.com/reel/1744191199748321/,0,0,Reels,,,,,Total,14130,10774,219,162,6,51,419,,418,1,73804.085,5.759,0,0,
1103804105120254,100064720237286,"Alcaldía de Tuluá","#MedioAmbiente | SEDAMA mejora visibilidad de semáforos con poda de árboles.

Esta intervención tiene como objetivo principal despejar la visibilidad en los semáforos, optimizando la movilidad y seguridad vial para peatones y conductores. La iniciativa responde a las solicitudes de la comunidad y se centra en áreas estratégicas del municipio donde las ramas altas y frondosas dificultaban la correcta visualización del cambio de luces.

Lee la noticia: ⬇️⬇️⬇️
",,0,"04/01/2025 18:52",N/A,https://www.facebook.com/AlcaldiaDeTulua/posts/pfbid0h1fJVQYVQr7ikL8wR2NbXQtoLxjnByfg2wGwinRsYubBh5vmfER8KnciW6QK3ztbl,0,0,Enlaces,,,,,Total,3050,2027,59,37,6,16,69,,41,28,,,,,
1103693938464604,100064720237286,"Alcaldía de Tuluá","🌊💪 ¡Canalización del río Tuluá se activa en dos frentes! 💙🏗️

En esta ocasión, el proceso seguirá en el sector Brisas del Valle y Bomberos Centro, buscando mitigar riesgos y evitar emergencias en esta temporada de lluvias. 🚜☔

🔹 Seguridad para la comunidad.
🔹 Respaldo de la CVC.
🔹 Atención al llamado ciudadano.

📢 ¡Juntos construimos una Tuluá más segura #ParaSerFelices! 💙","🌊💪 ¡Canalización del río Tuluá se activa en dos frentes! 💙🏗️

En esta ocasión, el proceso seguirá en el sector Brisas del Valle y Bomberos Centro, buscando mitigar riesgos y evitar emergencias en esta temporada de lluvias. 🚜☔

🔹 Seguridad para la comunidad.
🔹 Respaldo de la CVC.
🔹 Atención al llamado ciudadano.

📢 ¡Juntos construimos una Tuluá más segura #ParaSerFelices! 💙",32,"04/01/2025 16:48",N/A,https://www.facebook.com/reel/1321921998914495/,1,0,Reels,,,,,Total,3269,1751,250,153,9,88,65,,65,,21425.699,6.995,0,0,
1103490665151598,100064720237286,"Alcaldía de Tuluá","#Educación | Secretaría de Educación lidera estrategias para fortalecer la enseñanza en Tuluá.

Durante la reunión, encabezada por el secretario de Educación, Robert Posada Rosero , se revisaron estrategias clave y se destacó la importancia de las alianzas estratégicas que están permitiendo fortalecer el sistema educativo local. “Las cifras demuestran avances significativos y nuestro objetivo es seguir implementando acciones que beneficien a toda la comunidad educativa” , señaló Posada Rosero.

Lee la noticia: ⬇⬇⬇
",,0,"04/01/2025 10:15",N/A,https://www.facebook.com/AlcaldiaDeTulua/posts/pfbid02sQ4ZhdUyBmaQH6rHpSZhD5JiYN9vUbGNtJcLwnJw1RLNUTeZQyqPRvwyVxUSrEVGl,0,0,Enlaces,,,,,Total,9315,5333,298,198,12,88,368,,142,226,,,,,
1103488625151802,100064720237286,"Alcaldía de Tuluá","#NoALaLimosna |  Alcaldía de Tuluá lanza campaña NO A LA LIMOSNA en comercio nocturno.

La campaña, que surge como respuesta a una solicitud del comercio nocturno, tiene como objetivo desalentar la práctica de la mendicidad y promover acciones que contribuyan a la dignificación de la población vulnerable. 

Lee la noticia:⬇⬇⬇
",,0,"04/01/2025 10:12",N/A,https://www.facebook.com/AlcaldiaDeTulua/posts/pfbid02p6BSz1h9idAKSRj6tTB9Ax1fQPjEsWASfYrYmrxU1iXduKdzdf7ofbDeEgQx3hZJl,0,0,Enlaces,,,,,Total,2703,1820,79,51,13,15,89,,62,27,,,,,
1103470135153651,100064720237286,"Alcaldía de Tuluá","🌟✨ ¡Iniciamos el Mes de la #NiñezFeliz en Tuluá! 🎈🎠

Llegó abril, un mes lleno de risas, juegos y alegría para todos los pequeños de nuestro municipio. 🏃‍♂️🎨🎶 ¡Prepárate para una gran celebración donde conectaremos con la naturaleza! #ParaSerFelices 💙🌿🌻","🌟✨ ¡Iniciamos el Mes de la #NiñezFeliz en Tuluá! 🎈🎠

Llegó abril, un mes lleno de risas, juegos y alegría para todos los pequeños de nuestro municipio. 🏃‍♂️🎨🎶 ¡Prepárate para una gran celebración donde conectaremos con la naturaleza! #ParaSerFelices 💙🌿🌻",39,"04/01/2025 09:42",uploaded,https://www.facebook.com/reel/688876623786034/,1,0,Reels,,,,,Total,2908,1610,180,130,0,50,62,,62,,24544.175,9.192,0,0,
1103468001820531,100064720237286,"Alcaldía de Tuluá","Alcaldía de Tuluá actualizó su foto de portada.",,0,"04/01/2025 09:39",N/A,https://www.facebook.com/photo.php?fbid=1103468001820531&set=a.404265015074170&type=3,0,0,Fotos,,,,,Total,271,179,51,39,4,8,9,,9,,,,,,
1102808555219809,100064720237286,"Alcaldía de Tuluá","🔊 ¿El exceso de ruido te molesta? 🚫🎧

Esta es una problemática que nos afecta a todos 😖 y es importante ponerle control. Si tienes una denuncia, ¡actúa! 📢⚖️

📍 Conoce aquí dónde puedes comunicarte y denunciar.
✅ El cambio comienza contigo. 💪🌎

#ParaSerFelices","🔊 ¿El exceso de ruido te molesta? 🚫🎧

Esta es una problemática que nos afecta a todos 😖 y es importante ponerle control. Si tienes una denuncia, ¡actúa! 📢⚖️

📍 Conoce aquí dónde puedes comunicarte y denunciar.
✅ El cambio comienza contigo. 💪🌎

#ParaSerFelices",50,"03/31/2025 16:52",uploaded,https://www.facebook.com/reel/668264469228593/,1,0,Reels,,,,,Total,4828,3334,146,85,26,35,332,,332,,58429.056,13.878,0,0,
