"Identificador de la publicación","Identificador de la página","Nombre de la página",Título,Descripción,"Duración (segundos)","Hora de publicación","Tipo de subtítulo","Enlace permanente","Es una publicación cruzada","Es una publicación compartida","Tipo de publicación",Idiomas,"Etiquetas personalizadas","Estado de contenido financiado","Comentario sobre los datos",Fecha,Visualizaciones,Alcance,"Reacciones, comentarios y veces que se compartió",Reacciones,Comentarios,"Veces que se compartió","Segundos reproducidos","Segundos en promedio reproducidos","Ingresos estimados (USD)","Impresiones del anuncio","Total de clics","Clics de otro tipo","Clics en el enlace","CPM del anuncio (USD)","Consumo de segmentación del público coincidente (Photo Click)"
1168453131988684,100064720237286,"Alcaldía de Tuluá","✨👣 Pasarela Sin Barreras: inclusión que emociona ♿💛

En la #67FeriaDeTuluá vivimos la primera Pasarela Sin Barreras, un evento liderado por la Secretaría de Bienestar Social donde más de 20 niños, jóvenes y adultos con discapacidades mostraron que aquí todos cabemos. 🌈💫

Gracias al alcalde Gustavo Vélez se abren estos espacios donde las diferencias nos unen.
💛 ¡Porque las discapacidades no son una barrera cuando se trata de ser felices!  #ParaSerFelices #HayQueSentirla","✨👣 Pasarela Sin Barreras: inclusión que emociona ♿💛

En la #67FeriaDeTuluá vivimos la primera Pasarela Sin Barreras, un evento liderado por la Secretaría de Bienestar Social donde más de 20 niños, jóvenes y adultos con discapacidades mostraron que aquí todos cabemos. 🌈💫

Gracias al alcalde Gustavo Vélez se abren estos espacios donde las diferencias nos unen.
💛 ¡Porque las discapacidades no son una barrera cuando se trata de ser felices!  #ParaSerFelices #HayQueSentirla",34,"06/22/2025 14:47",mixed,https://www.facebook.com/reel/1433379477704658/,1,0,Reels,,,,,Total,5361,2542,226,114,12,100,33132.67,6.935,0,0,79,79,,,
1168417965325534,100064720237286,"Alcaldía de Tuluá","🐑 ¡Los ovinos se toman el pabellón de especies menores! 🐏✨

Ya comenzó el juzgamiento y exposición de ovinos, avalado por AsoOvinos, en el marco de la #67FeriaDeTuluá.
Una muestra imperdible para los amantes del campo y para toda la familia 👨‍👩‍👧‍👦🌾

¡Ven ya y disfruta de este espacio hecho #ParaSerFelices! 🎉🐑","🐑 ¡Los ovinos se toman el pabellón de especies menores! 🐏✨

Ya comenzó el juzgamiento y exposición de ovinos, avalado por AsoOvinos, en el marco de la #67FeriaDeTuluá.
Una muestra imperdible para los amantes del campo y para toda la familia 👨‍👩‍👧‍👦🌾

¡Ven ya y disfruta de este espacio hecho #ParaSerFelices! 🎉🐑",29,"06/22/2025 13:39",mixed,https://www.facebook.com/reel/1514060786438787/,1,0,Reels,,,,,Total,825,847,13,12,0,1,2011.176,2.714,0,0,3,3,,,
1192819669552030,100064720237286,"Alcaldía de Tuluá","🚧✨ ¡Adiós a los huecos en la calle 34!

Así se ven 1.400 metros lineales de topping en esta vía que conecta a 5 barrios, y hoy está totalmente recuperada con topping, ofreciendo mejor movilidad y calidad de vida a los tulueños. ✌🏽

💙 ¡Aquí trabajamos día y noche para seguir transformando a Tuluá en la ciudad que soñamos #ParaSerFelices! 🤩💪🏼","🚧✨ ¡Adiós a los huecos en la calle 34!

Así se ven 1.400 metros lineales de topping en esta vía que conecta a 5 barrios, y hoy está totalmente recuperada con topping, ofreciendo mejor movilidad y calidad de vida a los tulueños. ✌🏽

💙 ¡Aquí trabajamos día y noche para seguir transformando a Tuluá en la ciudad que soñamos #ParaSerFelices! 🤩💪🏼",31,"07/22/2025 18:27",auto,https://www.facebook.com/reel/3138542999687167/,1,0,Reels,,,,,Total,11901,8817,799,544,85,170,114647.094,11.452,0,0,498,498,,,
1192737756226888,100064720237286,"Alcaldía de Tuluá","#Deporte | Alcalde Gustavo Vélez apoya a más de 350 deportistas en juegos Departamentales.

Con transporte, alimentación, uniformes, implementación deportiva y hospedaje, la Administración Municipal de Tuluá apoya a más de 350 jóvenes que participan en los Juegos Departamentales 2025. 

Lee la noticia completa:⬇⬇⬇
",,0,"07/22/2025 15:39",N/A,https://www.facebook.com/AlcaldiaDeTulua/posts/pfbid022Nn6gssrbyFv74myb9muwba3LSUCzu1njZXMjjtb5QDnSTYeoMbpxHozVz1oYir9l,0,0,Enlaces,,,,,Total,8087,4408,226,156,36,34,,,,,521,392,129,,
1192728139561183,100064720237286,"Alcaldía de Tuluá","🌳 ¡Retiramos árbol que representaba riesgo en la calle 25!

Con una intervención técnica y responsable de la SEDAMA, ahora la calle 25 es un lugar más seguro para peatones y vecinos de la calle 25. 🛣️💙 El árbol retirado presentaba daños estructurales y fitosanitarios, es decir, con afectaciones por plagas o enfermedades que comprometían su estabilidad. 🚶‍♀️🚗 y que podían afectar a peatones y conductores que transitan por el sector. 🚶‍♀️🚗

🌿 Como medida compensatoria, sembramos nuevos árboles en otros sectores del municipio, reafirmando el compromiso del alcalde @gustavovelezr con una Tuluá más verde, segura y sostenible. 💙🍃 #ParaSerFelices","🌳 ¡Retiramos árbol que representaba riesgo en la calle 25!

Con una intervención técnica y responsable de la SEDAMA, ahora la calle 25 es un lugar más seguro para peatones y vecinos de la calle 25. 🛣️💙 El árbol retirado presentaba daños estructurales y fitosanitarios, es decir, con afectaciones por plagas o enfermedades que comprometían su estabilidad. 🚶‍♀️🚗 y que podían afectar a peatones y conductores que transitan por el sector. 🚶‍♀️🚗

🌿 Como medida compensatoria, sembramos nuevos árboles en otros sectores del municipio, reafirmando el compromiso del alcalde @gustavovelezr con una Tuluá más verde, segura y sostenible. 💙🍃 #ParaSerFelices",52,"07/22/2025 15:17",N/A,https://www.facebook.com/reel/1068224528778518/,1,0,Reels,,,,,Total,1063,766,64,46,6,12,13870.511,14.646,0,0,43,43,,,
1192562632911067,100064720237286,"Alcaldía de Tuluá","#Hábitat | Tochecito y la media montaña tendrán mejores vías para transitar

Con el mantenimiento y compactación de las vías rurales de la alta montaña, ahora los campesinos de Tochecito, Altaflor, Cascajeros y Volcanes, podrán transportar sus productos y transitar con facilidad hacia la zona urbana.

Lee la noticia completa: ⬇⬇⬇
",,0,"07/22/2025 09:53",N/A,https://www.facebook.com/AlcaldiaDeTulua/posts/pfbid0wXtYgP4QzjubEEEHHa1zPpUe4GL7VwQS2qrP9vF5vVgFbkT6w2ZZaBBHmz75BP8ol,0,0,Enlaces,,,,,Total,2233,1442,60,44,8,8,,,,,35,23,12,,
1192498622917468,100064720237286,"Alcaldía de Tuluá","🏅 ¡Tuluá presente en los Juegos Departamentales 2025! ⚽🔥

Estos son algunos de nuestros deportistas tulueños que ya están dejando huella en los Juegos Departamentales. 💪 Ellos integran la selección Tuluá de fútbol masculino, representando con pasión, disciplina y talento a nuestro municipio. 💙⚽

Ellos se unen a los más de 300 jóvenes atletas que participarán en 33 disciplinas deportivas, demostrando que en Tuluá sí se transforma el deporte #ParaSerFelices. 🏃‍♀️🏋️‍♂️

¡Vamos, Tuluá! 💙 💪🏽","🏅 ¡Tuluá presente en los Juegos Departamentales 2025! ⚽🔥

Estos son algunos de nuestros deportistas tulueños que ya están dejando huella en los Juegos Departamentales. 💪 Ellos integran la selección Tuluá de fútbol masculino, representando con pasión, disciplina y talento a nuestro municipio. 💙⚽

Ellos se unen a los más de 300 jóvenes atletas que participarán en 33 disciplinas deportivas, demostrando que en Tuluá sí se transforma el deporte #ParaSerFelices. 🏃‍♀️🏋️‍♂️

¡Vamos, Tuluá! 💙 💪🏽",24,"07/22/2025 08:25",N/A,https://www.facebook.com/reel/1081372730804253/,1,0,Reels,,,,,Total,5754,2700,313,217,13,83,38922.545,8.147,0,0,339,339,,,
1191931586307505,100064720237286,"Alcaldía de Tuluá","🚧 Agricultores de Tochecito y Altaflor cuentan con mejores vías para sacar sus productos 🌄

Con maquinaria y labores de compactación,  mejoramos la vía para facilitar el transporte de productos frescos del campo a la ciudad, de estudiantes de zona rural y el acceso a servicios. 

💪🌱 Porque una vía en buen estado mejora la calidad de vida de nuestros campesinos. 🌾 #ParaSerFelices 💙","🚧 Agricultores de Tochecito y Altaflor cuentan con mejores vías para sacar sus productos 🌄

Con maquinaria y labores de compactación,  mejoramos la vía para facilitar el transporte de productos frescos del campo a la ciudad, de estudiantes de zona rural y el acceso a servicios. 

💪🌱 Porque una vía en buen estado mejora la calidad de vida de nuestros campesinos. 🌾 #ParaSerFelices 💙",57,"07/21/2025 15:17",uploaded,https://www.facebook.com/reel/761921066370376/,1,0,Reels,,,,,Total,2654,1454,286,165,18,103,24795.761,10.331,0,0,53,53,,,
1191783262989004,100064720237286,"Alcaldía de Tuluá","#SEDAMA | Alcaldía retira árbol que representaba riesgo en la calle 25.

La Administración Municipal, a través de la Secretaría de Desarrollo Agropecuario y Medio Ambiente, realizó la erradicación de un árbol en la calle 25 que representaba un riesgo para quienes transitan por esta vía y para los habitantes del sector. Esta acción hace parte del compromiso del alcalde Gustavo Vélez Román con la seguridad, la movilidad y el bienestar de todos los tulueños.

Lee la noticia completa: ⬇⬇⬇
",,0,"07/21/2025 10:40",N/A,https://www.facebook.com/AlcaldiaDeTulua/posts/pfbid0DddvZeajpu4NEbAo9UF3HNVdTcwaJQ67NaBqbFVE8gBFPU5pgbtB9EbtmbbiC4xZl,0,0,Enlaces,,,,,Total,6117,3521,64,37,16,11,,,,,274,150,124,,
1191782796322384,100064720237286,"Alcaldía de Tuluá","#Salud | 250 mascotas esterilizadas en jornadas descentralizadas.

Con diferentes jornadas tanto en zona urbana, dos de ellas en el Coliseo de Ferias Manuel Victoria Rojas con el apoyo de la Gobernación del Valle, como en zona rural en La Iberia, La Moralia, Venus y Pardo Alto, ya son 250 los animales esterilizados en Tuluá gracias a la estrategia de bienestar animal que lidera Secretaría de Salud de la Alcaldía de Tuluá, en articulación con la Subsecretaría de Protección y Bienestar Animal del Departamento.

Lee la noticia completa:⬇⬇⬇
",,0,"07/21/2025 10:39",N/A,https://www.facebook.com/AlcaldiaDeTulua/posts/pfbid0YzKLMqcodSFT3wtGAhVXjMp7U98NgSgZFgNLMYKzjfXtreVyRqsEriSNExu6gQA7l,0,0,Enlaces,,,,,Total,993,638,22,15,0,7,,,,,6,3,3,,
1191780806322583,100064720237286,"Alcaldía de Tuluá","#Salud | Tres Esquinas tiene renovado puesto de Salud

Con una remodelación total y dotación completamente nueva, el Puesto de Salud del corregimiento Tres Esquinas volvió a abrir sus puertas, tras permanecer cerrado durante cuatro años. Este centro, ahora en óptimas condiciones, brindará atención médica continua en medicina general, odontología y otros servicios básicos para la población rural de esta zona de Tuluá.

Lee la noticia completa: ⬇⬇⬇
",,0,"07/21/2025 10:36",N/A,https://www.facebook.com/AlcaldiaDeTulua/posts/pfbid02vtsDsgwkgk9iEhGd22s7Rfc9begigBtoMXescuyeT4HeNbN16doo7PDaiQG6kf84l,0,0,Enlaces,,,,,Total,1059,720,23,16,0,7,,,,,10,2,8,,
1191780449655952,100064720237286,"Alcaldía de Tuluá","#Planeación | Más de 80 familias de La Estrella inician proceso de legalización

Más de 80 familias del asentamiento La Estrella, ubicado en la vía a Tres Esquinas, comenzaron el proceso de legalización urbanística gracias a la primera jornada de atención integral y caracterización social, liderada por la Alcaldía de Tuluá a través del Departamento Administrativo de Planeación Municipal.

Lee la noticia completa: ⬇⬇⬇
",,0,"07/21/2025 10:35",N/A,https://www.facebook.com/AlcaldiaDeTulua/posts/pfbid0E2u5fahdjHCUicXUayKc8uTLpo3ADQfagQ5THDZeD4YYyL6nEk6rkk6b9vSLPVTEl,0,0,Enlaces,,,,,Total,1119,773,25,16,0,9,,,,,8,2,6,,
1191692129664784,100064720237286,"Alcaldía de Tuluá","🐾 Un día lleno de huellas, amor y esperanza 💙🤩

Este fin de semana celebramos  el Día Mundial del Perro en el Parque de la Familia📍. Una jornada cargada de emociones, donde tulueños y tulueñas se unieron para honrar la vida de nuestros peludos con amor y compromiso. 🐾🐶

Durante el evento, realizamos vacunación antirrábica gratuita tanto a perritos como gatitos, desparasitación, asesorías sobre tenencia responsable, rifas y actividades para toda la familia. Además, muchos animalitos encontraron una nueva oportunidad de vida gracias a la jornada de adopción liderada por la Fundación Huellitas En La Calle.  🤩🐾💙

¡Porque cada vida cuenta y cada ladrido también merece un hogar! 🐶🏡 #ParaSerFelices",,0,"07/21/2025 08:19",N/A,https://www.facebook.com/AlcaldiaDeTulua/posts/pfbid0NpUPqEJ3W5gpPagHTDts5NdVLdwQafQjTPenMHWAzjXRQfL3ewe7hf7Csxpcrf6rl,0,0,Fotos,,,,,Total,6833,3954,85,63,6,16,,,,,491,141,,,350
1191147766385887,100064720237286,"Alcaldía de Tuluá","➡️Conoce las noticias más importantes de la semana en nuestro resumen semanal “45 segundos” #*ParaSerFelices* 💙✅ 😎","➡️Conoce las noticias más importantes de la semana en nuestro resumen semanal “45 segundos” #*ParaSerFelices* 💙✅ 😎",63,"07/20/2025 16:14",N/A,https://www.facebook.com/reel/1255790266585375/,1,0,Reels,,,,,Total,785,640,33,23,1,9,6814.719,9.977,0,0,6,6,,,
1190924196408244,100064720237286,"Alcaldía de Tuluá","🇨🇴✨ Hoy celebramos con orgullo el Día de la Independencia💪🏼

La Plaza Cívica Boyacá se llenó de honor y patriotismo en el homenaje a nuestros símbolos patrios.🎶 Con presentaciones artísticas y culturales vivimos la conmemoración del Grito de Independencia. 🙌 Exaltando la labor de nuestras fuerzas armadas quienes se encargan de la seguridad de nuestro municipio y del país.

¡Viva nuestra historia, viva nuestra gente, viva Colombia! 💛💙❤️ #ParaSerFelices",,0,"07/20/2025 09:33",N/A,https://www.facebook.com/AlcaldiaDeTulua/posts/pfbid0nqzcRGiHVzecDp2bwqJbnp8C43vHxJhvBrpsYr6kBpswy5wyDhbprSyExnhQoBvYl,0,0,Fotos,,,,,Total,26905,13713,444,337,43,64,,,,,2876,908,,,1968
1190166333150697,100064720237286,"Alcaldía de Tuluá","‼️🚨 ¡El podcast de Vélez llegó a la Radio Tulueña! En minutos, no te lo pierdas por las emisoras Mundo 89 Tuluá y La Cariñosa ✌🏽😎",,0,"07/19/2025 10:02",N/A,https://www.facebook.com/AlcaldiaDeTulua/posts/pfbid0zqLNjf7LRpDwvTvDaLxQAKXZwZeDykQ3QsQ1qcLKTMPoDd3xhdwbtPZsnjPpKqrGl,0,0,Texto,,,,,Total,6346,3795,74,65,2,7,,,,,79,79,,,
1190164453150885,100064720237286,"Alcaldía de Tuluá","🎙️ #ElPodcastdeVélez | Episodio 23: Comer con dignidad: una obra con sentido social.

En esta entrega del podcast, el alcalde Gustavo Vélez conversa con Felipe Laborda,  un invitado muy especial sobre cómo avanzan tanto las obras civiles como las sociales que están transformando a Tuluá.
💙 Conoce cómo el comedor comunitario “Sazón para ser Felices” ahora brinda alimento, dignidad y esperanza a 250 personas cada día.
#ParaSerFelices","🎙️ #ElPodcastdeVélez | Episodio 23: Comer con dignidad: una obra con sentido social.

En esta entrega del podcast, el alcalde Gustavo Vélez conversa con Felipe Laborda,  un invitado muy especial sobre cómo avanzan tanto las obras civiles como las sociales que están transformando a Tuluá.
💙 Conoce cómo el comedor comunitario “Sazón para ser Felices” ahora brinda alimento, dignidad y esperanza a 250 personas cada día.
#ParaSerFelices",903,"07/19/2025 10:00",N/A,https://www.facebook.com/AlcaldiaDeTulua/videos/1256000175575033/,1,0,Videos,,,,,Total,4247,3350,458,285,34,139,91818.17,24.795,0,0,100,100,,0,
1189579429876054,100064720237286,"Alcaldía de Tuluá","🍽️ ¡Ahora 250 personas podrán acceder a alimentación digna y balanceada! 💙✨

El alcalde @gustavovelezr visitó el comedor comunitario del programa “Sazón para Ser Felices” y anunció la ampliación del cupo para beneficiar a niños, adultos mayores y personas vulnerables 👵👦👨‍🦳 Esta estrategia, liderada por la Secretaría de Bienestar Social, se mantendrá hasta el 30 de diciembre de 2025, garantizando acceso a comida saludable para quienes más lo necesitan 🥗🙌

✅ Lucha contra el hambre
✅ Bienestar social
✅ Atención con enfoque humano

¡Así construimos una Tuluá más justa y solidaria! #ParaSerFelices 💙🍲","🍽️ ¡Ahora 250 personas podrán acceder a alimentación digna y balanceada! 💙✨

El alcalde @gustavovelezr visitó el comedor comunitario del programa “Sazón para Ser Felices” y anunció la ampliación del cupo para beneficiar a niños, adultos mayores y personas vulnerables 👵👦👨‍🦳 Esta estrategia, liderada por la Secretaría de Bienestar Social, se mantendrá hasta el 30 de diciembre de 2025, garantizando acceso a comida saludable para quienes más lo necesitan 🥗🙌

✅ Lucha contra el hambre
✅ Bienestar social
✅ Atención con enfoque humano

¡Así construimos una Tuluá más justa y solidaria! #ParaSerFelices 💙🍲",27,"07/18/2025 15:41",auto,https://www.facebook.com/reel/632863379828682/,1,0,Reels,,,,,Total,3972,2313,206,144,27,35,28171.609,8.242,0,0,94,94,,,
1189437666556897,100064720237286,"Alcaldía de Tuluá","🔵 ¡+2.000 personas beneficiadas en Tres Esquinas! 🏥🙌

Con la apertura del Puesto de Salud en este corregimiento, los tulueños tendrán acceso a servicios médicos de calidad, más cerca de sus hogares 💙 El alcalde @gustavovelezr entregó este renovado espacio con atención integral y personal capacitado del Hospital Rubén Cruz Vélez, mejorando la calidad de vida en la zona rural de Tuluá 🌿

¡Seguimos transformando la salud para quienes más lo necesitan! #ParaSerFelices 💙✨","🔵 ¡+2.000 personas beneficiadas en Tres Esquinas! 🏥🙌

Con la apertura del Puesto de Salud en este corregimiento, los tulueños tendrán acceso a servicios médicos de calidad, más cerca de sus hogares 💙 El alcalde @gustavovelezr entregó este renovado espacio con atención integral y personal capacitado del Hospital Rubén Cruz Vélez, mejorando la calidad de vida en la zona rural de Tuluá 🌿

¡Seguimos transformando la salud para quienes más lo necesitan! #ParaSerFelices 💙✨",45,"07/18/2025 10:44",mixed,https://www.facebook.com/reel/1938802600190195/,1,0,Reels,,,,,Total,2900,1586,219,169,8,42,20613.482,7.882,0,0,69,69,,,
1188809166619747,100064720237286,"Alcaldía de Tuluá","🔵 Tres Esquinas tiene renovado Puesto de Salud 🏥✨

El alcalde Gustavo Vélez, reabrió este centro con espacios dignos, personal calificado y atención continua para la comunidad rural 💙

📅 Martes y sábados
🕖 De 7:00 a. m. a 4:00 p. m.

🩺 Servicios:
✅ Medicina general
✅ Odontología
✅ Enfermería
✅ Programas de promoción y prevención

¡Seguimos llevando salud de calidad a todos los rincones de Tuluá!  #ParaSerFelices 💙🤩",,0,"07/17/2025 16:19",N/A,https://www.facebook.com/AlcaldiaDeTulua/posts/pfbid02Q3Zv1BNGHFCrTXoYwQy3XMFtdxqAwVoxkavCzpguFLWs9P4mt57sRugS4EiLEMugl,0,0,Fotos,,,,,Total,14791,7680,307,201,5,101,,,,,813,219,,,594
1188588906641773,100064720237286,"Alcaldía de Tuluá","🏡✨ 📝 Más de 80 familias en proceso de legalización en La Estrella 
🏡

Con una jornada de atención integral,🐶 vacunación para mascotas, 🧑‍💼 atención social y 📋 caracterización puerta a puerta, inicia el proceso de legalización urbanística en este asentamiento ubicado en la vía a Tres Esquinas, donde las familias de este sector, comienzan a ver hecha realidad la esperanza de una vivienda digna, servicios públicos legalizados y beneficios del Estado. 💧🏠📑

¡Seguimos transformando a Tuluá en un municipio más humano! 💙
#ParaSerFelices",,0,"07/17/2025 08:49",N/A,https://www.facebook.com/AlcaldiaDeTulua/posts/pfbid0gMz1RVAF8CG8LrqDTXQBgjmtoRZ5CZwpnpbSEErpPKC3d4NRXU2FgYxj86TcygT5l,0,0,Fotos,,,,,Total,4607,2719,46,34,1,11,,,,,212,56,,,156
1188441876656476,100064720237286,"Alcaldía de Tuluá","🧼🔍 ¡Reforzamos el control sanitario en Tuluá!

Hoy con Secretaría de Salud, realizamos nuevamente operativos de Inspección, Vigilancia y Control 🍽️

✅ Revisamos productos y espacios de manipulación
✅ Sensibilizamos a comerciantes sobre normas sanitarias
✅ Invitamos a tener la documentación al día y cumplir la ley

¡Comer bien también es transformar la salud de Tuluá! #ParaSerFelices 💙","🧼🔍 ¡Reforzamos el control sanitario en Tuluá!

Hoy con Secretaría de Salud, realizamos nuevamente operativos de Inspección, Vigilancia y Control 🍽️

✅ Revisamos productos y espacios de manipulación
✅ Sensibilizamos a comerciantes sobre normas sanitarias
✅ Invitamos a tener la documentación al día y cumplir la ley

¡Comer bien también es transformar la salud de Tuluá! #ParaSerFelices 💙",35,"07/17/2025 05:03",uploaded,https://www.facebook.com/reel/1944064523096670/,1,0,Reels,,,,,Total,970,634,23,18,0,5,4826.527,5.516,0,0,4,4,,,
1188006806699983,100064720237286,"Alcaldía de Tuluá","#Salud | Alcaldía refuerza operativos de control sanitario en establecimientos de alimentos.

Con verificación de las condiciones higiénico-sanitarias en la manipulación y venta de alimentos y bebidas para consumo humano y animal, la Administración Municipal, a través de la Secretaría de Salud, inició nuevamente los operativos de Inspección, Vigilancia y Control (IVC) en establecimientos comerciales del municipio. 

Lee la noticia completa: ⬇⬇⬇
",,0,"07/16/2025 15:09",N/A,https://www.facebook.com/AlcaldiaDeTulua/posts/pfbid0KQ3BGywYf5soGtFSKh9TS7pzHvKdQDpTAtZQ228y9eLoDPFLtNc58FLUQbnq2rrYl,0,0,Enlaces,,,,,Total,2194,1420,42,30,6,6,,,,,21,9,12,,
1188004850033512,100064720237286,"Alcaldía de Tuluá","🏥🌿 Atención Primaria en Salud sigue recorriendo la zona rural de Tuluá

Los Equipos Básicos de Salud del @hospitalrubencruzvelez, continúan su recorrido por nuestros corregimientos, llevando atención integral a las comunidades que más lo necesitan. 👩‍⚕️🚑

Esta semana, llegaron al corregimiento de Quebradagrande, donde ofrecieron servicios médicos, odontológicos, psicológicos, de enfermería y trabajo social, con el respaldo de la comunidad y el compromiso de la Administración Municipal. 💙

✅ Más de 150 familias atendidas
✅ Jornadas en Altaflor, El Recreo, El Rocío, El Retiro y ahora Quebradagrande
✅ Salud con enfoque rural, humano y oportuno

¡Seguimos construyendo una Tuluá con bienestar #ParaSerFelices!",,0,"07/16/2025 15:04",N/A,https://www.facebook.com/AlcaldiaDeTulua/posts/pfbid0WygRXPZW8UJCtCvHxc6Rt2zbNCDXD43kNBG6E3rNff8or28ekMJbBiUFWZ2tkBbdl,0,0,Fotos,,,,,Total,4194,2542,47,34,1,12,,,,,134,31,,,103
1187879860046011,100064720237286,"Alcaldía de Tuluá","🎥✨ Conoce a Carolina y su marca ALISK💙 

Una emprendedora tulueña con un talento innato para las manualidades y la moda circular, que transforma el arte en oportunidades. 🧵👜

Su emprendimiento fue el ganador del pabellón de artesanías en la Feria de Emprendimiento Impulsando Comunidades, una iniciativa de @fundacionlevapan, @camaratulua y @alcaldiadetulua. 🏆💼

Descubre su historia y cómo, con sus manos y su creatividad, Carolina está dejando huella en Tuluá. #ParaSerFelices 💙🤩","🎥✨ Conoce a Carolina y su marca ALISK💙 

Una emprendedora tulueña con un talento innato para las manualidades y la moda circular, que transforma el arte en oportunidades. 🧵👜

Su emprendimiento fue el ganador del pabellón de artesanías en la Feria de Emprendimiento Impulsando Comunidades, una iniciativa de @fundacionlevapan, @camaratulua y @alcaldiadetulua. 🏆💼

Descubre su historia y cómo, con sus manos y su creatividad, Carolina está dejando huella en Tuluá. #ParaSerFelices 💙🤩",121,"07/16/2025 10:46",uploaded,https://www.facebook.com/reel/656577640732664/,1,0,Reels,,,,,Total,1629,1266,63,45,9,9,19000.224,12.726,0,0,67,67,,,
1187281896772474,100064720237286,"Alcaldía de Tuluá","🚧 ¡Jarillón artesanal beneficiará las familias de Zabaletas! 🌊🏡

Gracias a una alianza entre la comunidad, la empresa privada, los ingenios y la Administración Municipal, hoy ejecutamos una obra de mitigación del riesgo en la vereda Zabaletas, zona rural plana de Tuluá. Con maquinaria y trabajo conjunto, construimos un jarillón artesanal que evitará desbordamientos del río y desastres en temporada de lluvias, protegiendo la vida y los hogares de las familias tulueñas. 🙌💪

Seguimos transformando la zona rural con obras que brindan seguridad y bienestar a los tulueños. #ParaSerFelices 💙🌱","🚧 ¡Jarillón artesanal beneficiará las familias de Zabaletas! 🌊🏡

Gracias a una alianza entre la comunidad, la empresa privada, los ingenios y la Administración Municipal, hoy ejecutamos una obra de mitigación del riesgo en la vereda Zabaletas, zona rural plana de Tuluá. Con maquinaria y trabajo conjunto, construimos un jarillón artesanal que evitará desbordamientos del río y desastres en temporada de lluvias, protegiendo la vida y los hogares de las familias tulueñas. 🙌💪

Seguimos transformando la zona rural con obras que brindan seguridad y bienestar a los tulueños. #ParaSerFelices 💙🌱",38,"07/15/2025 16:55",auto,https://www.facebook.com/reel/1990015081740249/,1,0,Reels,,,,,Total,2108,1345,104,75,10,19,21308.762,11.53,0,0,47,47,,,
1187262243441106,100064720237286,"Alcaldía de Tuluá","#SEDAMA | Alcaldía entregó biofábrica para fortalecer el agro en Puerto Frazadas.

La Alcaldía de Tuluá, a través de la Secretaría de Desarrollo Agropecuario y Medio Ambiente SEDAMA, entregó insumos clave para poner en marcha biofábricas comunitarias en La Moralia y Puerto Frazadas. Con esta iniciativa, liderada por el alcalde Gustavo Adolfo Vélez Román, se busca fortalecer la producción limpia y sostenible en el campo tulueño.

Lee la noticia completa: ⬇⬇⬇
",,0,"07/15/2025 16:12",N/A,https://www.facebook.com/AlcaldiaDeTulua/posts/pfbid02CmWSxAcvS7itjE2VvzJLGZ6iK6BgGuMTJh8DjuU2LEE889J33mL7yP8PJjT5JQyil,0,0,Enlaces,,,,,Total,3389,2110,58,45,3,10,,,,,46,13,33,,
1187033336797330,100064720237286,"Alcaldía de Tuluá","🌱 Entregamos una biofábrica en Puerto Frazadas 🚜

Con la SEDAMA, brindamos insumos clave que fortalecerán la producción limpia en el campo tulueño, para que los productores rurales elaboren sus propios biofertilizantes y abonos orgánicos, cuidando el ambiente y reduciendo costos en La Moralia y Puerto Frazadas. 💚♻️

✅ Melaza, azufre y sulfato
✅ Canecas plásticas
✅ Medidor de pH

Agricultura sostenible para #ParaSerFelices 💙","🌱 Entregamos una biofábrica en Puerto Frazadas 🚜

Con la SEDAMA, brindamos insumos clave que fortalecerán la producción limpia en el campo tulueño, para que los productores rurales elaboren sus propios biofertilizantes y abonos orgánicos, cuidando el ambiente y reduciendo costos en La Moralia y Puerto Frazadas. 💚♻️

✅ Melaza, azufre y sulfato
✅ Canecas plásticas
✅ Medidor de pH

Agricultura sostenible para #ParaSerFelices 💙",53,"07/15/2025 08:59",auto,https://www.facebook.com/reel/1207791977765460/,1,0,Reels,,,,,Total,1905,920,124,96,5,23,16973.119,10.067,0,0,43,43,,,
1186455286855135,100064720237286,"Alcaldía de Tuluá","#Deporte | Más de 4.000 niños ya viven la experiencia del fútbol en el estadio Doce de Octubre

Más de 4.000 niños de 300 clubes y equipos deportivos de Tuluá, Andalucía, Bugalagrande, La Marina, Trujillo, Ríofrío, Buga, San Pedro y otros municipios cercanos al corazón del Valle, disfrutan hoy de la experiencia única de jugar en el estadio Doce de Octubre, un escenario emblemático que está siendo adecuado especialmente para ellos.

Lee la noticia completa: ⬇⬇⬇
",,0,"07/14/2025 16:14",N/A,https://www.facebook.com/AlcaldiaDeTulua/posts/pfbid022BCegAEeMcPDByFsA8fuMcHxhuz36TgFNLapmA9vYdZvo5wfKWf5YpNE7oziuKEKl,0,0,Enlaces,,,,,Total,4571,2954,91,70,8,13,,,,,74,17,57,,
1186454980188499,100064720237286,"Alcaldía de Tuluá","#BienestarSocial | Tuluá marchó con orgullo por la inclusión y el respeto.

Con un recorrido lleno de color, alegría y mensajes de inclusión, más de 100 personas participaron en la marcha de la población LGBTIQ+ en el municipio de Tuluá, una jornada liderada por organizaciones sociales y acompañada por la Alcaldía Municipal a través de la Secretaría de Bienestar Social.

Lee la noticia completa: ⬇⬇⬇
",,0,"07/14/2025 16:13",N/A,https://www.facebook.com/AlcaldiaDeTulua/posts/pfbid02EGz8aWAQ4TmniqYd3xzEWa38oCdbfiNPyinKtSaysiL9bzo45QmHxFvuoaNr69iJl,0,0,Enlaces,,,,,Total,2119,1269,27,24,1,2,,,,,60,29,31,,
1186454386855225,100064720237286,"Alcaldía de Tuluá","#Seguridad | Capturados sicarios de la “Inmaculada”.

En una operación conjunta entre la SIJIN del Departamento de Policía Valle y la Fiscalía General de la Nación, fueron capturados en los barrios Porvenir y Farfán dos peligrosos integrantes del Grupo Delincuencial Común Organizado (GDCO) ‘La Inmaculada’, conocidos con los alias de ‘Tingo’ y ‘Rochi’. Ambos son señalados por los delitos de homicidio agravado y porte ilegal de armas.

Lee la noticia completa: ⬇⬇⬇
",,0,"07/14/2025 16:12",N/A,https://www.facebook.com/AlcaldiaDeTulua/posts/pfbid0CrKDGJjAiN6vF39vmKgimu6QsWtbpyWfkT8ZnQJWJc1h6uEKmYzm8qUimj8KZGF6l,0,0,Enlaces,,,,,Total,16993,9437,147,119,3,25,,,,,1251,237,1014,,
1186451826855481,100064720237286,"Alcaldía de Tuluá","🚨 Capturados dos sicarios del grupo ‘La Inmaculada’ 🕵️‍♂️

En una operación conjunta entre la SIJIN y la Fiscalía, fueron capturados en los barrios Porvenir y Farfán alias ‘Tingo’ y ‘Rochi’, señalados por homicidio  y otros delitos como extorsión y porte ilegal de armas. 🔫👮‍♂️

Ambos fueron enviados a centro carcelario. El trabajo y la lucha contra las estructuras criminales continúan para transformar a Tuluá. 💪🚔","🚨 Capturados dos sicarios del grupo ‘La Inmaculada’ 🕵️‍♂️

En una operación conjunta entre la SIJIN y la Fiscalía, fueron capturados en los barrios Porvenir y Farfán alias ‘Tingo’ y ‘Rochi’, señalados por homicidio  y otros delitos como extorsión y porte ilegal de armas. 🔫👮‍♂️

Ambos fueron enviados a centro carcelario. El trabajo y la lucha contra las estructuras criminales continúan para transformar a Tuluá. 💪🚔",89,"07/14/2025 16:08",uploaded,https://www.facebook.com/reel/1306139197896637/,1,0,Reels,,,,,Total,21995,11967,551,458,8,85,465469.419,24.044,0,0,1105,1105,,,
1186425590191438,100064720237286,"Alcaldía de Tuluá","⚽✨ ¡Los niños llegaron al Doce de Octubre!

El emblemático estadio se llenó de sonrisas, talento y pasión infantil con la Copa Corazón, un torneo que les permite a nuestros niños cumplir el sueño de jugar como profesionales. 🏟️💙

Gracias al liderazgo del alcalde @gustavovelezr y el trabajo de la Secretaría del Deporte y la Recreación, este escenario se convierte nuevamente en un espacio de inclusión, formación y grandes oportunidades para la niñez tulueña y del centro del Valle. ⚽👦👧 #ParaSerFelices","⚽✨ ¡Los niños llegaron al Doce de Octubre!

El emblemático estadio se llenó de sonrisas, talento y pasión infantil con la Copa Corazón, un torneo que les permite a nuestros niños cumplir el sueño de jugar como profesionales. 🏟️💙

Gracias al liderazgo del alcalde @gustavovelezr y el trabajo de la Secretaría del Deporte y la Recreación, este escenario se convierte nuevamente en un espacio de inclusión, formación y grandes oportunidades para la niñez tulueña y del centro del Valle. ⚽👦👧 #ParaSerFelices",49,"07/14/2025 15:09",N/A,https://www.facebook.com/reel/1160413225851976/,1,0,Reels,,,,,Total,3592,1591,282,194,11,77,31810.345,10.133,0,0,54,54,,,
1186300050203992,100064720237286,"Alcaldía de Tuluá","🗳️ ¡Atención, joven tulueño!
Conoce las fechas clave para participar en las elecciones del Consejo Municipal de Juventudes 2025.
¡Haz parte del cambio! #ParaSerFelices 💪🔥",,0,"07/14/2025 11:04",N/A,https://www.facebook.com/AlcaldiaDeTulua/posts/pfbid032NT1dp5GYdZK1EHCMKR1LPMPnp7vndEKhiyCgYDDUaiadJs8PdkoGAUG9oMH5U6bl,0,0,Fotos,,,,,Total,1671,1031,25,17,1,7,,,,,12,4,,,8
1186175893549741,100064720237286,"Alcaldía de Tuluá","🚧 ¡La transformación vial ya es una realidad en Tuluá!","🚧 ¡La transformación vial ya es una realidad en Tuluá!

✅ Con el inicio de nuevas obras, avanzamos hacia una ciudad con vías más seguras, modernas y pensadas para el bienestar de todos.
🛣️ Así le apostamos a una mejor movilidad y a una mayor calidad de vida para los tulueños.
💙 ¡Seguimos trabajando #ParaSerFelices!",39,"07/14/2025 07:49",N/A,https://www.facebook.com/AlcaldiaDeTulua/videos/4221478421417075/,0,0,Videos,,,,,Total,3564,2678,247,173,40,34,34077.876,11.014,0,0,235,235,,0,
1185479426952721,100064720237286,"Alcaldía de Tuluá","🎙️ElPodcastdeVélez* | Episodio 21: Tuluá comienza su transformación","🎙️ElPodcastdeVélez | Episodio 21: Tuluá comienza su transformación.

En este nuevo episodio, el alcalde Gustavo Vélez recorrió las obras que ya están en marcha y hacen parte de la gran transformación de Tuluá 🏗️🚀
¡Infraestructura moderna y futurista para construir una ciudad pensada #ParaSerFelices! 💙🌆",305,"07/13/2025 10:51",N/A,https://www.facebook.com/AlcaldiaDeTulua/videos/722424947195502/,0,0,Videos,,,,,Total,2585,2170,221,128,24,69,60692.46,26.689,0,0,71,71,,0,
1185381196962544,100064720237286,"Alcaldía de Tuluá","💙 ¡Hoy corrimos juntos por la inclusión! 🏃‍♂️🏃‍♀️

Nuestra población con discapacidad participó con toda la energía en la Carrera Río Tuluá 🏅, un evento organizado por Fenalco Tuluá, donde demostraron que no hay límites cuando hay voluntad 💪✨

Recorrieron las calles con fuerza, alegría y mucho corazón 💙, siendo ejemplo de que todos y todas podemos hacer parte de cualquier espacio cuando hay respeto, empatía e inclusión. 🫶🌈 #ParaSerFelices",,0,"07/13/2025 08:28",N/A,https://www.facebook.com/AlcaldiaDeTulua/posts/pfbid032VsjfbPwg4BxYVxX51p9YfojSATyvtjFJP3uR1FgHmBWkX6YohUkoC2sXknXcX1Jl,0,0,Fotos,,,,,Total,22399,13159,249,186,5,58,,,,,1466,369,,,1097
1185295326971131,100064720237286,"Alcaldía de Tuluá","➡️Conoce las noticias más importantes de la semana en nuestro resumen semanal “45 segundos” #ParaSerFelices 💙✅ 😎","➡️Conoce las noticias más importantes de la semana en nuestro resumen semanal “45 segundos” #ParaSerFelices 💙✅ 😎",65,"07/13/2025 06:35",N/A,https://www.facebook.com/reel/1056100566665804/,1,0,Reels,,,,,Total,2451,1880,95,68,9,18,34006.921,15.366,0,0,83,83,,,
1184852793682051,100064720237286,"Alcaldía de Tuluá","🏳️‍🌈✨ ¡Hoy celebramos con orgullo, amor y mucha alegría! ✨🏳️‍⚧️

Más de 💯 personas se unieron a la gran marcha del Orgullo LGTBIQ+ 🏳️‍🌈 que recorrió las calles desde la Secretaría de Bienestar Social hasta la Plaza Cívica Boyacá 🎉

🎭🎶 Con presentaciones artísticas, DJs y música en vivo, vivimos una tarde inolvidable donde la diversidad fue la protagonista.
Un espacio lleno de colores 🌈, respeto 💖 y libertad 🕊️ que transformamos juntos…
¡#ParaSerFelices! 💫",,0,"07/12/2025 17:06",N/A,https://www.facebook.com/AlcaldiaDeTulua/posts/pfbid02FdBQfcZ2mjRyKRvUfFZaRKumgAMZZ9P51nW9YYECH6s5Jiz4hcz8LWJWLpTe5Ym7l,0,0,Fotos,,,,,Total,22106,9474,260,186,54,20,,,,,4234,1994,,,2240
1184661107034553,100064720237286,"Alcaldía de Tuluá","⚽🏟️ ¡Más de 4.000 niños ya viven la emoción del fútbol como verdaderos profesionales! 🙌💙

Desde Tuluá, Andalucía, Bugalagrande, La Marina, Trujillo, Ríofrío, Buga, San Pedro, Restrepo y Yotoco… más de 300 clubes y equipos deportivos están disputando la Copa Corazón 🏆 en el Estadio Doce de Octubre, que por hoy se convierte en el escenario deportivo donde muestran su talento🏠⚽

Estamos transformando este escenario para que cada niño y niña sienta lo que es jugar en un estadio de verdad 💥 ¡Un espacio digno para nuestros futuros cracks! 👟✨",,0,"07/12/2025 10:32",N/A,https://www.facebook.com/AlcaldiaDeTulua/posts/pfbid02j94sbCVf2y3QNJdpHs4aAxw3AH2ZnryQdwQAmQcfHhL1EqEb4tTpWRKtzmdzDgAdl,0,0,Fotos,,,,,Total,38330,22792,352,284,18,50,,,,,2513,877,,,1636
1184029913764339,100064720237286,"Alcaldía de Tuluá","🚨 ¡Así se construye la nueva Tuluá! 🏙️💙

El alcalde @gustavovelezr no se detiene y sigue al frente de las obras que le están devolviendo la vida a nuestras vías. 👷‍♂️🛠️
La calle 34, que por años estuvo en mal estado, hoy se transforma en una vía segura y moderna gracias a los trabajos que avanzan y que se realizarán hasta la carrera 40. 🛣️✨

💙 ¡Aquí transformamos con hechos! #ParaSerFelices 🏗️✅","🚨 ¡Así se construye la nueva Tuluá! 🏙️💙

El alcalde @gustavovelezr no se detiene y sigue al frente de las obras que le están devolviendo la vida a nuestras vías. 👷‍♂️🛠️
La calle 34, que por años estuvo en mal estado, hoy se transforma en una vía segura y moderna gracias a los trabajos que avanzan y que se realizarán hasta la carrera 40. 🛣️✨

💙 ¡Aquí transformamos con hechos! #ParaSerFelices 🏗️✅",51,"07/11/2025 15:39",N/A,https://www.facebook.com/reel/1659637634740064/,1,0,Reels,,,,,Total,36448,23481,1487,1135,179,173,621400.459,19.691,0,0,710,710,,,
1184020763765254,100064720237286,"Alcaldía de Tuluá","Parque del Sajonia será transformado

Con el objetivo de mejorar la calidad ambiental, promover la integración social y ofrecer espacios públicos seguros y agradables, la Administración Municipal socializó ante la comunidad el proyecto de intervención integral del parque del barrio Las Acacias del barrio Sajonia que actualmente presenta un alto nivel de deterioro.

Lee la noticia completa: ⬇⬇⬇
",,0,"07/11/2025 15:18",N/A,https://www.facebook.com/AlcaldiaDeTulua/posts/pfbid02vtyZFthXccmALyih18tCL7KXUaoDGMh59YCYk894jipB31R4Z7ZxgwhsMEQ2AA5ol,0,0,Enlaces,,,,,Total,2436,1499,44,28,5,11,,,,,40,16,24,,
1183891827111481,100064720237286,"Alcaldía de Tuluá","#Movilidad | Segunda calzada de la calle 27 ya está en funcionamiento.

Con la apertura de la segunda calzada de la calle 27, que conecta el sector de Nariño con el centro de la ciudad, entró en funcionamiento el nuevo cruce semafórico en la intersección de la calle 27 con la carrera 20, facilitando así el flujo vehicular en esta zona estratégica. Esta intervención se enmarca en los lineamientos del Plan de Movilidad Municipal y da respuesta a una necesidad histórica expresada por la comunidad tulueña.

Lee la noticia completa: ⬇⬇⬇
",,0,"07/11/2025 10:42",N/A,https://www.facebook.com/AlcaldiaDeTulua/posts/pfbid0W4Vg6h1G1ote1xEpAdvc6thJYaB8c66QL1ePGCwnzFESwRaQWkJfXwjW4bdcWqH5l,0,0,Enlaces,,,,,Total,33559,22056,280,222,41,17,,,,,972,543,429,,
1183886197112044,100064720237286,"Alcaldía de Tuluá","🚦 Comenzó a operar la nueva calzada de la calle 27 🏙️

Ya está en funcionamiento la segunda calzada de la calle 27, conectando Nariño con el centro de Tuluá. 🛣️✅ Con esto, llega el nuevo cruce semafórico🚦 en la carrera 20, mejorando la movilidad en esta zona clave.

🧭 Se habilitaron giros en ambos sentidos y se ajustó el sentido vial entre calles 27 y 28, hacia el CC Bicentenario Plaza. 🔄

🚧 Seguimos transformando la movilidad con acciones que responden a una necesidad histórica. #ParaSerFelices 💙","🚦 Comenzó a operar la nueva calzada de la calle 27 🏙️

Ya está en funcionamiento la segunda calzada de la calle 27, conectando Nariño con el centro de Tuluá. 🛣️✅ Con esto, llega el nuevo cruce semafórico🚦 en la carrera 20, mejorando la movilidad en esta zona clave.

🧭 Se habilitaron giros en ambos sentidos y se ajustó el sentido vial entre calles 27 y 28, hacia el CC Bicentenario Plaza. 🔄

🚧 Seguimos transformando la movilidad con acciones que responden a una necesidad histórica. #ParaSerFelices 💙",59,"07/11/2025 10:32",N/A,https://www.facebook.com/reel/1399918344596706/,1,0,Reels,,,,,Total,12120,7931,480,357,60,63,229751.355,22.273,0,0,568,568,,,
1183281070505890,100064720237286,"Alcaldía de Tuluá","#Salud | 120 familias atendidas por Equipos Básicos de Salud en Zona Rural

Comprometida con el bienestar integral de toda la comunidad, la Alcaldía de Tuluá amplió la cobertura del programa de Atención Primaria en Salud con la llegada de los Equipos Básicos en Salud (EBS) a veredas y corregimientos del municipio, beneficiando ya a más de 120 familias rurales. Las jornadas se han llevado a cabo en sectores como la vereda Tochecito, Alto del Rocío, Alta Flor y El Retiro, fortaleciendo el acceso a los servicios de salud en zonas históricamente desatendidas.

Lee la noticia completa:⬇⬇⬇
",,0,"07/10/2025 16:32",N/A,https://www.facebook.com/AlcaldiaDeTulua/posts/pfbid0SsAZUmDiZx6nkHUsxkarDNvoeDoyLhYCGZTD2ixTESLjSHCvTr366JEnhZHp1PnTl,0,0,Enlaces,,,,,Total,1603,1036,19,12,0,7,,,,,10,3,7,,
1183278353839495,100064720237286,"Alcaldía de Tuluá","#Planeación | La Estrella inicia proceso de legalización.

Más de 80 familias de este asentamiento, ubicado en la vía a Tres Esquinas, muy pronto podrán acceder a beneficios de vivienda, auxilios del Estado, servicios públicos legalizados, gracias al proceso de legalización urbanística que lidera la Administración Municipal. Esta intervención representa una transformación profunda en las condiciones de vida de una comunidad que durante más de 20 años ha permanecido en la informalidad.

Lee la noticia completa:⬇⬇⬇
",,0,"07/10/2025 16:25",N/A,https://www.facebook.com/AlcaldiaDeTulua/posts/pfbid0q7Di6GGxzdhVCYzxDqFE5x9TXJv1VkuDiriYHxqxzruzwTvYieGK6kf5EFwZW1Sl,0,0,Enlaces,,,,,Total,3914,2491,70,48,6,16,,,,,88,37,51,,
1183275863839744,100064720237286,"Alcaldía de Tuluá","#Educación | Alcalde Gustavo Vélez adelanta mejoras en la I.E. Técnica Industrial para el regreso a clases.

Con el objetivo de garantizar espacios seguros, funcionales y de excelente calidad para los estudiantes, la Administración Municipal adelanta obras de mejoramiento en la Institución Educativa Técnica Industrial. Entre las intervenciones realizadas se destacan la recuperación de cielos falsos, reparación de goteras, resane de paredes y pintura integral de pasillos y salones, labores que permitirán recibir a los alumnos en condiciones óptimas para el aprendizaje.

Lee la noticia completa:⬇⬇⬇
",,0,"07/10/2025 16:19",N/A,https://www.facebook.com/AlcaldiaDeTulua/posts/pfbid02rwrQhTdG4LXKeaXQ3UfAM14DZoHex2ti9JzEuTBxMZVVwr4B8ArXYhhSU3qN155il,0,0,Enlaces,,,,,Total,3296,1753,81,65,2,14,,,,,35,11,24,,
1183274600506537,100064720237286,"Alcaldía de Tuluá","#Gobierno | Administración Municipal instaló mesa técnica para la sustitución de vehículos de tracción animal

Con el propósito de avanzar hacia un modelo de movilidad más sostenible y respetuoso con la vida animal, la Administración Municipal del ingeniero Gustavo Adolfo Vélez Román instaló una mesa técnica de proyección para la sustitución de vehículos de tracción animal, reafirmando su compromiso con el diálogo social y el desarrollo integral de todos los sectores de Tuluá.

Lee la noticia completa:⬇⬇⬇
",,0,"07/10/2025 16:16",N/A,https://www.facebook.com/AlcaldiaDeTulua/posts/pfbid029a52PGihuPPbpxzFavMSY4r25qz21trGDAMatRw4gLJCsUqmgmBB4DAdAwSBaprfl,0,0,Enlaces,,,,,Total,2961,1842,38,31,3,4,,,,,61,22,39,,
1183270183840312,100064720237286,"Alcaldía de Tuluá","📢 ¡El Comité de Ruido volvió a la calle 25!💪🏼

Con el propósito de fomentar la sana convivencia y el respeto por el entorno, realizamos una jornada de sensibilización y verificación en esta importante zona comercial de Tuluá.

🔍 Visitamos establecimientos, revisamos documentación y hablamos sobre la importancia de controlar el ruido en nuestros espacios.

¡Cuidar el ambiente sonoro ✅ también es construir una mejor ciudad! #ParaSerFelices 💙","📢 ¡El Comité de Ruido volvió a la calle 25!💪🏼

Con el propósito de fomentar la sana convivencia y el respeto por el entorno, realizamos una jornada de sensibilización y verificación en esta importante zona comercial de Tuluá.

🔍 Visitamos establecimientos, revisamos documentación y hablamos sobre la importancia de controlar el ruido en nuestros espacios.

¡Cuidar el ambiente sonoro ✅ también es construir una mejor ciudad! #ParaSerFelices 💙",36,"07/10/2025 16:05",N/A,https://www.facebook.com/reel/741702818358539/,1,0,Reels,,,,,Total,1757,1442,56,38,6,12,16563.582,10.638,0,0,60,60,,,
1183074050526592,100064720237286,"Alcaldía de Tuluá","💙 En Tuluá, transformamos vidas 🙌","💙 En Tuluá, transformamos vidas 🙌

Con acciones reales y cercanas✅, apoyamos a quienes más lo necesitan: personas con discapacidad, adultos mayores, familias en situación de vulnerabilidad y mucho más.

Porque aquí no prometemos, actuamos. Aquí, transformamos con hechos. #ParaSerFelices 🤩💪🏼",50,"07/10/2025 09:53",N/A,https://www.facebook.com/AlcaldiaDeTulua/videos/1288584459366875/,0,0,Videos,,,,,Total,3549,3192,193,144,8,41,33020.742,10.201,0,0,61,61,,0,
1182537490580248,100064720237286,"Alcaldía de Tuluá","📢 ¡Atención, comunidad de La Estrella!

Este 10 de julio a las 9:00 a. m. tendremos jornada de socialización sobre la intervención y posible legalización del asentamiento 🏘️, conforme al Decreto 1470 de 2024.

🗣️ Ven y entérate del proceso que adelantaremos para mejorar tu sector.

📍Asentamiento La Estrella

🙌 ¡Te esperamos!",,0,"07/09/2025 17:45",N/A,https://www.facebook.com/AlcaldiaDeTulua/posts/pfbid02SMtuyzQrVgF4dXfomBVet75xEGP8CpLuaGwfYyfnppiw6fiZT2cLiBjzY9T9u9Bcl,0,0,Fotos,,,,,Total,1944,1232,28,23,2,3,,,,,42,24,,,18
1182537300580267,100064720237286,"Alcaldía de Tuluá","🌳 ¡Socialización para el mejoramiento del parque Sajonia!

Este jueves 10 de julio a las 5:00 p. m. te invitamos a la jornada de socialización sobre los nuevos proyectos de construcción, mantenimiento y conservación de espacios públicos en el barrio Sajonia. 🛠️✨.

📍Lugar: I.E. Gimnasio del Pacífico – Sede Julia Becerra (Barrio Sajonia)

💬 Ven, infórmate y haz parte de las acciones que mejorarán nuestros parques y zonas verdes.

🙌 ¡Tuluá sigue cambiando para ti! #ParaSerFelices",,0,"07/09/2025 17:45",N/A,https://www.facebook.com/AlcaldiaDeTulua/posts/pfbid0CV8NzzJtcPE8C5UcpNSADz23QgmVAdo7EWxbc3EnxCiHwGTo5ALghtgqgZk4ieZil,0,0,Fotos,,,,,Total,1893,1207,31,21,3,7,,,,,40,14,,,26
1182503683916962,100064720237286,"Alcaldía de Tuluá","📍¡Escuchamos a la Comuna 5 con PLANEA A TU COMUNA!✅

Hoy llegamos a la Comuna 5 para escuchar de primera mano a sus líderes y habitantes. 🗣️
Sus voces nos marcan el camino para intervenir y cumplirles con:

🔧 Mejoramiento de la malla vial
♻️ Gestión de residuos sólidos
🚦 Señalización
🚨 Seguridad
🏀 Polideportivos, parques y zonas verdes y mucho más.

¡Seguimos transformamos a la comunidad #ParaSerFelices 💙😎✅","📍¡Escuchamos a la Comuna 5 con PLANEA A TU COMUNA!✅

Hoy llegamos a la Comuna 5 para escuchar de primera mano a sus líderes y habitantes. 🗣️
Sus voces nos marcan el camino para intervenir y cumplirles con:

🔧 Mejoramiento de la malla vial
♻️ Gestión de residuos sólidos
🚦 Señalización
🚨 Seguridad
🏀 Polideportivos, parques y zonas verdes y mucho más.

¡Seguimos transformamos a la comunidad #ParaSerFelices 💙😎✅",36,"07/09/2025 16:26",N/A,https://www.facebook.com/reel/1435161794392474/,1,0,Reels,,,,,Total,2346,1309,136,70,1,65,18304.327,8.762,0,0,28,28,,,
1182442963923034,100064720237286,"Alcaldía de Tuluá","🏥 ¡Equipos Básicos en Salud ya están en zona rural!

El programa de Atención Primaria en Salud ya llegó a las veredas y corregimientos de nuestro municipio para brindar atención primaria, cercana y continua a más de 120 familias.

👩‍⚕️ Escuchamos, orientamos y cuidamos a nuestra comunidad, promoviendo una salud más humana y participativa.
Súmate a la transformación de tu salud y bienestar. ✅💪🏼 Porque construir salud también es trabajar #ParaSerFelices 💙🏥🩺",,0,"07/09/2025 13:55",N/A,https://www.facebook.com/AlcaldiaDeTulua/posts/pfbid0uzfWvoSYWzpb4VAgF2mZ6QNDyhB7aBiNViSbz3yKetFwnuDYDc3qYezNRuw7Eokvl,0,0,Fotos,,,,,Total,3362,1935,79,62,2,15,,,,,166,34,,,132
1181857977314866,100064720237286,"Alcaldía de Tuluá","#Seguridad | Tuluá disminuye cifra de hurtos en 2025

Gracias a la implementación de estrategias integrales, el fortalecimiento de los frentes de seguridad, el uso de tecnología y la participación activa de la comunidad, Tuluá muestra avances reales en la lucha contra el delito.

Lee la noticia completa:⬇️⬇️⬇️
",,0,"07/08/2025 20:08",N/A,https://www.facebook.com/AlcaldiaDeTulua/posts/pfbid024veZa49bmzfmneE9YBEDhxzTyYZh3V4NAqmFEiCzkuADnovm2fwH3WoDjVKuhUtRl,0,0,Enlaces,,,,,Total,2014,1430,80,34,39,7,,,,,18,8,10,,
1181857313981599,100064720237286,"Alcaldía de Tuluá","#Noticias | “Iglesia en Tu Barrio” llegó con servicios gratuitos, recreación y acompañamiento espiritual a tulueños

La Administración Municipal, a través de la Coordinación de Asuntos Religiosos, continúa acercando su oferta institucional a la comunidad con la jornada descentralizada “Iglesia en Tu Barrio”, una estrategia que une esfuerzos entre las iglesias del municipio y las entidades del Estado para brindar atención gratuita, recreación y acompañamiento espiritual a las familias tulueñas.

Lee la noticia completa:⬇️⬇️⬇️
",,0,"07/08/2025 20:07",N/A,https://www.facebook.com/AlcaldiaDeTulua/posts/pfbid0ts91FCbmVgxvAFxhzfQZ7c9Z5AjnDMhJ8rPKq1qCCZdbkCnDUXtA2ebnJd8iyaEYl,0,0,Enlaces,,,,,Total,1736,1196,29,20,1,8,,,,,25,6,19,,
1181751317325532,100064720237286,"Alcaldía de Tuluá","📱💡 ¡La tecnología también es para nuestros abuelitos! 💙

Hoy los Puntos INNOVA llegaron al Centro Vida para enseñar, con mucho cariño cómo usar los smartphones.
Una jornada llena de sonrisas, aprendizaje y mucho amor, donde nuestros adultos mayores dieron sus primeros pasos en el mundo digital. 👵👴📲

Porque el conocimiento no tiene edad y en Tuluá seguimos creando espacios para aprender, compartir y conectarnos. #ParaSerFelices 🥹💙","📱💡 ¡La tecnología también es para nuestros abuelitos! 💙

Hoy los Puntos INNOVA llegaron al Centro Vida para enseñar, con mucho cariño cómo usar los smartphones.
Una jornada llena de sonrisas, aprendizaje y mucho amor, donde nuestros adultos mayores dieron sus primeros pasos en el mundo digital. 👵👴📲

Porque el conocimiento no tiene edad y en Tuluá seguimos creando espacios para aprender, compartir y conectarnos. #ParaSerFelices 🥹💙",79,"07/08/2025 16:29",uploaded,https://www.facebook.com/reel/1733572487530395/,1,0,Reels,,,,,Total,847,720,38,32,0,6,4705.258,5.903,0,0,1,1,,,
1181713957329268,100064720237286,"Alcaldía de Tuluá","🐶🐱 ¡Más de 50 animalitos esterilizados en la zona montañosa de Tuluá! 💙

Estuvimos en sectores como La Iberia, La Moralia, Venus y Pardo Alto, con jornadas de esterilización para proteger a nuestros peluditos. Un trabajo en articulación con las Juntas de Acción Comuna.
👉 Esta es solo la primera etapa: la meta es llegar a más de 300 animales esterilizados en próximas jornadas.
Salud, conciencia y bienestar también llegan al campo.

¡Así construimos espacios #ParaSerFelices!💙","🐶🐱 ¡Más de 50 animalitos esterilizados en la zona montañosa de Tuluá! 💙

Estuvimos en sectores como La Iberia, La Moralia, Venus y Pardo Alto, con jornadas de esterilización para proteger a nuestros peluditos. Un trabajo en articulación con las Juntas de Acción Comuna.
👉 Esta es solo la primera etapa: la meta es llegar a más de 300 animales esterilizados en próximas jornadas.
Salud, conciencia y bienestar también llegan al campo.

¡Así construimos espacios #ParaSerFelices!💙",38,"07/08/2025 15:05",uploaded,https://www.facebook.com/reel/1254358646098526/,1,0,Reels,,,,,Total,835,689,52,41,0,11,4484.921,5.809,0,0,4,4,,,
1181566217344042,100064720237286,"Alcaldía de Tuluá","#Seguridad | Tuluá disminuye cifra de hurtos en 2025.

Gracias a la implementación de estrategias integrales, el fortalecimiento de los frentes de seguridad, el uso de tecnología y la participación activa de la comunidad, Tuluá muestra avances reales en la lucha contra el delito. Durante lo corrido del año 2025, el municipio ha registrado una r educción de 115 casos en hurtos comunes , reflejando un impacto positivo en materia de seguridad.

Lee la noticia completa: ⬇⬇⬇",,0,"07/08/2025 10:08",N/A,https://www.facebook.com/AlcaldiaDeTulua/posts/pfbid0FM21UqkYohTE1uay5LxpXJVbNimbfQLA4RiCt7xBCgkJsrSUcUEuhPbz3RxbAVyYl,0,0,Enlaces,,,,,Total,3387,2310,54,42,1,11,,,,,28,10,18,,
1181551984012132,100064720237286,"Alcaldía de Tuluá","🏗️ ¡En la zona rural también se ven las obras #ParaSerFelices! 🌄💪

Porque el compromiso es con todo el territorio, hoy en Puerto Frazadas avanzamos con una importante obra de recalce de muro para prevenir el desbordamiento de la quebrada Los Trópicos. 💧

✅ 31 metros lineales intervenidos
✅ Obra de prevención y protección para la comunidad rural
✅ Seguridad y bienestar para nuestras familias campesinas

Seguimos llegando con soluciones reales, donde más se necesitan.  ¡Para Ser Felices!💙✅💪🏼",,0,"07/08/2025 09:43",N/A,https://www.facebook.com/AlcaldiaDeTulua/posts/pfbid02zgNuspKesYZfFmYPhyC3g5hReCKipHtJ76ghkFUJ1KT4zggcdw9t1A7RdkzpaZeEl,0,0,Fotos,,,,,Total,1900,1214,46,34,0,12,,,,,33,4,,,29
1181089490725048,100064720237286,"Alcaldía de Tuluá","#Obras | La calle 34 se transforma: Rehabilitación histórica beneficiará a cinco barrios.

Con la intervención de más de 1.400 metros lineales y la recuperación total de 16 cuadras, la Administración Municipal del ingeniero Gustavo Adolfo Vélez Román adelanta la rehabilitación vial más grande de los últimos años en Tuluá, impactando directamente la movilidad y calidad de vida de los habitantes de los barrios Sajonia, Salesiano, Avenida Cali, Victoria y Fátima. 

Lee la noticia completa:⬇️⬇️⬇️
",,0,"07/07/2025 19:32",N/A,https://www.facebook.com/AlcaldiaDeTulua/posts/pfbid0H3Jn1F1iLSqHwp4R4aZMKnANRKr5LvCciwPSUCmoQdVMWZP8DBZDdyxsF4gKDgHTl,0,0,Enlaces,,,,,Total,8473,5210,175,132,15,28,,,,,191,63,128,,
1181088670725130,100064720237286,"Alcaldía de Tuluá","#Obras | La PTAP de La Moralia ya supera el 93% de avance y beneficiará a más de 700 habitantes.

La Planta de Tratamiento de Agua Potable (PTAP) de La Moralia se encuentra en su etapa final, con un avance del 93.28%, consolidándose como una solución concreta para garantizar el acceso al agua potable en esta zona rural del municipio de Tuluá. La obra es desarrollada por la Administración Municipal, bajo el liderazgo del alcalde Gustavo Adolfo Román, en conjunto con Empresas Municipales de Tuluá, EMTULUÁ E.S.P.

Lee la noticia completa:⬇️⬇️⬇️
",,0,"07/07/2025 19:31",N/A,https://www.facebook.com/AlcaldiaDeTulua/posts/pfbid02t35vn3FsRWieP5Er24gG6csqgzEZe8NdmfoB6q6bWpjpbXHixEAyXBFhyf6CFZAcl,0,0,Enlaces,,,,,Total,1567,1033,36,27,1,8,,,,,7,2,5,,
1181088017391862,100064720237286,"Alcaldía de Tuluá","#BienestarSocial | Comfenalco Valle reconoce a la Secretaría de Bienestar Social por su compromiso con el empleo.

La Secretaría de Bienestar Social de Tuluá fue reconocida por la Agencia de Empleo Comfenalco Valle Delagente por su destacada labor en la generación de empleo durante el primer semestre de 2025. Este reconocimiento exalta el compromiso de la Administración Municipal con la promoción de oportunidades laborales dignas y sostenibles para los tulueños.

Lee la noticia completa:⬇️⬇️⬇️
",,0,"07/07/2025 19:29",N/A,https://www.facebook.com/AlcaldiaDeTulua/posts/pfbid02B2bfEuFAd6kzfo4T42aDiZEdVXtzcvFGrCPsgQwA4sYQcA1Li2hr8c7BZTFyewmQl,0,0,Enlaces,,,,,Total,2898,1882,42,35,1,6,,,,,92,3,89,,
1180993477401316,100064720237286,"Alcaldía de Tuluá","🎨✨ ¡Nuestros espacios educativos tienen nueva cara! 🏫💫

Hoy realizamos verificación en la I.E. Técnica Industrial Carlos Sarmiento Lora, que ahora luce renovada, con murales 🖌️, pintura 🎨 y ambientes más bonitos 🌈.

Un entorno digno, alegre y colorido que inspira a nuestros estudiantes 👩‍🎓👨‍🎓 y fortalece la educación de calidad 📚💙
#ParaSerFelices 😊🌟","🎨✨ ¡Nuestros espacios educativos tienen nueva cara! 🏫💫

Hoy realizamos verificación en la I.E. Técnica Industrial Carlos Sarmiento Lora, que ahora luce renovada, con murales 🖌️, pintura 🎨 y ambientes más bonitos 🌈.

Un entorno digno, alegre y colorido que inspira a nuestros estudiantes 👩‍🎓👨‍🎓 y fortalece la educación de calidad 📚💙
#ParaSerFelices 😊🌟",47,"07/07/2025 16:17",uploaded,https://www.facebook.com/reel/1070743634486338/,1,0,Reels,,,,,Total,3168,1723,213,162,15,36,29156.066,10.223,0,0,82,82,,,
1180690617431602,100064720237286,"Alcaldía de Tuluá","🚧 ¡16 cuadras y más de 1.400 metros de vía renovada! 🛣️🙌

Así avanza la obra de la calle 34, una de las más importantes de Tuluá, que atraviesa 5 barrios y conecta el occidente con el oriente del municipio. 🌇➡️🌄 Con el apoyo de INFITULUÁ, la Administración del alcalde @gustavovelezr, le apuesta a una movilidad más segura, cómoda y eficiente para todos. 🚗🚶‍♀️

Seguimos construyendo una ciudad que se mueve mejor #ParaSerFelices 💙","🚧 ¡16 cuadras y más de 1.400 metros de vía renovada! 🛣️🙌

Así avanza la obra de la calle 34, una de las más importantes de Tuluá, que atraviesa 5 barrios y conecta el occidente con el oriente del municipio. 🌇➡️🌄 Con el apoyo de INFITULUÁ, la Administración del alcalde @gustavovelezr, le apuesta a una movilidad más segura, cómoda y eficiente para todos. 🚗🚶‍♀️

Seguimos construyendo una ciudad que se mueve mejor #ParaSerFelices 💙",52,"07/07/2025 07:13",N/A,https://www.facebook.com/reel/742370701779570/,1,0,Reels,,,,,Total,5993,4039,347,274,32,41,75913.508,14.144,0,0,200,199,1,,
1179966894170641,100064720237286,"Alcaldía de Tuluá","🎉 ¡Ya estamos en la III Feria de Emprendimiento: Impulsando Comunidades! 🛍️✨

Hoy el Parque de la Guadua se llena de talento, creatividad y sabor con más de 70 emprendimientos, presentaciones artísticas, show de gastronomía, premios y mucho más. 😍🔥

📍Estamos hasta las 5:00 p. m. con toda la oferta institucional: Renta Ciudadana, Colombia Mayor, vacunación canina y felina, Renta Joven, Puntos INNOVA, ¡y muchas sorpresas más!

🌈 Ven, apoya lo nuestro y disfruta en familia. #ParaSerFelices 💙🤩",,0,"07/06/2025 11:20",N/A,https://www.facebook.com/AlcaldiaDeTulua/posts/pfbid02aA8q3i3nZ238ooegtY9eTEfbksCGitxe42dDP6M66JbmXJzedyxGgzSqcrrXkGaTl,0,0,Fotos,,,,,Total,9744,6162,98,75,5,18,,,,,780,172,,,608
1179204134246917,100064720237286,"Alcaldía de Tuluá","➡️Conoce las noticias más importantes de la semana en nuestro resumen semanal “45 segundos” #ParaSerFelices 💙✅ 😎","➡️Conoce las noticias más importantes de la semana en nuestro resumen semanal “45 segundos” #ParaSerFelices 💙✅ 😎",67,"07/05/2025 16:10",uploaded,https://www.facebook.com/reel/24279785881625062/,1,0,Reels,,,,,Total,1312,797,50,35,0,15,8347.508,6.775,0,0,7,7,,,
1179169420917055,100064720237286,"Alcaldía de Tuluá","🙌✨ ¡Con Iglesia a tu barrio, nuestra oferta institucional llegó hoy a la I.E. Corazón del Valle! 🏫

Estamos compartiendo con la comunidad y brindando servicios como SISBÉN, vacunación, orientación familiar, pastoral social, atención a las juventudes, ropero comunitario, charlas y mucho más. 💬🧥🧑‍⚕️

📍Ven y aprovecha esta jornada pensada para ti y tu familia. ¡Estamos hasta las 6:00 p. m.! Te esperamos 🤩💙 #ParaSerFelices",,0,"07/05/2025 14:53",N/A,https://www.facebook.com/AlcaldiaDeTulua/posts/pfbid0xyYZLrpsxxvgshJYatNi3zXDmVrg6eA7tfs3rdoCqeGLn9st9Xm6v7TntZq9cbwbl,0,0,Fotos,,,,,Total,6085,3555,76,60,0,16,,,,,402,85,,,317
1178320081001989,100064720237286,"Alcaldía de Tuluá","#Movilidad | Tuluá reconocida a nivel nacional por reducción de índices de accidentalidad

Gracias a las estrategias en materia de movilidad implementadas por el alcalde Gustavo Adolfo Vélez Román, el municipio de Tuluá se convirtió en el único del Valle del Cauca en registrar una reducción significativa en la accidentalidad vial durante el año 2024.

Lee la noticia completa:⬇⬇⬇",,0,"07/04/2025 14:32",N/A,https://www.facebook.com/AlcaldiaDeTulua/posts/pfbid02s78pEgn6yB3LDVpZqfxCTLg8r4REo3GjqXPa2jgqGxVhoEsAiTXszz9ZSXaGYdrBl,0,0,Enlaces,,,,,Total,7861,4827,239,159,62,18,,,,,555,432,123,,
1178319677668696,100064720237286,"Alcaldía de Tuluá","#Educación | Administración Municipal lidera gestión para aplicar nuevo decreto sin afectar la educación.

Con el objetivo de garantizar la correcta aplicación del Decreto 277 de 2025 y proteger la calidad de la educación en el municipio, la Administración del alcalde Gustavo Vélez Román gestionó una asistencia técnica del Ministerio de Educación Nacional para brindar claridad sobre los cambios normativos que impactan directamente a docentes, rectores y estudiantes del sistema educativo oficial.

Lee la noticia completa:⬇⬇⬇
",,0,"07/04/2025 14:31",N/A,https://www.facebook.com/AlcaldiaDeTulua/posts/pfbid0JBVHz4P8vte7uAy5ahqR9maEqhRNk7SqvVLcceVveiW5ZEVxR8Jb2MUQrD8jrjgil,0,0,Enlaces,,,,,Total,3868,2261,45,38,0,7,,,,,123,14,109,,
1178290214338309,100064720237286,"Alcaldía de Tuluá","🎉✨ ¡Prepárate para vivir un fin de semana #ParaSerFelices!
Desliza 👉 y descubre todo lo que hemos preparado para ti este sábado y domingo 🗓️: una agenda llena de cultura 🎭, sabores deliciosos 🍲, recorridos turísticos 🏞️ y momentos únicos para disfrutar en familia 👨‍👩‍👧‍👦 o con amigos 💃🕺.

Desde la Alcaldía Municipal seguimos creando espacios pensados para tu alegría y bienestar.
💙💪🏼¡No te lo puedes perder! #ParaSerFelices",,0,"07/04/2025 13:29",N/A,https://www.facebook.com/AlcaldiaDeTulua/posts/pfbid02scMnNPRHQcNNxExFtbELQ7SgWpQRjoWumwc999tRs3xPtH2q3DEpUNz8Hhnjfo3l,0,0,Fotos,,,,,Total,3504,2096,44,38,0,6,,,,,224,35,,,189
1178162227684441,100064720237286,"Alcaldía de Tuluá",,,0,"07/04/2025 09:43",N/A,https://www.facebook.com/AlcaldiaDeTulua/posts/pfbid035BnMrPXh6vw4z5vMewC1p8miS1CJ1fmXY1NE536kSJ9vfX1DyWZ2cbbTi1n1qwkl,0,1,Fotos,,,,,Total,1570,1021,38,27,0,11,,,,,47,7,,,40
1178158321018165,100064720237286,"Alcaldía de Tuluá","#BienestarSocial | Más de 90 personas inician la ruta para obtener su certificado de discapacidad en Tuluá.

Más de 90 tulueños participaron en el inicio de la ruta para la obtención del certificado de discapacidad, una jornada clave que marca un paso fundamental en el reconocimiento de derechos y el acceso a beneficios sociales para esta población.

Lee la noticia completa: ⬇⬇⬇
",,0,"07/04/2025 09:36",N/A,https://www.facebook.com/AlcaldiaDeTulua/posts/pfbid03B5q2o9MpoQ2SBaCBVmGmUqrcju7Lgv72mKPQZZnFSRkHuUHYHEhHj8Gj1byb5BXl,0,0,Enlaces,,,,,Total,1755,1187,33,24,0,9,,,,,16,6,10,,
1178149877685676,100064720237286,"Alcaldía de Tuluá","En Tuluá, las obras se empiezan a ver✅💪🏼

Muy pronto iniciará la transformación del Lago Chilicote 🏞️, un proyecto que renueva la esperanza, el turismo y la recreación para todos.
Con más de $7.000 millones de inversión 💰, nuestro lago será un símbolo de progreso y bienestar. #ParaSerFelices 💙","En Tuluá, las obras se empiezan a ver✅💪🏼

Muy pronto iniciará la transformación del Lago Chilicote 🏞️, un proyecto que renueva la esperanza, el turismo y la recreación para todos.
Con más de $7.000 millones de inversión 💰, nuestro lago será un símbolo de progreso y bienestar. #ParaSerFelices 💙",49,"07/04/2025 09:22",N/A,https://www.facebook.com/reel/715422254612676/,1,0,Reels,,,,,Total,4787,2738,322,211,40,71,47081.569,11.18,0,0,234,234,,,
1177560174411313,100064720237286,"Alcaldía de Tuluá","Mejoramos calle 34 y ahora será  importante arteria vial✅🚧

Gracias al compromiso del alcalde Gustavo Vélez, seguimos con el mejoramiento de las vías, en esta ocasión en el barrio Sajonia, que ahora será clave para la movilidad de la zona. 🛣️✨

✅ Más 800 metros intervenidos
✅ Obras con recursos 100% tulueños
✅ Más seguridad, mejor tránsito y bienestar para todos

¡Así le seguimos apostando a una Tuluá moderna, conectada y con vías dignas #ParaSerFelices! 🏙️🚦","Mejoramos calle 34 y ahora será  importante arteria vial✅🚧

Gracias al compromiso del alcalde Gustavo Vélez, seguimos con el mejoramiento de las vías, en esta ocasión en el barrio Sajonia, que ahora será clave para la movilidad de la zona. 🛣️✨

✅ Más 800 metros intervenidos
✅ Obras con recursos 100% tulueños
✅ Más seguridad, mejor tránsito y bienestar para todos

¡Así le seguimos apostando a una Tuluá moderna, conectada y con vías dignas #ParaSerFelices! 🏙️🚦",20,"07/03/2025 16:12",N/A,https://www.facebook.com/reel/710237511792688/,1,0,Reels,,,,,Total,3280,1648,153,85,8,60,18387.399,6.44,0,0,64,64,,,
1177547384412592,100064720237286,"Alcaldía de Tuluá","#Obras | Lago Chilicote: un nuevo impulso al turismo en Tuluá.

Con una inversión cercana a los 7.000 millones de pesos, cofinanciados entre la Gobernación del Valle del Cauca y la Administración Municipal, Tuluá avanza en la ejecución del ambicioso proyecto de renovación integral del Lago Chilicote, uno de los espacios más emblemáticos y queridos por los tulueños.

Lee la noticia completa:⬇⬇⬇
",,0,"07/03/2025 15:44",N/A,https://www.facebook.com/AlcaldiaDeTulua/posts/pfbid0JStQxdoMq3R9Rm1rxPxA4myaBkAmmZ6NHvk9fupc8JzfNGcakzn3YisvADpBCmqNl,0,0,Enlaces,,,,,Total,8317,5329,172,130,17,25,,,,,561,212,349,,
1177546884412642,100064720237286,"Alcaldía de Tuluá","#Obras | Mejoramos calle 34 y ahora será importante arteria vial.

Atendiendo el llamado de la comunidad y como parte de las obras complementarias al proyecto de recuperación del Lago Chillicote y a otras aperturas viales estratégicas, la Administración del alcalde Gustavo Vélez  adelanta el mejoramiento de la capa de rodadura de la calle 34 en el barrio Sajonia. Esta vía, que se encontraba en pésimas condiciones, ha sido priorizada por su importancia para la movilidad del sector y el bienestar de sus habitantes.

Lee la noticia completa:⬇⬇⬇
",,0,"07/03/2025 15:43",N/A,https://www.facebook.com/AlcaldiaDeTulua/posts/pfbid02wFchAxhqEojXnGr9LFmbSSU21RjG3f9BveZhBd8WJaSjAJGMxz8Z9XsFqV8vo6YVl,0,0,Enlaces,,,,,Total,2084,1426,46,31,4,11,,,,,38,13,25,,
1177546534412677,100064720237286,"Alcaldía de Tuluá","#SaludAnimal | Más de 50 caninos y felinos fueron esterilizados en jornada gratuita en Tuluá.

En una apuesta por el bienestar animal y la tenencia responsable de mascotas, la Administración Municipal, en articulación con la Subsecretaría de Protección y Bienestar Animal del Departamento, realizó una jornada de esterilización gratuita de perros y gatos en el Coliseo de Ferias Manuel Victoria Rojas.

Lee la noticia completa: ⬇⬇⬇
",,0,"07/03/2025 15:42",N/A,https://www.facebook.com/AlcaldiaDeTulua/posts/pfbid02nFGHDbonr7TEWKWQugcCSBUhv4ZUBF22u7FKYxaNXikbFxU8YiyoKEJ4w8FA4dYDl,0,0,Enlaces,,,,,Total,1060,751,17,13,0,4,,,,,4,1,3,,
1177521581081839,100064720237286,"Alcaldía de Tuluá","Tuluá reconocida a nivel nacional por reducción de índices de accidentalidad ✅🏅

Gracias a las estrategias lideradas por el alcalde Gustavo Adolfo Vélez Román, nuestro municipio fue reconocido a nivel nacional por lograr la mayor reducción de accidentalidad en el Valle del Cauca. 👏con el Premio Guardianes de la Vida, entregado por la Agencia Nacional de Seguridad Vial, la Universidad de los Andes y El Tiempo.

📉 100 accidentes menos en 2024, fruto del trabajo técnico, pedagógico y comprometido desde el Departamento Administrativo de Movilidad.

Tuluá es ejemplo para todo el país. ¡Seguimos avanzando con orden, prevención y seguridad vial! 💪🚧 #ParaSerFelices","Tuluá reconocida a nivel nacional por reducción de índices de accidentalidad ✅🏅

Gracias a las estrategias lideradas por el alcalde Gustavo Adolfo Vélez Román, nuestro municipio fue reconocido a nivel nacional por lograr la mayor reducción de accidentalidad en el Valle del Cauca. 👏con el Premio Guardianes de la Vida, entregado por la Agencia Nacional de Seguridad Vial, la Universidad de los Andes y El Tiempo.

📉 100 accidentes menos en 2024, fruto del trabajo técnico, pedagógico y comprometido desde el Departamento Administrativo de Movilidad.

Tuluá es ejemplo para todo el país. ¡Seguimos avanzando con orden, prevención y seguridad vial! 💪🚧 #ParaSerFelices",31,"07/03/2025 14:59",uploaded,https://www.facebook.com/AlcaldiaDeTulua/videos/9906719266121572/,0,0,Videos,,,,,Total,4084,2450,192,143,23,26,39777.893,10.988,0,0,163,163,,0,
1177462227754441,100064720237286,"Alcaldía de Tuluá","🚨¡Los Puntos Innova ayudan a cerrar la brecha digital!🚨

Desde su entrega en 2016 por el MINTIC a la Administración del Ingeniero @gustavovelezr estos espacios han sido herramientas perfectas para acercar a las comunidades con el conocimiento digital 💻, con la información y por supuesto con cursos y talleres que han beneficiado a miles de ciudadanos.

La Administración Municipal a través del Departamento Administrativo TIC extiende la invitación a toda la ciudadanía para que aprovechen estos espacios, dotados de internet 🛜 ,equipos y ambientes muy bien adecuados para el desarrollo de múltiples actividades. #ParaSerFelices","🚨¡Los Puntos Innova ayudan a cerrar la brecha digital!🚨

Desde su entrega en 2016 por el MINTIC a la Administración del Ingeniero @gustavovelezr estos espacios han sido herramientas perfectas para acercar a las comunidades con el conocimiento digital 💻, con la información y por supuesto con cursos y talleres que han beneficiado a miles de ciudadanos.

La Administración Municipal a través del Departamento Administrativo TIC extiende la invitación a toda la ciudadanía para que aprovechen estos espacios, dotados de internet 🛜 ,equipos y ambientes muy bien adecuados para el desarrollo de múltiples actividades. #ParaSerFelices",59,"07/03/2025 12:53",uploaded,https://www.facebook.com/reel/1056293459977050/,1,0,Reels,,,,,Total,1015,697,35,23,1,11,5397.663,5.779,0,0,5,5,,,
1177313284436002,100064720237286,"Alcaldía de Tuluá","📢 ¡Tu decisión cuenta! 🗳️
¿Tienes entre 14 y 28 años? ¡Es momento de participar!✅
Inscribe tu documento y prepárate para las elecciones del Consejo Municipal de Juventudes 2025 🙌🏼

🗓️ Inscripciones hasta el 21 de julio
📍 Entra a 👉 idj.registraduria.gov.co

🔍 Y desde el 19 de septiembre, verifica tu inscripción en:
🌐 www.registraduria.gov.co

💬 Elige, propone y transforma tu municipio. ¡Comparte y motiva a más jóvenes como tú! 💪🏼 #ParaSerFelices Registraduría Nacional del Estado Civil de Colombia",,0,"07/03/2025 08:32",N/A,https://www.facebook.com/AlcaldiaDeTulua/posts/pfbid0KMRBXMU4DXQvoYZLE3SHo5d1J3CerHxeZPxCcAdzmJzCdiKVrhaUorU2Nn1zuB8Sl,0,0,Fotos,,,,,Total,2015,1303,31,18,0,13,,,,,90,18,4,,68
1177289281105069,100064720237286,"Alcaldía de Tuluá","🎉 ¡Feria de Emprendimiento en Tuluá! 💼✨
Este 6 de julio acompáñanos en el Parque de la Guadua y disfruta de:

🎨 Presentaciones artísticas
🍽️ Show de gastronomía
🛍️ Más de 70 emprendimientos
🎁 Premios, Oferta Institucional y mucho más

🕙 De 10:00 a. m. a 5:00 p. m.
¡Una oportunidad para apoyar el talento local y fortalecer nuestras comunidades! 💪🏽 #ParaSerFelices  ¡Te esperamos!",,0,"07/03/2025 07:57",N/A,https://www.facebook.com/AlcaldiaDeTulua/posts/pfbid02fqd3XvSjc5pVtuYJL8RrbW5TDcrbKcb1NbwRfSR63Jtu6RqLoi76HAgDqnTZ5pH2l,0,0,Fotos,,,,,Total,1579,1028,44,35,0,9,,,,,8,3,,,5
1176771321156865,100064720237286,"Alcaldía de Tuluá","#Salud | Tuluá inaugura el primer Club Cuidarte para pacientes diabéticos e hipertensos.

Con el objetivo de transformar la atención en salud y fortalecer el acompañamiento a pacientes crónicos, el Hospital Rubén Cruz Vélez, en articulación con la Secretaría Departamental de Salud del Valle del Cauca y la Secretaría de Salud Municipal, inauguró en Tuluá el primer Club Cuidarte, una iniciativa pionera dirigida a personas con diagnóstico de diabetes e hipertensión.

Lee la noticia completa:⬇⬇⬇
",,0,"07/02/2025 15:38",N/A,https://www.facebook.com/AlcaldiaDeTulua/posts/pfbid02RugjYav3XbRvPvDFdBDUfE1Hdna71Sj2T193YSrTrLK9wLVj17twHvcV2QwZCUakl,0,0,Enlaces,,,,,Total,3234,2213,65,46,5,14,,,,,102,38,64,,
1176744467826217,100064720237286,"Alcaldía de Tuluá","🩺🐾 ¡+50 animalitos esterilizados por una Tuluá que protege y cuida!
Seguimos dando pasos firmes por el bienestar animal 💙✅

Gracias al trabajo articulado entre la Subsecretaría de Protección y Bienestar Animal y la Secretaría de Salud Municipal, realizamos una jornada de esterilización gratuita que permitió a más de 50 caninos y felinos acceder a su cirugía 🐶🐱
Esterilizar es:
✅ Prevenir el abandono
✅ Evitar el maltrato
✅ Un acto de amor

#ParaSerFelices 💙😺🐶","🩺🐾 ¡+50 animalitos esterilizados por una Tuluá que protege y cuida!
Seguimos dando pasos firmes por el bienestar animal 💙✅

Gracias al trabajo articulado entre la Subsecretaría de Protección y Bienestar Animal y la Secretaría de Salud Municipal, realizamos una jornada de esterilización gratuita que permitió a más de 50 caninos y felinos acceder a su cirugía 🐶🐱
Esterilizar es:
✅ Prevenir el abandono
✅ Evitar el maltrato
✅ Un acto de amor

#ParaSerFelices 💙😺🐶",40,"07/02/2025 14:35",uploaded,https://www.facebook.com/reel/705112092318593/,1,0,Reels,,,,,Total,941,675,60,40,7,13,7673.95,8.996,0,0,12,12,,,
1176590784508252,100064720237286,"Alcaldía de Tuluá","🔧🏫 ¡Recuperamos las aulas de la I. E. Julia Restrepo!

Gracias al compromiso del alcalde Gustavo Vélez y al trabajo articulado con la directiva del plantel, hemos restaurado 3 aulas y avanzamos en la intervención de otras 3 más. 💪✨

📍La Secretaría de Educación visitó la obra y comprobó los avances de esta intervención prioritaria para garantizar espacios seguros para nuestros estudiantes.

💙 ¡Seguimos cumpliendo con hechos y transformando la infraestructura educativa de Tuluá! #ParaSerFelices 💙✅","🔧🏫 ¡Recuperamos las aulas de la I. E. Julia Restrepo!

Gracias al compromiso del alcalde Gustavo Vélez y al trabajo articulado con la directiva del plantel, hemos restaurado 3 aulas y avanzamos en la intervención de otras 3 más. 💪✨

📍La Secretaría de Educación visitó la obra y comprobó los avances de esta intervención prioritaria para garantizar espacios seguros para nuestros estudiantes.

💙 ¡Seguimos cumpliendo con hechos y transformando la infraestructura educativa de Tuluá! #ParaSerFelices 💙✅",42,"07/02/2025 09:38",N/A,https://www.facebook.com/reel/1260339225878743/,1,0,Reels,,,,,Total,2716,1474,172,134,10,28,25961.98,10.506,0,0,49,49,,,
1176584231175574,100064720237286,"Alcaldía de Tuluá","#BienestarSocial | Mesa de Participación de Niños, Niñas y Adolescentes: Voces para la Construcción de la Política Pública.

Más de 50 niños, niñas y adolescentes de diferentes instituciones educativas participaron activamente en la Mesa de Participación, un espacio de diálogo donde aportaron sus ideas, experiencias y propuestas para la construcción de la Política Pública que garantizará la protección y el cumplimiento de sus derechos. 

Lee la noticia completa:⬇⬇⬇
",,0,"07/02/2025 09:26",N/A,https://www.facebook.com/AlcaldiaDeTulua/posts/pfbid0GXAYMJhv7F2aKtCnNpyXRtGpiFfwq3o2hbfY1qoCyjwQc1zqwZ5NSd7U7C1X8RiTl,0,0,Enlaces,,,,,Total,1219,876,30,23,0,7,,,,,12,1,11,,
1176581881175809,100064720237286,"Alcaldía de Tuluá","#Gobierno | Tuluá fortalece la prevención de la violencia intrafamiliar y la protección de los derechos de la niñez.

La Administración Municipal de Tuluá, a través de la Secretaría de Gobierno, Convivencia y Seguridad y su Comisaría de Familia, desarrolló una importante jornada de sensibilización en el Colegio Guillermo Ponce de León, en cumplimiento de las funciones establecidas en la Ley 2126 de 2021.

Lee la noticia completa: ⬇⬇⬇
",,0,"07/02/2025 09:22",N/A,https://www.facebook.com/AlcaldiaDeTulua/posts/pfbid02N2vxJG2m6nApq3QT6NtJygHBy9PwGuds9xf3WDaZxdPuH1Wp59BniU2GxS8susG9l,0,0,Enlaces,,,,,Total,1383,1005,44,30,3,11,,,,,16,6,10,,
1176578981176099,100064720237286,"Alcaldía de Tuluá","#Educación | Alcaldía avanza en recuperación de techos en la I.E. Julia Restrepo.

Con el compromiso de garantizar entornos educativos seguros y dignos para la comunidad estudiantil, el alcalde Gustavo Vélez Román,  continúa trabajando por recuperación de las aulas de la Institución Educativa Julia Restrepo.

Lee la noticia completa: ⬇⬇⬇
",,0,"07/02/2025 09:18",N/A,https://www.facebook.com/AlcaldiaDeTulua/posts/pfbid02nMNzex5AqK8nKrwRpVbf8g4HBW1yCJhkmMAFhXoNRoVwSrDrPyPikggo9Hd6VCGZl,0,0,Enlaces,,,,,Total,2165,1485,79,60,7,12,,,,,15,10,5,,
1175983077902356,100064720237286,"Alcaldía de Tuluá","🏁🔥 ¡Vuelve la emoción a toda velocidad! 🔥🏁

El Cuarto de Milla Tuluá regresa este 26 y 27 de julio al Aeropuerto Heriberto Gil Martínez 🚗💨

Pilotos de todo el país, motores al límite y un solo objetivo: romper récords en la mejor pista del Valle 💙

¿Estás listo para volver a sentir la adrenalina? 😎🔥 #ParaSerFelices 💪🏼🤩","🏁🔥 ¡Vuelve la emoción a toda velocidad! 🔥🏁

El Cuarto de Milla Tuluá regresa este 26 y 27 de julio al Aeropuerto Heriberto Gil Martínez 🚗💨

Pilotos de todo el país, motores al límite y un solo objetivo: romper récords en la mejor pista del Valle 💙

¿Estás listo para volver a sentir la adrenalina? 😎🔥 #ParaSerFelices 💪🏼🤩",20,"07/01/2025 16:27",N/A,https://www.facebook.com/reel/931452162440427/,1,0,Reels,,,,,Total,51190,37895,664,559,11,94,367888.201,9.104,0,0,242,242,,,
1175843164583014,100064720237286,"Alcaldía de Tuluá","🌱🌳 ¡Tuluá se sigue vistiendo de verde!

En una gran jornada de reforestación, sembramos 70 árboles en la salida norte de nuestro municipio con el apoyo del Batallón de Alta Montaña – Distrito Buga.🚨✅

Un paso más hacia una Tuluá sostenible, consciente y comprometida con el medio ambiente. #ParaSerFelices 🤩💙🍃","🌱🌳 ¡Tuluá se sigue vistiendo de verde!

En una gran jornada de reforestación, sembramos 70 árboles en la salida norte de nuestro municipio con el apoyo del Batallón de Alta Montaña – Distrito Buga.🚨✅

Un paso más hacia una Tuluá sostenible, consciente y comprometida con el medio ambiente. #ParaSerFelices 🤩💙🍃",21,"07/01/2025 13:55",uploaded,https://www.facebook.com/reel/1243406483860730/,1,0,Reels,,,,,Total,1024,806,41,31,0,10,3493.551,3.712,0,0,8,8,,,
1175622564605074,100064720237286,"Alcaldía de Tuluá","🚸👮‍♂️ ¡Llegó la Patrulla Escolar a Tuluá! 💙💙

Iniciamos en la Institución Educativa Gimnasio del Pacífico con esta gran estrategia de educación y seguridad vial 🚦📚.

Niños y niñas que serán ejemplo y voz de las normas que salvan vidas llegarán a las demás Instituciones mostrando la importancia de las normas y la seguridad en las calles✅ 💙🙌.

¡Así construimos una Tuluá más segura desde la escuela! 💙✨ #ParaSerFelices","🚸👮‍♂️ ¡Llegó la Patrulla Escolar a Tuluá! 💙💙

Iniciamos en la Institución Educativa Gimnasio del Pacífico con esta gran estrategia de educación y seguridad vial 🚦📚.

Niños y niñas que serán ejemplo y voz de las normas que salvan vidas llegarán a las demás Instituciones mostrando la importancia de las normas y la seguridad en las calles✅ 💙🙌.

¡Así construimos una Tuluá más segura desde la escuela! 💙✨ #ParaSerFelices",29,"07/01/2025 09:31",N/A,https://www.facebook.com/reel/595057903263841/,1,0,Reels,,,,,Total,6017,5153,216,163,29,24,53924.076,10.105,0,0,124,124,,,
1175514871282510,100064720237286,"Alcaldía de Tuluá","🚨12 capturados del grupo delincuencial ‘La Inmaculada’ en el marco de la #OperaciónTuluá 🚨✅💪🏼

Gracias al trabajo articulado con el GAULA de la Policía Valle, cayó una red de extorsión que intimidaba a comerciantes en la galería de nuestro municipio.

Alias “Stefa”, “Wendy”, “Osquitar” y otros 9 integrantes fueron detenidos por imponer cobros ilegales y manejar recursos ilícitos a través de billeteras digitales 📲💵.

Con esta acción reafirmamos nuestro compromiso con la seguridad de los tulueños. #ParaSerFelices 💙💪","🚨12 capturados del grupo delincuencial ‘La Inmaculada’ en el marco de la #OperaciónTuluá 🚨✅💪🏼

Gracias al trabajo articulado con el GAULA de la Policía Valle, cayó una red de extorsión que intimidaba a comerciantes en la galería de nuestro municipio.

Alias “Stefa”, “Wendy”, “Osquitar” y otros 9 integrantes fueron detenidos por imponer cobros ilegales y manejar recursos ilícitos a través de billeteras digitales 📲💵.

Con esta acción reafirmamos nuestro compromiso con la seguridad de los tulueños. #ParaSerFelices 💙💪",52,"07/01/2025 06:39",mixed,https://www.facebook.com/reel/1661482584506684/,1,0,Reels,,,,,Total,37786,21775,1219,958,64,197,702054.634,22.677,0,0,1066,1066,,,
1174201294747201,100064720237286,"Alcaldía de Tuluá","💡🚧 No es Medellín, ni Bogotá… ¡Es Tuluá!
Así luce hoy nuestra salida norte, gracias al compromiso del alcalde Gustavo Vélez y su apuesta por una ciudad más segura, moderna y bien iluminada.

Instalamos 2.200 metros de alumbrado público, con 93 postes y 82 luminarias LED que transforman la movilidad nocturna.

🌙✨ Seguimos trabajando por una Tuluá que brille con luz propia. #ParaSerFelices 💙","💡🚧 No es Medellín, ni Bogotá… ¡Es Tuluá!
Así luce hoy nuestra salida norte, gracias al compromiso del alcalde Gustavo Vélez y su apuesta por una ciudad más segura, moderna y bien iluminada.

Instalamos 2.200 metros de alumbrado público, con 93 postes y 82 luminarias LED que transforman la movilidad nocturna.

🌙✨ Seguimos trabajando por una Tuluá que brille con luz propia. #ParaSerFelices 💙",54,"06/29/2025 15:56",uploaded,https://www.facebook.com/reel/1262260548882433/,1,0,Reels,,,,,Total,10905,3880,836,556,45,235,104110.963,11.095,0,0,284,284,,,
1174036038097060,100064720237286,"Alcaldía de Tuluá","🎙️ElPodcastdeVélez | Episodio Especial: Una semana de Resultados.

En este nuevo episodio, el alcalde Gustavo Vélez nos comparte de primera mano todo lo que vivió durante la última semana: la entrega del puente de Papayal junto a la gobernadora del Valle, las visitas de obra para verificar los frentes activos en la ciudad 🏗️ y hace un balance completo de lo que fue el regreso triunfal de nuestra feria número 67. 🐴🎶💥

¡Súbele el volumen y entérate de lo que está pasando en Tuluá con voz del propio alcalde! 🎧 #ParaSerFelices","🎙️ElPodcastdeVélez | Episodio Especial: Una semana de Resultados.

En este nuevo episodio, el alcalde Gustavo Vélez nos comparte de primera mano todo lo que vivió durante la última semana: la entrega del puente de Papayal junto a la gobernadora del Valle, las visitas de obra para verificar los frentes activos en la ciudad 🏗️ y hace un balance completo de lo que fue el regreso triunfal de nuestra feria número 67. 🐴🎶💥

¡Súbele el volumen y entérate de lo que está pasando en Tuluá con voz del propio alcalde! 🎧 #ParaSerFelices",634,"06/29/2025 10:45",N/A,https://www.facebook.com/AlcaldiaDeTulua/videos/1054291366863424/,1,0,Videos,,,,,Total,2257,1847,121,79,17,25,34098.917,17.117,0,0,75,75,,0,
1173385924828738,100064720237286,"Alcaldía de Tuluá","➡️Conoce las noticias más importantes de la semana en nuestro resumen semanal “45 segundos” #ParaSerFelices 💙✅ hoy con nuestro alcalde @gustavovelezr 💙😎","➡️Conoce las noticias más importantes de la semana en nuestro resumen semanal “45 segundos” #ParaSerFelices 💙✅ hoy con nuestro alcalde @gustavovelezr 💙😎",69,"06/28/2025 15:57",N/A,https://www.facebook.com/reel/460257873848847/,1,0,Reels,,,,,Total,2139,1307,79,55,8,16,16979.864,8.725,0,0,51,51,,,
1173104314856899,100064720237286,"Alcaldía de Tuluá","🩺💙 ¡Tuluá tiene el primer Club de Hipertensión y Diabetes del Valle!

Socializamos “Cuidarte”, un programa pionero que beneficiará a más de 800 tulueños, con talleres, actividad física, educación en salud y apoyo psicosocial. Con el acompañamiento de la doctora María Cristina Lesmes, secretaria de Salud Departamental, dimos este paso histórico por la salud de los tulueños.

📞 Los usuarios serán contactados vía telefónica y también podrán seguir la programación por las redes del Hospital Rubén Cruz Vélez.

¡Cuidarte es nuestra prioridad!  #ParaSerFelices 💙💪🏼",,0,"06/28/2025 07:11",N/A,https://www.facebook.com/AlcaldiaDeTulua/posts/pfbid02jyEFQaLGSzUZ56hqYz4dMpDdBqmMndAaYewPAL3pNo3DK52XG7eHJyF9VTVFnY6el,0,0,Fotos,,,,,Total,5306,3666,82,64,6,12,,,,,262,72,,,190
1172607541573243,100064720237286,"Alcaldía de Tuluá","🚧 ¡700 metros de topping que transforman a Chiminangos! 🛣️✨

El alcalde Gustavo Vélez supervisa de cerca esta gran obra que mejorará la movilidad y calidad de vida en el sector. 👷‍♂️✅

➡️ Los tulueños están felices porque estas vías nuevas sí se sienten.
⚡ Obras en tiempo récord, bien hechas y con la comunidad como prioridad.

💙 ¡Escuchamos a los tulueños y cumplimos con hechos! Porque son obras #ParaSerFelices 🤩💪🏼","🚧 ¡700 metros de topping que transforman a Chiminangos! 🛣️✨

El alcalde Gustavo Vélez supervisa de cerca esta gran obra que mejorará la movilidad y calidad de vida en el sector. 👷‍♂️✅

➡️ Los tulueños están felices porque estas vías nuevas sí se sienten.
⚡ Obras en tiempo récord, bien hechas y con la comunidad como prioridad.

💙 ¡Escuchamos a los tulueños y cumplimos con hechos! Porque son obras #ParaSerFelices 🤩💪🏼",97,"06/27/2025 15:54",N/A,https://www.facebook.com/reel/1304216561266890/,1,0,Reels,,,,,Total,20952,10420,947,660,108,179,414859.724,22.684,0,0,828,828,,,
1172589571575040,100064720237286,"Alcaldía de Tuluá","#Gobierno | Jornada de salud para población privada de la libertad en el CAI Aguaclara

En el marco de las acciones integrales orientadas al bienestar de la población privada de la libertad (PPL), el Hospital Municipal Rubén Cruz Vélez, en articulación con la Secretaría de Gobierno, llevó a cabo una jornada especial de atención en salud en el CAI del corregimiento de Aguaclara.

Lee la noticia completa: ⬇⬇⬇
",,0,"06/27/2025 15:15",N/A,https://www.facebook.com/AlcaldiaDeTulua/posts/pfbid02VSg14zZ25SHKmctNJqhAw7rUYG8gs5qmfFhZitD7jxLnUZS9inY3F8FWSW6mBdQWl,0,0,Enlaces,,,,,Total,2175,1571,26,19,0,7,,,,,19,6,13,,
1172587244908606,100064720237286,"Alcaldía de Tuluá","#Obras | Alcalde Gustavo Vélez supervisa avance de obras viales en Chiminangos.

Dando cumplimiento a lo prometido el pasado viernes durante la entrega del puente Papayal y la vía El Cairo, el alcalde de Tuluá, Gustavo Vélez Román, supervisó el avance de la intervención vial en el barrio Chiminangos, específicamente en el tramo que conecta con la vía recientemente entregada en la zona de Tres Esquinas.

Lee la noticia completa:⬇⬇⬇",,0,"06/27/2025 15:10",N/A,https://www.facebook.com/AlcaldiaDeTulua/posts/pfbid0QwE272cizXsd13hjVKCBEDBqeFsCDdeTzxG82jsaBBezrcpQbKqFsw48dBBCTQvCl,0,0,Enlaces,,,,,Total,5635,3795,157,130,7,20,,,,,124,61,63,,
1172585484908782,100064720237286,"Alcaldía de Tuluá","#BienestarSocial | Tuluá cuenta con su Primer Centro Demostrativo para la Primera Infancia.

Tuluá marca un hito en el bienestar infantil con la apertura de su Primer Centro Demostrativo para la Primera Infancia, una iniciativa que nace de la articulación entre la Administración Municipal, United Way Colombia y la Fundación Levapan.

Lee la noticia completa:⬇⬇⬇",,0,"06/27/2025 15:07",N/A,https://www.facebook.com/AlcaldiaDeTulua/posts/pfbid0jKzMLgsHJmPwBnKwqgyjLYeDDXBGkD81WLBUpj7eHf8S2kvpSRGPFXcAa1Bcwo3Xl,0,0,Enlaces,,,,,Total,3332,2434,59,43,4,12,,,,,94,33,61,,
1172580641575933,100064720237286,"Alcaldía de Tuluá","#SEDAMA | Alcaldía apoya producción apícola en vereda Maravelez

Buscando fortalecer las unidades productivas y apoyar a los pequeños productores en el inicio de su proceso de apicultura, una actividad con alto potencial para la economía rural y el cuidado ambiental, la Administración Municipal, en cumplimiento del compromiso del alcalde Gustavo Vélez Román con el desarrollo del campo tulueño, realizó la entrega de 18 cajonerías apícolas en la vereda Maravelez, zona rural montañosa del municipio. 

Lee la noticia completa: ⬇⬇⬇",,0,"06/27/2025 14:55",N/A,https://www.facebook.com/AlcaldiaDeTulua/posts/pfbid02BHfn4sQ4jZyu1LfFMosaen6aJoY2LyGboGuhRur16xy7eqj578BUQVPm4qesLuzql,0,0,Enlaces,,,,,Total,1958,1428,43,32,1,10,,,,,24,5,19,,
1172543954912935,100064720237286,"Alcaldía de Tuluá","🚜 ¡Llegamos a Maravelez, con insumos agrícolas!🐝🍯

Con esta dotación, impulsamos la apicultura como una alternativa productiva sostenible en la zona rural montañosa de Tuluá.

Son 18 cajonerías apícolas entregadas, fortalecemos el trabajo de nuestros campesinos, acompañadas de asistencia técnica permanente. ¡Así cumplimos con hechos en el campo tulueño! 🌿💙💪🏼 #ParaSerFelices","🚜 ¡Llegamos a Maravelez, con insumos agrícolas!🐝🍯

Con esta dotación, impulsamos la apicultura como una alternativa productiva sostenible en la zona rural montañosa de Tuluá.

Son 18 cajonerías apícolas entregadas, fortalecemos el trabajo de nuestros campesinos, acompañadas de asistencia técnica permanente. ¡Así cumplimos con hechos en el campo tulueño! 🌿💙💪🏼 #ParaSerFelices",44,"06/27/2025 13:33",N/A,https://www.facebook.com/reel/1376310333639424/,1,0,Reels,,,,,Total,2689,1458,72,57,1,14,29099.357,12.478,0,0,59,59,,,
1172357491598248,100064720237286,"Alcaldía de Tuluá","¡Gran noticia para Tuluá! 🎉 

Hoy, se lanza el primer Centro Demostrativo para Primera Infancia, gracias a la gestión conjunta de la Administración Municipal, United Way Colombia, Fundación Levapan y la Secretaría de Bienestar Social. 🙌 Un espacio para el desarrollo y el bienestar de nuestros niños y niñas. 🌟 #Tuluá #PrimeraInfancia #ParaSerFelices💙","¡Gran noticia para Tuluá! 🎉 

Hoy, se lanza el primer Centro Demostrativo para Primera Infancia, gracias a la gestión conjunta de la Administración Municipal, United Way Colombia, Fundación Levapan y la Secretaría de Bienestar Social. 🙌 Un espacio para el desarrollo y el bienestar de nuestros niños y niñas. 🌟 #Tuluá #PrimeraInfancia #ParaSerFelices💙",62,"06/27/2025 08:14",N/A,https://www.facebook.com/AlcaldiaDeTulua/videos/736430038753433/,0,0,Videos,,,,,Total,4154,2267,230,180,4,46,51672.524,13.783,0,0,176,176,,0,
1172271331606864,100064720237286,"Alcaldía de Tuluá","💙 ¡Más de 1000 certificados de discapacidad entregados en Tuluá!

Después de más de 3 años de espera, Brian, tulueño con discapacidad, recibió su certificado gracias al acompañamiento de la Secretaría de Salud Municipal y el compromiso del alcalde Gustavo Vélez con una Tuluá más incluyente.

📄 Este documento no solo reconoce derechos, también abre la puerta a oportunidades, beneficios y atención diferencial.

🧑‍🦽 Con este, ya son más de 1.000 certificados entregados en 2024 y 2025, por una ciudad donde todos tengan acceso a lo que merecen.

📍 Si lo necesitas, acércate al segundo piso del Centro Comercial Bicentenario Plaza. ¡Estamos para ayudarte! #ParaSerFelices","💙 ¡Más de 1000 certificados de discapacidad entregados en Tuluá!

Después de más de 3 años de espera, Brian, tulueño con discapacidad, recibió su certificado gracias al acompañamiento de la Secretaría de Salud Municipal y el compromiso del alcalde Gustavo Vélez con una Tuluá más incluyente.

📄 Este documento no solo reconoce derechos, también abre la puerta a oportunidades, beneficios y atención diferencial.

🧑‍🦽 Con este, ya son más de 1.000 certificados entregados en 2024 y 2025, por una ciudad donde todos tengan acceso a lo que merecen.

📍 Si lo necesitas, acércate al segundo piso del Centro Comercial Bicentenario Plaza. ¡Estamos para ayudarte! #ParaSerFelices",48,"06/27/2025 06:01",N/A,https://www.facebook.com/reel/4155229878043321/,1,0,Reels,,,,,Total,2111,1394,83,64,0,19,18283.28,9.552,0,0,37,37,,,
1171763394990991,100064720237286,"Alcaldía de Tuluá","#Movilidad | Nuevo tramo vial en la calle 27 mejorará la movilidad en el centro de Tuluá

Con el propósito de optimizar la movilidad en el centro del municipio y facilitar el desplazamiento de los ciudadanos, el Departamento de Movilidad y Seguridad Vial de Tuluá pondrá en funcionamiento un nuevo cruce semafórico en el nuevo tramo vial de la carrera 20 con el nuevo carril de la calle 27.

Lee la noticia completa:⬇⬇⬇
",,0,"06/26/2025 14:40",N/A,https://www.facebook.com/AlcaldiaDeTulua/posts/pfbid02Wv5LRUkn4UVvQkeQFK7Rn8pFzg8j2MquZBKuqwyfX6iH3TT9Rg4UUmbX6NZWWtkgl,0,0,Enlaces,,,,,Total,4485,3389,49,34,9,6,,,,,169,51,118,,
1171554111678586,100064720237286,"Alcaldía de Tuluá","📢 ¡Atención beneficiarios de Renta Ciudadana y Devolución del IVA!

Desde el 26 de junio hasta el 13 de julio estarán disponibles los pagos, tanto para bancarizados como por modalidad de giro. 💰✅

El alcalde @gustavovelezr te invita a consultar si haces parte de los nuevos beneficiarios del grupo A del Sisbén.
📍 Acércate al segundo piso del CC Bicentenario Plaza, oficina de Renta Ciudadana, y verifica tu medio de pago.

¡No dejes pasar esta oportunidad! 🔎👥","📢 ¡Atención beneficiarios de Renta Ciudadana y Devolución del IVA!

Desde el 26 de junio hasta el 13 de julio estarán disponibles los pagos, tanto para bancarizados como por modalidad de giro. 💰✅

El alcalde @gustavovelezr te invita a consultar si haces parte de los nuevos beneficiarios del grupo A del Sisbén.
📍 Acércate al segundo piso del CC Bicentenario Plaza, oficina de Renta Ciudadana, y verifica tu medio de pago.

¡No dejes pasar esta oportunidad! 🔎👥",34,"06/26/2025 09:02",N/A,https://www.facebook.com/reel/740622135125357/,1,0,Reels,,,,,Total,39827,30677,650,541,36,73,523686.088,16.381,0,0,443,443,,,
1171499271684070,100064720237286,"Alcaldía de Tuluá","🚦✅ ¡Reubicación de cruce semafórico en la Carrera 20!

Después de culminar las obras en este importante tramo, ya quedó habilitado el nuevo sentido norte-sur entre la calle 27 y la calle 28, una medida que mejora la movilidad y ayuda a descongestionar el centro de Tuluá. 🚗💨

Seguimos entregando vías funcionales, seguras y pensadas #ParaSerFelices 💙","🚦✅ ¡Reubicación de cruce semafórico en la Carrera 20!

Después de culminar las obras en este importante tramo, ya quedó habilitado el nuevo sentido norte-sur entre la calle 27 y la calle 28, una medida que mejora la movilidad y ayuda a descongestionar el centro de Tuluá. 🚗💨

Seguimos entregando vías funcionales, seguras y pensadas #ParaSerFelices 💙",77,"06/26/2025 07:41",N/A,https://www.facebook.com/reel/630388802703799/,1,0,Reels,,,,,Total,10366,4560,398,242,87,69,257863.691,30.465,0,0,889,889,,,
1170971055070225,100064720237286,"Alcaldía de Tuluá","🚧 ¡El barrio Chiminangos estrena vías! 💪
Hoy estuvimos en la vía Tres Esquinas, donde realizamos trabajos de mejoramiento con topping desde la diagonal 23 hasta la transversal 12.
💥 ¡En tiempo récord recuperamos esta vía que tanto lo necesitaba y que hoy ya es una realidad!

Estamos comprometidos con mejorar las entradas y salidas de los barrios del occidente del municipio.
Estas son obras pensadas #ParaSerFelices 💙👷🏼‍♂️","🚧 ¡El barrio Chiminangos estrena vías! 💪
Hoy estuvimos en la vía Tres Esquinas, donde realizamos trabajos de mejoramiento con topping desde la diagonal 23 hasta la transversal 12.
💥 ¡En tiempo récord recuperamos esta vía que tanto lo necesitaba y que hoy ya es una realidad!

Estamos comprometidos con mejorar las entradas y salidas de los barrios del occidente del municipio.
Estas son obras pensadas #ParaSerFelices 💙👷🏼‍♂️",48,"06/25/2025 16:36",uploaded,https://www.facebook.com/reel/3571230553185496/,1,0,Reels,,,,,Total,19667,9853,1013,753,117,143,256172.322,14.748,0,0,622,621,1,,
1170882235079107,100064720237286,"Alcaldía de Tuluá","🚧💙 ¡Seguimos recorriendo los caminos de la transformación!

Con el alcalde Gustavo Vélez seguimos visitando cada una de las obras activas en nuestra ciudad, en diálogo directo con la comunidad, socializando avances, escuchando inquietudes y proyectando nuevas acciones que sigan mejorando la calidad de vida de los tulueños. 👷‍♂️🏘️

Compartimos con las familias, verificamos el correcto desarrollo de cada intervención y reafirmamos nuestro compromiso con una Tuluá donde todos podamos vivir mejor. 🌟👨‍👩‍👧‍👦 #ParaSerFelices",,0,"06/25/2025 13:35",N/A,https://www.facebook.com/AlcaldiaDeTulua/posts/pfbid02dYw1RgSZdiGfb7eKZcDPy9AytrVB3VwioqXtbwXvZzKWE5SMxsVbC5EVRpFoz4Rkl,0,0,Fotos,,,,,Total,19669,11343,287,196,10,81,,,,,1547,451,,,1096
1170761981757799,100064720237286,"Alcaldía de Tuluá","#Salud | Tulueño obtiene certificado de discapacidad después de 3 años de espera.

Luego de más de tres años de espera, Brian, ciudadano tulueño con discapacidad, recibió oficialmente su certificado de discapacidad, gracias al acompañamiento de la Secretaría de Salud Municipal y al proceso de caracterización que adelanta la Administración del alcalde Gustavo Vélez.

Lee la noticia completa: ⬇⬇⬇
",,0,"06/25/2025 10:23",N/A,https://www.facebook.com/AlcaldiaDeTulua/posts/pfbid02NYrYd2U7KEDpnr6UmwwdgqkV1bpbSUPYyFW4e8MoMHRH4yTXU7LWTh5AvoJMWn2Al,0,0,Enlaces,,,,,Total,5617,3783,56,43,2,11,,,,,192,82,110,,
1170739068426757,100064720237286,"Alcaldía de Tuluá","#Seguridad | Nuevos insumos para el Centro Transitorio de Adolescentes.

Con una nueva dotación de ropa, kits de aseo personal y otros insumos esenciales, la Administración Municipal de Tuluá refuerza las condiciones dignas de custodia, cuidado y protección para los adolescentes vinculados al Sistema de Responsabilidad Penal. Esta entrega, dirigida al Centro Transitorio para Adolescentes (CETRA), busca garantizar una atención humanizada durante las primeras 36 horas de permanencia de los jóvenes en este espacio, cumpliendo con lo establecido por la ley y los protocolos de atención integral.

Lee la noticia completa: ⬇⬇⬇
",,0,"06/25/2025 09:50",N/A,https://www.facebook.com/AlcaldiaDeTulua/posts/pfbid02xQZYqCMgKvNFirV2PkPfeyfJgmE8XTuLdAyyrrJYTctcVjwDEP4WFpJ9BQnQcNrml,0,0,Enlaces,,,,,Total,2016,1446,21,20,0,1,,,,,53,6,47,,
1170615831772414,100064720237286,"Alcaldía de Tuluá","#Turismo |📈 ¡La Feria de Tuluá 2025 fue un motor para el turismo! 🏨✈️

Gracias a nuestra Feria, Tuluá recibió más de 4.200 visitantes entre nacionales, internacionales y del Valle, alcanzando una ocupación hotelera del 57% 📊💼

Este importante movimiento turístico generó más de $1.600 millones en ingresos 💰 dinamizando el comercio, la gastronomía, el transporte y la economía local 🚖🍽️🛍️

Eventos como este nos consolidan como un destino cultural y tradicional del Valle del Cauca💙✌ #ParaSerFelices 

Fuente: SITUR (Sistema de Información Turística Regional)

Lee la noticia completa:⬇⬇⬇
https://tulua.gov.co/publicaciones/6260/nuevos-insumos-para-el-centro-transitorio-de-adolescentes/",,0,"06/25/2025 07:19",N/A,https://www.facebook.com/AlcaldiaDeTulua/posts/pfbid02VK8wf1Ua27UEkimgRyfts5KfxLbgc8FeXPaUhxThG52FgxsaP948fYjZyHmpo48Xl,0,0,Fotos,,,,,Total,5265,3309,84,60,11,13,,,,,371,195,,,176
1170097275157603,100064720237286,"Alcaldía de Tuluá","#FeriadeTuluá2025 | BALANCE - Con más de 2.000 empleos generados, reactivación comercial y cultural, Tuluá cerró una feria que nos unió como ciudad

La Feria de Tuluá en su versión No. 67 cerró con un balance ampliamente positivo, consolidándose como una de las vitrinas comerciales y culturales más importantes del centro y norte del Valle. Cerca de 80 mil personas visitaron el Coliseo de Ferias, generando un ambiente de dinamismo económico que fortaleció el comercio local y permitió una importante circulación de recursos dentro del municipio, consolidándose como un motor de oportunidades reales para los tulueños.

Lee la noticia completa: ⬇⬇⬇
",,0,"06/24/2025 16:03",N/A,https://www.facebook.com/AlcaldiaDeTulua/posts/pfbid0wFqRQb7YXZXSv6xAicszGPqw6ZwWnkE6PqwT4K8USpZY1VgxCuo9E5fWP2z8DGqEl,0,0,Enlaces,,,,,Total,12785,8686,234,168,47,19,,,,,630,524,106,,
1169319701902027,100064720237286,"Alcaldía de Tuluá","🎠👧👦 ¡Tuluá vivió una cabalgata llena de imaginación y alegría!

La Cabalgata Infantil de Caballitos de Palo reunió a más de 600 pequeños jinetes, que con creatividad, ternura y entusiasmo recorrieron las calles desde el Parque del Barrio Popular hasta el Coliseo de Ferias. 🐴🌈🎊 #ParaSerFelices","🎠👧👦 ¡Tuluá vivió una cabalgata llena de imaginación y alegría!

La Cabalgata Infantil de Caballitos de Palo reunió a más de 600 pequeños jinetes, que con creatividad, ternura y entusiasmo recorrieron las calles desde el Parque del Barrio Popular hasta el Coliseo de Ferias. 🐴🌈🎊 #ParaSerFelices",49,"06/23/2025 16:28",auto,https://www.facebook.com/reel/693436320137423/,1,0,Reels,,,,,Total,4077,3225,72,54,8,10,33177.023,8.911,0,0,82,82,,,
1169303348570329,100064720237286,"Alcaldía de Tuluá","🎭🎮 ¡Concurso Cosplay en la #67FeriaDeTuluá!

En el Pabellón de Ciencia, Tecnología e Innovación, vive la magia del Game Over Fest, donde llegan los mejores cosplayers del Valle del Cauca a mostrar todo su talento, creatividad y pasión. 🧑🏻‍💻✨

¡No te lo pierdas! La feria también se vive con color, fantasía y tecnología. 🚀💥","🎭🎮 ¡Concurso Cosplay en la #67FeriaDeTuluá!

En el Pabellón de Ciencia, Tecnología e Innovación, vive la magia del Game Over Fest, donde llegan los mejores cosplayers del Valle del Cauca a mostrar todo su talento, creatividad y pasión. 🧑🏻‍💻✨

¡No te lo pierdas! La feria también se vive con color, fantasía y tecnología. 🚀💥",55,"06/23/2025 15:50",N/A,https://www.facebook.com/reel/728164602915512/,1,0,Reels,,,,,Total,2628,1912,63,48,1,14,19668.608,8.452,0,0,54,54,,,
1025754893062934,100064720237286,"Alcaldía de Tuluá","Magazín Alcaldia N.67 Feria de Tuluá","Magazín Alcaldia N.67 Feria de Tuluá
#ParaSerFelices",4398,"06/23/2025 13:58",uploaded,https://www.facebook.com/AlcaldiaDeTulua/videos/1025754893062934/,0,0,"En vivo",,,,,Total,4589,2219,110,90,11,9,40665.668,10.209,0,0,105,105,,0,
1169225008578163,100064720237286,"Alcaldía de Tuluá","🍬✨ ¡Hoy es el último día para disfrutar la Plaza del Mecato!

Ven y recorre este delicioso espacio lleno de emprendimientos artesanales, sabores únicos y mucho talento local. 🛍️🍭

📍Te esperamos en el Coliseo de Ferias. ¡No te quedes sin probar lo mejor del mecato vallecaucano!🎉","🍬✨ ¡Hoy es el último día para disfrutar la Plaza del Mecato!

Ven y recorre este delicioso espacio lleno de emprendimientos artesanales, sabores únicos y mucho talento local. 🛍️🍭

📍Te esperamos en el Coliseo de Ferias. ¡No te quedes sin probar lo mejor del mecato vallecaucano!🎉",49,"06/23/2025 13:02",uploaded,https://www.facebook.com/reel/1292487642440666/,1,0,Reels,,,,,Total,1671,1330,30,22,0,8,7377.888,4.775,0,0,12,12,,,
1169173258583338,100064720237286,"Alcaldía de Tuluá","#FeriadeTuluá2025 | La Feria de Tuluá abrió paso a la inclusión con su primera “Pasarela Sin Barreras”

Por primera vez en la Feria de Tuluá, se llevó a cabo la “Pasarela Sin Barreras”, un evento liderado por la Secretaría de Bienestar Social que reunió a más de 20 niños, jóvenes y adultos con discapacidad, quienes demostraron que en Tuluá la inclusión es una realidad y que todos tienen un lugar en los espacios culturales y sociales del municipio.

Lee la noticia completa:⬇⬇⬇
",,0,"06/23/2025 11:22",N/A,https://www.facebook.com/AlcaldiaDeTulua/posts/pfbid0389HdKC6GvmkJvKHN7YxGMZ6bsTP1DQktGoyFZ25RZMApLADWpSGkyMv5zaoX25yHl,0,0,Enlaces,,,,,Total,8841,5779,121,100,4,17,,,,,273,32,241,,
1169172915250039,100064720237286,"Alcaldía de Tuluá","#FeriadeTuluá2025 | Cabalgata infantil reunió a 600 niños en Tuluá

Uno de los eventos más entrañables de la Feria de Tuluá volvió a llenar las calles de sonrisas y tradición: la Gran Cabalgata de Caballitos de Palo, que en esta versión número 67 reunió a más de 600 niños y  niñas, en una jornada cargada de alegría, color y orgullo por lo nuestro.

Lee la noticia completa:
",,0,"06/23/2025 11:22",N/A,https://www.facebook.com/AlcaldiaDeTulua/posts/pfbid02sgZ5Nhj93q51gWTGuKfatTBggdzb5aZjVKKTxmvQ3WCxYSggtESAaaqxgHpEQNbwl,0,0,Enlaces,,,,,Total,3426,2570,39,30,2,7,,,,,72,35,37,,
1169142328586431,100064720237286,"Alcaldía de Tuluá","#FeriadeTuluá2025 | Ni la lluvia detuvo las rimas: Tuluá vivió una noche inolvidable con el primer festival de trovas.

Con una masiva asistencia y un ambiente cargado de humor e ingenio, Tuluá vivió el Primer Festival Nacional de la Trova, un evento que reunió a siete reconocidos artistas de distintas regiones del país en el Coliseo de Ferias Manuel Victoria Rojas. A pesar de la lluvia, que se presentó, el festival se llevó a cabo con total éxito y fue ampliamente celebrada por el público tulueño, que disfrutó de una noche de talento, rimas improvisadas y tradición oral en el marco de la Feria de Tuluá 2025.

Lee la noticia completa:⬇⬇⬇
",,0,"06/23/2025 10:34",N/A,https://www.facebook.com/AlcaldiaDeTulua/posts/pfbid0fgZNEKhbyuckqVVmsw3dCJN1MHvvPRBocaHtoYYDuKHjmVtDqQgCpjrVWmVfktSwl,0,0,Enlaces,,,,,Total,8067,6525,73,60,3,10,,,,,99,35,64,,
1169139088586755,100064720237286,"Alcaldía de Tuluá","🐴🎠✨ ¡La tradición y la ternura se tomaron las calles de Tuluá! 

Vivimos la Cabalgata Infantil de Caballitos de Palo 🧒👧, donde más de 600 niños  llenaron de color, sonrisas y alegría el recorrido desde el Parque del Barrio Popular hasta el Coliseo de Ferias 🎊🌈🚶‍♂️🚶‍♀️

Un evento lleno de magia que está cerrando con broche de oro nuestra querida Feria de Tuluá 🎉❤️",,0,"06/23/2025 10:30",N/A,https://www.facebook.com/AlcaldiaDeTulua/posts/pfbid02g2Ko3nQeaokxh9yE1pE1HmHMvNebQ6YNYQPBvRW4QBezbhGUX2vnu9naAJhTUqbsl,0,0,Fotos,,,,,Total,41439,23665,388,331,15,42,,,,,5479,1320,,,4159
1169137055253625,100064720237286,"Alcaldía de Tuluá","#FeriadeTuluá2025 | Plazoleta del Mecato: Epicentro de la reactivación económica.

La reactivación económica de los emprendedores tulueños continúa siendo una realidad palpable en espacios como la Plaza del Mecato, uno de los escenarios más representativos de la feria. En tan solo los dos primeros días de la versión número 67 de la Feria de Tuluá, dos emprendedores locales lograron agotar por completo su inventario de productos, superando en tiempo récord lo que habían proyectado vender durante los cuatro días de feria.

Lee la noticia completa: ⬇⬇⬇
",,0,"06/23/2025 10:28",N/A,https://www.facebook.com/AlcaldiaDeTulua/posts/pfbid0Za4beTqAVgWZXahPc8Bz1xft7mWXaxyWp1fYqnUvqRGozmPL7B1pp1MH3UuGti1ml,0,0,Enlaces,,,,,Total,6764,5486,62,49,5,8,,,,,143,80,63,,
1169134925253838,100064720237286,"Alcaldía de Tuluá","#FeriadeTuluá2025 | Más de 3.000 tulueños vibraron con el espectáculo de Delirio en el Pueblito Artesanal.

Más de 3.000 tulueños llenaron por completo el Pueblito Artesanal para disfrutar de una noche inolvidable, con el espectáculo estelar de Delirio, un show que combinó salsa, circo, luces, color y toda la energía de la cultura caleña. La puesta en escena deslumbró al público con su nivel técnico, coreográfico y visual, convirtiéndose en uno de los eventos más impactantes de la programación nocturna de este fin de semana.

Lee la noticia completa:⬇⬇⬇
",,0,"06/23/2025 10:26",N/A,https://www.facebook.com/AlcaldiaDeTulua/posts/pfbid01BsGAyu8Pjuae7tKNbmmZH5sMWJgParRFPnp5WQNG6SXimaBuRSZ3qrSoyNQemvvl,0,0,Enlaces,,,,,Total,2470,1852,34,28,0,6,,,,,17,8,9,,
1169050465262284,100064720237286,"Alcaldía de Tuluá","🎤😄 ¡Tuluá se gozó el 1er Festival de la Trova!

Con rimas ingeniosas y mucho humor, los tulueños vivieron una tarde-noche divertida, llena de carcajadas y talento nacional. 🎶🔥

Estos fueron los grandes ganadores de la noche:
👑 Rey: Cacao
🥈 Virrey: Carriel
🥉 Príncipe: Veneno
🎖️ Conde: El Paisano

¡La trova también hace parte de esta feria que es #ParaSerFelices! 💛🎭",,0,"06/23/2025 08:14",N/A,https://www.facebook.com/AlcaldiaDeTulua/posts/pfbid02Xivj5fBCAxfMeS8vA6Rtcmj3sArXgHM3WtRBvuZEDs5iNsRVauZas62K49FZZiKRl,0,0,Fotos,,,,,Total,22154,14477,139,126,2,11,,,,,2129,527,,,1602
1169035411930456,100064720237286,"Alcaldía de Tuluá","🐴🎉 ¡La cabalgata infantil de caballitos de palo ya está en marcha!

Ven y disfruta de este hermoso evento familiar en el barrio Popular, donde más de 300 niños ya iniciaron el recorrido hacia el Coliseo de Ferias. 👧👦✨

Te esperamos con alegría en el Parque del Barrio Popular, en el marco de nuestra #67FeriaDeTuluá 🎠🎈

¡No te lo pierdas! ¡La feria también es para los más pequeños! 💛💙💪🏼","🐴🎉 ¡La cabalgata infantil de caballitos de palo ya está en marcha!

Ven y disfruta de este hermoso evento familiar en el barrio Popular, donde más de 300 niños ya iniciaron el recorrido hacia el Coliseo de Ferias. 👧👦✨

Te esperamos con alegría en el Parque del Barrio Popular, en el marco de nuestra #67FeriaDeTuluá 🎠🎈

¡No te lo pierdas! ¡La feria también es para los más pequeños! 💛💙💪🏼",76,"06/23/2025 07:52",N/A,https://www.facebook.com/AlcaldiaDeTulua/videos/1175872460889901/,0,0,Videos,,,,,Total,6293,5236,260,219,5,36,74878.905,13.503,0,0,312,312,,0,
1168615525305778,100064720237286,"Alcaldía de Tuluá","#FeriadeTuluá2025 | 🎮🔥 Torneo de League of Legends en la #67FeriaDeTuluá

En el Pabellón de Ciencia, Tecnología e Innovación vivimos la emoción del torneo de League of Legends, uno de los juegos más populares del mundo. 🎮🌍

🗓️ Este domingo no te pierdas:
⏰ 9:00 a.m. – Primera semifinal
⏰ 11:10 a.m. – Segunda semifinal
🏆 6:20 p.m. – ¡Gran final!

Y además: 🎭 Concurso de Cosplay, 💃 baile, realidad virtual, microtorneo de fútbol y ¡mucho más!

📍Te esperamos en el Coliseo de Ferias.
¡Aquí la tecnología también hace parte de la feria! 🚀✨","#FeriadeTuluá2025 | 🎮🔥 Torneo de League of Legends en la #67FeriaDeTuluá

En el Pabellón de Ciencia, Tecnología e Innovación vivimos la emoción del torneo de League of Legends, uno de los juegos más populares del mundo. 🎮🌍

🗓️ Este domingo no te pierdas:
⏰ 9:00 a.m. – Primera semifinal
⏰ 11:10 a.m. – Segunda semifinal
🏆 6:20 p.m. – ¡Gran final!

Y además: 🎭 Concurso de Cosplay, 💃 baile, realidad virtual, microtorneo de fútbol y ¡mucho más!

📍Te esperamos en el Coliseo de Ferias.
¡Aquí la tecnología también hace parte de la feria! 🚀✨",72,"06/22/2025 20:11",N/A,https://www.facebook.com/AlcaldiaDeTulua/videos/1097900515486039/,0,0,Videos,,,,,Total,1587,1472,25,18,0,7,5116.475,3.511,0,0,15,15,,0,
1168495461984451,100064720237286,"Alcaldía de Tuluá","🍽️🎉 ¡La Zona de Típicos te espera en la #67FeriaDeTuluá!

Deléitate con lo mejor de nuestra comida tradicional: 🧀 aborrajados con queso de búfala, ☕ café, granizados y mucho más. Todo en un espacio perfecto para disfrutar en familia. 👨‍👩‍👧‍👦💚

📍Visítanos al fondo del Coliseo de Ferias y apoya a nuestros emprendedores locales.
¡La feria también es sabor y tradición! 🛍️🌽 #ParaSerFelices","🍽️🎉 ¡La Zona de Típicos te espera en la #67FeriaDeTuluá!

Deléitate con lo mejor de nuestra comida tradicional: 🧀 aborrajados con queso de búfala, ☕ café, granizados y mucho más. Todo en un espacio perfecto para disfrutar en familia. 👨‍👩‍👧‍👦💚

📍Visítanos al fondo del Coliseo de Ferias y apoya a nuestros emprendedores locales.
¡La feria también es sabor y tradición! 🛍️🌽 #ParaSerFelices",44,"06/22/2025 16:21",uploaded,https://www.facebook.com/reel/1443516803631676/,1,0,Reels,,,,,Total,6747,5407,136,117,4,15,66299.832,10.794,0,0,252,252,,,
1168465148654149,100064720237286,"Alcaldía de Tuluá","🥚💙 ¡La Granja Huevo Azul llegó a la #67FeriaDeTuluá!Conoce sus innovadores huevos de cáscara azul, un producto único que está dando de qué hablar 🐔✨Ven al Coliseo de Ferias y descubre esta propuesta diferente y saludable.¡Te esperamos! 👩‍🌾🛒 #ParaSerFelices","🥚💙 ¡La Granja Huevo Azul llegó a la #67FeriaDeTuluá!Conoce sus innovadores huevos de cáscara azul, un producto único que está dando de qué hablar 🐔✨Ven al Coliseo de Ferias y descubre esta propuesta diferente y saludable.¡Te esperamos! 👩‍🌾🛒 #ParaSerFelices",38,"06/22/2025 15:11",N/A,https://www.facebook.com/AlcaldiaDeTulua/videos/1090281779641251/,0,0,Videos,,,,,Total,1438,1335,27,21,0,6,5336.255,4.079,0,0,6,6,,0,
1153345310166133,100064720237286,"Alcaldía de Tuluá","#Noticias | Tuluá celebró 200 años de municipalidad con acto solemne en el Concejo Municipal.

Este acto conmemorativo no solo marcó un hito en la historia local, sino que también reafirmó el espíritu cívico, la identidad tulueña y el sentido de pertenencia, reconociendo a quienes día a día aportan al crecimiento y fortalecimiento de la Villa de Céspedes

Lee la noticia completa: ⬇⬇⬇
",,0,"06/03/2025 09:39",N/A,https://www.facebook.com/AlcaldiaDeTulua/posts/pfbid0MWToQAzuMmyYaFVLrF7KRkC4MuvYRvvD6ECpWz1nGRaE6WEA3h8Fmi2fs732Ar7Sl,0,0,Enlaces,,,,,Total,1456,1078,27,22,1,4,,,,,7,3,4,,
1152495596917771,100064720237286,"Alcaldía de Tuluá","📍¡Socializamos obras en Nariño! 🛠️✅

Con el liderazgo del alcalde @gustavovelezr, anunciamos una inversión de más de 💰 $5.000 millones para transformar la zona urbana y rural del corregimiento.

👂 Escuchamos a la comunidad, atendimos sus inquietudes y resolvimos sus dudas ✅
Ahora llegan obras que mejorarán su calidad de vida 💙💪🏼 #ParaSerFelices","📍¡Socializamos obras en Nariño! 🛠️✅

Con el liderazgo del alcalde @gustavovelezr, anunciamos una inversión de más de 💰 $5.000 millones para transformar la zona urbana y rural del corregimiento.

👂 Escuchamos a la comunidad, atendimos sus inquietudes y resolvimos sus dudas ✅
Ahora llegan obras que mejorarán su calidad de vida 💙💪🏼 #ParaSerFelices",67,"06/02/2025 07:31",uploaded,https://www.facebook.com/reel/710739791416864/,1,0,Reels,,,,,Total,4907,1749,291,213,35,43,49086.486,10.85,0,0,71,71,,,
1168401745327156,100064720237286,"Alcaldía de Tuluá","🐄🏟️ ¡La tradición ganadera también se vive en la #67FeriaDeTuluá! 🇨🇴🐮

En el Coliseo de Ferias, familias enteras han disfrutado del Pabellón de Ganadería, un espacio lleno de historia, fuerza y orgullo rural. 💪🌿

✨ Aquí se realiza la Exposición GYR y F1, donde llegan ejemplares de diferentes regiones del país, mostrando lo mejor de la genética bovina nacional. 🐂👨‍🌾

¡Ven y conoce de cerca estos animales imponentes y disfruta en familia de una feria que lo tiene todo! 🎉👨‍👩‍👧‍👦","🐄🏟️ ¡La tradición ganadera también se vive en la #67FeriaDeTuluá! 🇨🇴🐮

En el Coliseo de Ferias, familias enteras han disfrutado del Pabellón de Ganadería, un espacio lleno de historia, fuerza y orgullo rural. 💪🌿

✨ Aquí se realiza la Exposición GYR y F1, donde llegan ejemplares de diferentes regiones del país, mostrando lo mejor de la genética bovina nacional. 🐂👨‍🌾

¡Ven y conoce de cerca estos animales imponentes y disfruta en familia de una feria que lo tiene todo! 🎉👨‍👩‍👧‍👦",24,"06/22/2025 13:08",mixed,https://www.facebook.com/reel/1311354180346723/,1,0,Reels,,,,,Total,1033,794,20,13,0,7,1964.874,2.051,0,0,1,1,,,
1168338585333472,100064720237286,"Alcaldía de Tuluá","#FeriadeTuluá2025 | Fedequinos presente en nuestra Feria, uno de los jurados de esta área nos habla y nos cuenta su experiencia dentro del Coliseo de Ferias Manuel Victoria Rojas.  #ParaSerFelices  #HayQueSentirla  ✅","#FeriadeTuluá2025 | Fedequinos presente en nuestra Feria, uno de los jurados de esta área nos habla y nos cuenta su experiencia dentro del Coliseo de Ferias Manuel Victoria Rojas.  #ParaSerFelices  #HayQueSentirla  ✅",234,"06/22/2025 11:12",auto,https://www.facebook.com/AlcaldiaDeTulua/videos/723611103943804/,0,0,Videos,,,,,Total,1568,1630,31,24,0,7,10541.608,7.305,0,0,30,30,,0,
1168333572000640,100064720237286,"Alcaldía de Tuluá","🌾💚 ¡Los campesinos llegaron con alegría y así se vivió la Fiesta Campesina! 🎉👒

Desde todas las veredas y corregimiento de la zona rural alta, media y plana, nuestros campesinos tulueños vivieron una jornada llena de música, sabor, tradición y orgullo por lo nuestro 🎶🍲🌿

😄 Con sonrisas sinceras y corazones contentos, disfrutaron de un espacio pensado especialmente para ellos, celebrando su día en el marco de la #67FeriaDeTuluá.

👨‍🌾🤝 Gracias al trabajo articulado con EMTULUÁ, hoy el campo también tiene su lugar en la feria. Porque cuando reconocemos a quienes siembran la vida, cultivamos felicidad. 🌟 ¡Así construimos espacios #ParaSerFelices!","🌾💚 ¡Los campesinos llegaron con alegría y así se vivió la Fiesta Campesina! 🎉👒

Desde todas las veredas y corregimiento de la zona rural alta, media y plana, nuestros campesinos tulueños vivieron una jornada llena de música, sabor, tradición y orgullo por lo nuestro 🎶🍲🌿

😄 Con sonrisas sinceras y corazones contentos, disfrutaron de un espacio pensado especialmente para ellos, celebrando su día en el marco de la #67FeriaDeTuluá.

👨‍🌾🤝 Gracias al trabajo articulado con EMTULUÁ, hoy el campo también tiene su lugar en la feria. Porque cuando reconocemos a quienes siembran la vida, cultivamos felicidad. 🌟 ¡Así construimos espacios #ParaSerFelices!",51,"06/22/2025 11:05",N/A,https://www.facebook.com/reel/596356160179542/,1,0,Reels,,,,,Total,2742,1742,133,68,3,62,18333.008,7.28,0,0,46,46,,,
1168333138667350,100064720237286,"Alcaldía de Tuluá","#FeriadeTuluá2025 |  Más de 3.000 tulueños vibraron con el espectáculo de Delirio en el Pueblito Artesanal

Más de 3.000 tulueños llenaron por completo el Pueblito Artesanal para disfrutar de una noche inolvidable, con el espectáculo estelar de Delirio, un show que combinó salsa, circo, luces, color y toda la energía de la cultura caleña. La puesta en escena deslumbró al público con su nivel técnico, coreográfico y visual, convirtiéndose en uno de los eventos más impactantes de la programación nocturna de este fin de semana.

Lee la noticia completa:
",,0,"06/22/2025 11:05",N/A,https://www.facebook.com/AlcaldiaDeTulua/posts/pfbid0Q6dHKc7v2aW6xE8jjEmfpRKZjFNpQH4TnmKpYbAr1iL6PBokDZ4xbrE2U7W2XGwdl,0,0,Enlaces,,,,,Total,4846,3696,76,58,0,18,,,,,50,19,31,,
1168332518667412,100064720237286,"Alcaldía de Tuluá","#FeriadeTuluá2025 | 🍉🍍 ¡Desde Bogotá con sabor a Valle! 🍓🍧

""Fruticampo"" vuelve a acompañarnos en la #67FeriaDeTuluá, como lo han hecho desde el 2006, trayendo lo mejor en productos a base de frutas naturales: sorbete de guanábana, salpicón, lulada, champús valluno, jugo de sandía, micheladas y muchas delicias más que refrescan el alma y llenan de sabor la feria 🍹🍓💚

Son emprendedores que creen en Tuluá, que cada año llegan felices al Coliseo de Ferias a compartir su pasión por lo natural y a aportar a la economía local con productos frescos y hechos con amor 🛍️✨

🌟 ¡Aquí la economía se mueve con emprendimiento, sabor y trabajo conjunto! #ParaSerFelices  #HayQueSentirla","#FeriadeTuluá2025 | 🍉🍍 ¡Desde Bogotá con sabor a Valle! 🍓🍧

""Fruticampo"" vuelve a acompañarnos en la #67FeriaDeTuluá, como lo han hecho desde el 2006, trayendo lo mejor en productos a base de frutas naturales: sorbete de guanábana, salpicón, lulada, champús valluno, jugo de sandía, micheladas y muchas delicias más que refrescan el alma y llenan de sabor la feria 🍹🍓💚

Son emprendedores que creen en Tuluá, que cada año llegan felices al Coliseo de Ferias a compartir su pasión por lo natural y a aportar a la economía local con productos frescos y hechos con amor 🛍️✨

🌟 ¡Aquí la economía se mueve con emprendimiento, sabor y trabajo conjunto! #ParaSerFelices  #HayQueSentirla",107,"06/22/2025 11:04",N/A,https://www.facebook.com/AlcaldiaDeTulua/videos/1173547297789609/,0,0,Videos,,,,,Total,1295,1212,38,25,0,13,5207.233,4.386,0,0,14,14,,0,
1168305772003420,100064720237286,"Alcaldía de Tuluá","#FeriadeTuluá2025 | Alcalde presentó primer bus eléctrico como apuesta por un transporte más limpio y moderno

En el marco de la Feria de Tuluá en su versión número 67, el alcalde Gustavo Adolfo Vélez Román presentó oficialmente el prototipo del primer bus eléctrico que hará parte del sistema de transporte colectivo urbano del municipio.

Lee la noticia completa:⬇️⬇️⬇️
",,0,"06/22/2025 10:25",N/A,https://www.facebook.com/AlcaldiaDeTulua/posts/pfbid025Do2fseDXe9QHJNqxJ61eeiooQcmM4osRoVATgz2SuSGQUKftHByTAsd6NY3LVrql,0,0,Enlaces,,,,,Total,2829,2071,54,41,3,10,,,,,41,12,29,,
1168284655338865,100064720237286,"Alcaldía de Tuluá","#FeriadeTuluá2025 | Nuestros expositores y emprendedores están listos para recibirte con los brazos abiertos, ven ahora y visita la Estación del Ferrocarril y el Hospital San Antonio, dentro del Coliseo de Ferias. ¡Ven ahora! #ParaSerFelices #HayQueSentirla","#FeriadeTuluá2025 | Nuestros expositores y emprendedores están listos para recibirte con los brazos abiertos, ven ahora y visita la Estación del Ferrocarril y el Hospital San Antonio, dentro del Coliseo de Ferias. ¡Ven ahora! #ParaSerFelices #HayQueSentirla",260,"06/22/2025 09:53",N/A,https://www.facebook.com/AlcaldiaDeTulua/videos/1790577898193285/,0,0,Videos,,,,,Total,968,936,25,17,0,8,3051.362,3.491,0,0,11,11,,0,
1168268028673861,100064720237286,"Alcaldía de Tuluá","🌾🎉 ¡La tradición campesina volvió a brillar en la Feria de Tuluá! 💚👒

Más de 3.000 campesinos de la zona alta, media y plana del municipio, provenientes de sectores como Barragán, Puerto Frazadas, Tochecito, San Rafael, entre otros, disfrutaron del gran Reencuentro Campesino, una jornada llena de alegría, sabor y raíces 🌄🎶

🥣 Desayuno, almuerzo, merienda, cocteles, música en vivo y lo mejor del espíritu rural hicieron de este domingo una verdadera fiesta para el alma 💃🎤🌽

Este emotivo encuentro se realizó en articulación con EMTULUÁ y la Secretaría de Desarrollo Agropecuario y Medio Ambiente de la Alcaldía de Tuluá, reafirmando el compromiso con quienes cultivan el corazón de nuestra tierra 🌱🤝 #ParaSerFelices #HayQueSentirla",,0,"06/22/2025 09:31",N/A,https://www.facebook.com/AlcaldiaDeTulua/posts/pfbid0Yr8J5seoqionBTKvKZHKR2Nnp5JSfiu9161FtmLAo2bxqi3h5mXp2DoQC642FZEil,0,0,Fotos,,,,,Total,24893,14430,350,292,12,46,,,,,3110,973,,,2137
1168230035344327,100064720237286,"Alcaldía de Tuluá","#FeriadeTuluá2025 | 🌺🏆 ¡Las flores también compiten en la Feria de Tuluá! 🌿✨

En el Pabellón de Plantas Ornamentales se llevó a cabo el juzgamiento y premiación de orquídeas y bonsáis, con expertos jueces de Pereira, Armenia, Cali y Buga 🌸🎋🔍
Cada especie fue evaluada por su belleza, técnica y categoría, resaltando lo mejor de la naturaleza hecha arte 💫🌼

💐 Ven y visita esta zona única, donde los sueños florecen y cada planta cuenta una historia de dedicación y amor por lo natural 🌷🪴

📍Te esperamos en el Coliseo de Ferias Manuel Victoria Rojas.
¡Descúbrelo y enamórate de este jardín vivo! 🌿💖 #HayQueSentirla  #ParaSerFelices",,0,"06/22/2025 08:43",N/A,https://www.facebook.com/AlcaldiaDeTulua/posts/pfbid0tVJAgfeqpcWBskJvFxgv4fkytoRauJPZp9QYmHJpiLfdHbzqGsvj4mA7FYKmHZwil,0,0,Fotos,,,,,Total,5810,3941,69,59,1,9,,,,,396,69,,,327
1168208445346486,100064720237286,"Alcaldía de Tuluá","#FeriadeTuluá2025 | Ven y conoce la Plaza del Mecato, un espacio mágico lleno de sabores y colores, con más de 40 expositores de diferentes municipios del Valle del Cauca, no te lo pierdas.","#FeriadeTuluá2025 | Ven y conoce la Plaza del Mecato, un espacio mágico lleno de sabores y colores, con más de 40 expositores de diferentes municipios del Valle del Cauca, no te lo pierdas.",107,"06/22/2025 08:13",N/A,https://www.facebook.com/AlcaldiaDeTulua/videos/9836773683111416/,0,0,Videos,,,,,Total,1171,1162,35,23,0,12,4870.902,4.522,0,0,19,19,,0,
1168204848680179,100064720237286,"Alcaldía de Tuluá","#FeriadeTuluá2025 | 🌸✨ Un rincón lleno de vida, color y armonía natural 🌿💫

Déjate maravillar por la belleza del Pabellón de Plantas Ornamentales, un espacio donde las orquídeas, heliconias, bonsáis y flores exóticas despiertan todos tus sentidos 🌺🌼
Sumérgete en un ambiente mágico, lleno de aromas, texturas y místicas sensaciones que solo la naturaleza puede ofrecer 🌿🧘‍♀️🌈

📍 Ven al Coliseo de Ferias Manuel Victoria Rojas y descubre este paraíso floral en la #67FeriaDeTuluá. #HayQueSentirla #ParaSerFelices 
¡Una experiencia que florece en tu corazón! 💚🌷","#FeriadeTuluá2025 | 🌸✨ Un rincón lleno de vida, color y armonía natural 🌿💫

Déjate maravillar por la belleza del Pabellón de Plantas Ornamentales, un espacio donde las orquídeas, heliconias, bonsáis y flores exóticas despiertan todos tus sentidos 🌺🌼
Sumérgete en un ambiente mágico, lleno de aromas, texturas y místicas sensaciones que solo la naturaleza puede ofrecer 🌿🧘‍♀️🌈

📍 Ven al Coliseo de Ferias Manuel Victoria Rojas y descubre este paraíso floral en la #67FeriaDeTuluá. #HayQueSentirla #ParaSerFelices 
¡Una experiencia que florece en tu corazón! 💚🌷",163,"06/22/2025 08:09",mixed,https://www.facebook.com/AlcaldiaDeTulua/videos/1651883962180733/,0,0,Videos,,,,,Total,1391,1426,53,39,0,14,8430.963,6.426,0,0,21,21,,0,
1168198422014155,100064720237286,"Alcaldía de Tuluá","#FeriadeTuluá2025 | 🚀 ¡La tecnología llegó con fuerza a la 67 Feria de Tuluá! 🤖💡

Por primera vez, el Pabellón de Ciencia, Tecnología e Innovación abre sus puertas a una experiencia única: Labs Summit 🧠⚙️
Si te apasiona la Inteligencia Artificial, el networking, la innovación y las ideas que transforman el mundo…
🎯 ¡Este es tu momento!

💬 Conecta, aprende, experimenta y sé parte del futuro que ya está ocurriendo.

📍 Visítanos en el Coliseo de Ferias y vive la revolución tecnológica desde el corazón del Valle.","#FeriadeTuluá2025 | 🚀 ¡La tecnología llegó con fuerza a la 67 Feria de Tuluá! 🤖💡

Por primera vez, el Pabellón de Ciencia, Tecnología e Innovación abre sus puertas a una experiencia única: Labs Summit 🧠⚙️
Si te apasiona la Inteligencia Artificial, el networking, la innovación y las ideas que transforman el mundo…
🎯 ¡Este es tu momento!

💬 Conecta, aprende, experimenta y sé parte del futuro que ya está ocurriendo.

📍 Visítanos en el Coliseo de Ferias y vive la revolución tecnológica desde el corazón del Valle.",49,"06/22/2025 08:01",auto,https://www.facebook.com/AlcaldiaDeTulua/videos/725560857071455/,0,0,Videos,,,,,Total,988,1031,28,20,0,8,3209.054,3.461,0,0,12,12,,0,
1168190182014979,100064720237286,"Alcaldía de Tuluá","🎬 Una experiencia que no se puede contar... ¡hay que vivirla! 💫🔥

DELIRIO no solo fue un espectáculo, fue una explosión de emociones que dejó huella en el corazón de quienes lo vivieron.
Salsa, circo y orquesta se fusionaron en una puesta en escena que rompió todos los esquemas y convirtió la noche en pura magia ✨💃🎪 Gracias @delirio.oficial 🤩😎

Lo que pasó en el Coliseo de Ferias fue inolvidable, irrepetible y profundamente tulueño.
¡Así se escribe la historia de una Feria que se atrevió a soñar en grande! 🌟 #HayQueSentirla #ParaSerFelices","🎬 Una experiencia que no se puede contar... ¡hay que vivirla! 💫🔥

DELIRIO no solo fue un espectáculo, fue una explosión de emociones que dejó huella en el corazón de quienes lo vivieron.
Salsa, circo y orquesta se fusionaron en una puesta en escena que rompió todos los esquemas y convirtió la noche en pura magia ✨💃🎪 Gracias @delirio.oficial 🤩😎

Lo que pasó en el Coliseo de Ferias fue inolvidable, irrepetible y profundamente tulueño.
¡Así se escribe la historia de una Feria que se atrevió a soñar en grande! 🌟 #HayQueSentirla #ParaSerFelices",55,"06/22/2025 07:51",mixed,https://www.facebook.com/reel/572730569240118/,1,0,Reels,,,,,Total,4834,3407,140,115,5,20,31394.888,6.978,0,0,102,102,,,
1168182888682375,100064720237286,"Alcaldía de Tuluá","#FeriadeTuluá2025 | Ven ahora al Coliseo de Ferias Manuel Victoria Rojas y conoce nuestros artesanos.  Hoy con SALMAN COLLECTION, telas frescas y térmicas para tu comodidad y la de tu familia.  ¡Te esperamos!","#FeriadeTuluá2025 | Ven ahora al Coliseo de Ferias Manuel Victoria Rojas y conoce nuestros artesanos.  Hoy con SALMAN COLLECTION, telas frescas y térmicas para tu comodidad y la de tu familia.  ¡Te esperamos!",175,"06/22/2025 07:42",N/A,https://www.facebook.com/AlcaldiaDeTulua/videos/3577304222402248/,0,0,Videos,,,,,Total,1172,1112,36,22,0,14,6353.154,5.92,0,0,20,20,,0,
1167864328714231,100064720237286,"Alcaldía de Tuluá","🌟 DELIRIO encendió la magia en la 67 Feria de Tuluá 💃🎪🎷

Por primera vez, el Coliseo de Ferias Manuel Victoria Rojas fue el escenario de @delirio.oficial Salsa, Circo y Orquesta, un show que desbordó arte, ritmo y emoción ✨🎭💫
Más de 3.000 tulueños vibraron con esta noche inolvidable en el corazón del Pueblito Artesanal 🏡🔥
💃 Música, luces, colores y mucho sabor caleño hicieron de este sábado de salsa una verdadera fiesta para el alma 🎉🎶🕺

¡La salsa se vive, la feria se siente y Tuluá baila feliz! 💙💃🌈
#67FeriaDeTuluá #ParaSerFelices #HayQueSentirla",,0,"06/21/2025 22:37",N/A,https://www.facebook.com/AlcaldiaDeTulua/posts/pfbid02rMn9GE9aQSqQiXrBDjqfRJzfp1ottWrJyCaigxdMKQgJdnEtzeSPbch4Wq7F3Zcsl,0,0,Fotos,,,,,Total,15386,10409,205,166,9,30,,,,,1297,425,,,872
1167687602065237,100064720237286,"Alcaldía de Tuluá","#FeriaDeTuluá |🌿✨ ¡La esencia BoHo también llegó a la Feria de Tuluá 2025! ✨🌿

Hoy conversamos con la coordinadora de la Feria BoHo de Tuluá, un espacio que impulsa el talento local, el emprendimiento creativo y el estilo de vida consciente.

🛍️ Más de 30 marcas llenas de color, arte y originalidad se tomaron el Coliseo de Ferias para mostrar lo mejor del diseño, la moda, los accesorios y la gastronomía alternativa.

🎥 No te pierdas esta entrevista y descubre cómo esta feria se ha convertido en una vitrina única para emprendedores y en un plan ideal para disfrutar en familia.💙✌

#FeriaBohoTuluá #FeriaDeTuluá2025 #EstiloBoho #EmprendimientoLocal #HayQueSentirla #ParaSerFelices","#FeriaDeTuluá |🌿✨ ¡La esencia BoHo también llegó a la Feria de Tuluá 2025! ✨🌿

Hoy conversamos con la coordinadora de la Feria BoHo de Tuluá, un espacio que impulsa el talento local, el emprendimiento creativo y el estilo de vida consciente.

🛍️ Más de 30 marcas llenas de color, arte y originalidad se tomaron el Coliseo de Ferias para mostrar lo mejor del diseño, la moda, los accesorios y la gastronomía alternativa.

🎥 No te pierdas esta entrevista y descubre cómo esta feria se ha convertido en una vitrina única para emprendedores y en un plan ideal para disfrutar en familia.💙✌

#FeriaBohoTuluá #FeriaDeTuluá2025 #EstiloBoho #EmprendimientoLocal #HayQueSentirla #ParaSerFelices",260,"06/21/2025 16:29",auto,https://www.facebook.com/AlcaldiaDeTulua/videos/1041053984781628/,0,0,Videos,,,,,Total,2170,1905,60,52,0,8,21509.851,11.232,0,0,64,64,,0,
1167682508732413,100064720237286,"Alcaldía de Tuluá","#FeriadeTuluá | Tuluá volvió a vibrar con la noche del rock en su tradicional Pueblito Artesanal.

En el marco de la versión número 67 de la Feria de Tuluá, los artistas del Pueblito Artesanal dieron inicio a las tardes y noches de goce y disfrute que caracterizan esta tradicional celebración. La apertura estuvo marcada por el esperado regreso de la Noche del Rock, un evento que volvió a encender la emoción de los tulueños tras cinco años de ausencia.

Lee la noticia completa:⬇⬇⬇
",,0,"06/21/2025 16:17",N/A,https://www.facebook.com/AlcaldiaDeTulua/posts/pfbid02GdwCcebnEXiEd4VrsTBYqnJapCjfwPAG6m11Sv7e5ryB7tA9jaYezGX8THLJ3V2Cl,0,0,Enlaces,,,,,Total,3743,2912,98,55,35,8,,,,,60,12,48,,
1167680405399290,100064720237286,"Alcaldía de Tuluá","#FeriaDeTuluá | 🐔🐴 ¡Conoce a los amigos de La Granja de Lupita! 🐇🐐

Una granja especializada en la crianza de animales domésticos, ornamentales y especies menores que hoy llega al Coliseo de Ferias Manuel Victoria Rojas para brindarle a las familias una experiencia única y educativa.

🌾🐾 Ven con los más pequeños, acércate a los animalitos y disfruta en familia de esta muestra viva que enamora a grandes y chicos.

📍 ¡Te esperamos en la Feria de Tuluá N.º 67!
#FeriaDeTuluá #LaGranjaDeLupita #ParaSerFelices #HayQueSentirla 🐣✨","#FeriaDeTuluá | 🐔🐴 ¡Conoce a los amigos de La Granja de Lupita! 🐇🐐

Una granja especializada en la crianza de animales domésticos, ornamentales y especies menores que hoy llega al Coliseo de Ferias Manuel Victoria Rojas para brindarle a las familias una experiencia única y educativa.

🌾🐾 Ven con los más pequeños, acércate a los animalitos y disfruta en familia de esta muestra viva que enamora a grandes y chicos.

📍 ¡Te esperamos en la Feria de Tuluá N.º 67!
#FeriaDeTuluá #LaGranjaDeLupita #ParaSerFelices #HayQueSentirla 🐣✨",67,"06/21/2025 16:12",mixed,https://www.facebook.com/AlcaldiaDeTulua/videos/1738539600875673/,0,0,Videos,,,,,Total,1290,1117,25,17,1,7,6838.939,6.073,0,0,11,11,,0,
1167678578732806,100064720237286,"Alcaldía de Tuluá","#FeriaDeTuluá | La Feria de Tuluá N°67 abrió sus puertas con un lanzamiento lleno de alegría, color y tradición

Un día cargado de alegría, cultura y sentido de pertenencia marcó el inicio de la edición número 67 de la Feria de Tuluá. El Coliseo de Ferias Manuel Victoria Rojas fue el escenario que reunió a cientos de familias tulueñas e invitados especiales, quienes celebraron con entusiasmo el lanzamiento oficial de esta tradicional festividad del centro del Valle del Cauca.

Lee la noticia completa:⬇⬇⬇",,0,"06/21/2025 16:09",N/A,https://www.facebook.com/AlcaldiaDeTulua/posts/pfbid0RNnDgTDzEL5pscArq3MZJwWtLk7dpysa88pqzsjCojEaCGEiBQhj3gQSsWE134Fjl,0,0,Enlaces,,,,,Total,4160,3259,47,33,0,14,,,,,76,7,69,,
1167676768732987,100064720237286,"Alcaldía de Tuluá","#FeriaDeTuluá | 🎸🔥 ¡Orgullo tulueño en el escenario! 🔥🎸

En exclusiva durante la Noche del Rock, hablamos con Rain of Fire, la banda nacida en Tuluá que no solo hizo vibrar el Coliseo de Ferias, sino que ahora se prepara para representar a nuestra ciudad en Rock al Parque 2025, uno de los festivales más grandes de Latinoamérica.

🎤 Entre riffs potentes y letras que nacen del alma, nos contaron cómo ha sido su camino, su emoción por dejar en alto el nombre de Tuluá y lo que significa para ellos este regreso de la noche más rockera de la Feria.

💥 ¡Una banda con fuego en el corazón y talento de exportación!
 #FeriaDeTuluá #ParaSerFelices #HayQueSentirla","#FeriaDeTuluá | 🎸🔥 ¡Orgullo tulueño en el escenario! 🔥🎸

En exclusiva durante la Noche del Rock, hablamos con Rain of Fire, la banda nacida en Tuluá que no solo hizo vibrar el Coliseo de Ferias, sino que ahora se prepara para representar a nuestra ciudad en Rock al Parque 2025, uno de los festivales más grandes de Latinoamérica.

🎤 Entre riffs potentes y letras que nacen del alma, nos contaron cómo ha sido su camino, su emoción por dejar en alto el nombre de Tuluá y lo que significa para ellos este regreso de la noche más rockera de la Feria.

💥 ¡Una banda con fuego en el corazón y talento de exportación!
 #FeriaDeTuluá #ParaSerFelices #HayQueSentirla",178,"06/21/2025 16:04",auto,https://www.facebook.com/AlcaldiaDeTulua/videos/1360359698411233/,0,0,Videos,,,,,Total,1485,1454,50,40,0,10,10320.578,7.69,0,0,18,18,,0,
1167673992066598,100064720237286,"Alcaldía de Tuluá","#FeriadeTuluá | La calle 25 se llenó de color: Miles de tulueños disfrutaron del Primer Carnaval del Pueblo.

Con la participación masiva de miles de tulueños y una puesta en escena sin precedentes, la calle 25 se convirtió en el escenario del primer concurso de comparsas "" Carnaval del Pueblo "", evento con el que se dio apertura oficial a la Feria de Tuluá en su versión número 67.

Lee la noticia completa:⬇⬇⬇
",,0,"06/21/2025 15:58",N/A,https://www.facebook.com/AlcaldiaDeTulua/posts/pfbid0xiUR5f2t1kcs2C82G7XgfPCZYPfBC3H19hR4UE1dPqYQ7Lzvmeo44peVkvz4TrTVl,0,0,Enlaces,,,,,Total,2684,2025,56,44,0,12,,,,,34,7,27,,
1167658712068126,100064720237286,"Alcaldía de Tuluá","🤠🐎 ¡Nuestra feria también es ganadería!

En la Gran Nacional de Vaquería, vivimos un espacio familiar lleno de tradición y talento 💪🏼

👨‍⚖️ Nuestros jurados nos cuentan cómo se vive esta experiencia con vaqueros de todos los rincones del país 🇨🇴

¡Ven y acompáñanos, porque la Feria de Tuluá también se vive a caballo! 🐴
#FeriaDeTuluá67 #ParaSerFelices #HayQueSentirla","🤠🐎 ¡Nuestra feria también es ganadería!

En la Gran Nacional de Vaquería, vivimos un espacio familiar lleno de tradición y talento 💪🏼

👨‍⚖️ Nuestros jurados nos cuentan cómo se vive esta experiencia con vaqueros de todos los rincones del país 🇨🇴

¡Ven y acompáñanos, porque la Feria de Tuluá también se vive a caballo! 🐴
#FeriaDeTuluá67 #ParaSerFelices #HayQueSentirla",32,"06/21/2025 15:22",mixed,https://www.facebook.com/reel/703374132670323/,1,0,Reels,,,,,Total,1547,1105,33,26,0,7,6913.695,4.868,0,0,14,14,,,
1167652758735388,100064720237286,"Alcaldía de Tuluá","🍩✨ ¡Eyedonuts llegó a la Plazoleta del Mecato!
Las mejores donas 100% artesanales están aquí 😍 esponjosas, deliciosas y hechas con amor 💛

Por primera vez en la Feria de Tuluá, ¡ven, conócelas y pruébalas!
📍Plazoleta del Mecato – ¡Te esperamos!

#FeriaDeTuluá67 #HayQueSentirla #SaborAFeria #DonasArtesanales #Eyedonuts 🍩🎉","🍩✨ ¡Eyedonuts llegó a la Plazoleta del Mecato!
Las mejores donas 100% artesanales están aquí 😍 esponjosas, deliciosas y hechas con amor 💛

Por primera vez en la Feria de Tuluá, ¡ven, conócelas y pruébalas!
📍Plazoleta del Mecato – ¡Te esperamos!

#FeriaDeTuluá67 #HayQueSentirla #SaborAFeria #DonasArtesanales #Eyedonuts 🍩🎉",49,"06/21/2025 15:10",uploaded,https://www.facebook.com/reel/1753074898926915/,1,0,Reels,,,,,Total,3086,2231,124,103,6,15,18681.971,6.62,0,0,82,82,,,
1167647938735870,100064720237286,"Alcaldía de Tuluá","🐄🐏 Así vivimos la experiencia ganadera en la 67 Feria de Tuluá 🎉
📍Expo Raza GYR en el pabellón de ganadería
📍Ovinos en el pabellón de especies menores
🥛 Sección de hembras con certificado de crecimiento para leche, avalado por Asocenú Colombia

¡Tradición, calidad y orgullo del campo! 🇨🇴
#FeriaDeTuluá67 #HayQueSentirla #ParaSerFelices",,0,"06/21/2025 15:01",N/A,https://www.facebook.com/AlcaldiaDeTulua/posts/pfbid0WXUDekRbKcADEtcgc5rvtJzof56T5LfLCfr6RrvbGPg7FVDGUAXdGGKkMyJDexpEl,0,0,Fotos,,,,,Total,5967,4180,46,36,2,8,,,,,394,123,,,271
1167629392071058,100064720237286,"Alcaldía de Tuluá","🎸🔥 Vivimos una noche de pura energía y pasión por el rock
En el Pueblito Artesanal del Coliseo de Ferias Manuel Victoria Rojas, los tulueños disfrutaron con alegría la Noche del Rock, un espacio cargado de música, talento y adrenalina.

Con presentaciones de Superlitio, Iron Lord (tributo a Iron Maiden) y Rain of Fire, vivimos una velada inolvidable con bandas de talla nacional e internacional que hicieron vibrar a todos los amantes del rock 🤘🎶

¡Gracias por ser parte de esta noche llena de fuerza, emoción y buena música!😎🤩
#NocheDelRock #FeriaDeTuluá67 #HayQueSentirla","🎸🔥 Vivimos una noche de pura energía y pasión por el rock
En el Pueblito Artesanal del Coliseo de Ferias Manuel Victoria Rojas, los tulueños disfrutaron con alegría la Noche del Rock, un espacio cargado de música, talento y adrenalina.

Con presentaciones de Superlitio, Iron Lord (tributo a Iron Maiden) y Rain of Fire, vivimos una velada inolvidable con bandas de talla nacional e internacional que hicieron vibrar a todos los amantes del rock 🤘🎶

¡Gracias por ser parte de esta noche llena de fuerza, emoción y buena música!😎🤩
#NocheDelRock #FeriaDeTuluá67 #HayQueSentirla",42,"06/21/2025 14:28",N/A,https://www.facebook.com/reel/1296082232078499/,1,0,Reels,,,,,Total,971,961,21,18,0,3,4707.931,5.331,0,0,10,10,,,
1167509248749739,100064720237286,"Alcaldía de Tuluá","🎯 ¡Tradición, destreza y pasión por el campo! 🐂💥

La vaquería fue protagonista en la Feria de Tuluá 67, reuniendo a los mejores jinetes y ejemplares en una muestra cargada de emoción, habilidad y arraigo por nuestras raíces campesinas. 🇨🇴🤠

Cada lazo, cada maniobra y cada carrera demostró el orgullo y la disciplina de quienes mantienen viva esta tradición ganadera, símbolo de la cultura equina del corazón del Valle.

👏 Agradecemos a todos los participantes, organizadores y al público que vibró con esta exhibición de fuerza, técnica y pasión por el campo.

📍¡La Feria de Tuluá 67 es más campo, más cultura y más identidad!  #ParaSerFelices #HayQueSentirlo",,0,"06/21/2025 10:27",N/A,https://www.facebook.com/AlcaldiaDeTulua/posts/pfbid06rGAGQPS11mtJ2fsnb3QYm7J685rgZtSLT6QDGAFGwdJJsNLmrLotSF1WvEmSUmkl,0,0,Fotos,,,,,Total,14750,9462,103,92,0,11,,,,,1805,503,,,1302
1167476755419655,100064720237286,"Alcaldía de Tuluá","🍬🎨 ¡La Feria de Tuluá también se vive con sabor y arte!💙

En la Plaza del Mecato, más de 40 expositores de Tuluá, Zarzal, Bolívar, Trujillo, Riofrío, Andalucía y Bugalagrande, entre otros, te esperan con lo mejor del mecato tradicional vallecaucano. 😋

🧶 Y si lo tuyo es lo hecho a mano, visita nuestros pabellones de artesanías en 🏥 el “Hospital San Antonio” y la 🚂 “Estación del Ferrocarril” 

¡Más de 30 artesanos de diferentes regiones de Colombia exhiben y venden piezas únicas llenas de cultura, historia y creatividad! 🇨🇴

¡Ven, compra, apoya lo nuestro y haz parte de la tradición de la 67 Feria de Tuluá!🤩✅
#HayQueSentirla #FeriaDeTuluá67",,0,"06/21/2025 09:36",N/A,https://www.facebook.com/AlcaldiaDeTulua/posts/pfbid0AEWibqHY81oUFdNpnhFRsgUPqnse59fRJoCLBXxnzd5eqNZ5GRKcN3SG9E7gUa2Wl,0,0,Fotos,,,,,Total,7442,4902,55,43,0,12,,,,,637,156,,,481
1167426348758029,100064720237286,"Alcaldía de Tuluá","🤠 ¡HOY no te lo puedes perder! 10:30 a. m.
En la 67 Feria de Tuluá disfruta del emocionante Gran Nacional de Vaquería 🐎🔥

Competencia en categorías:
👦🏻 Pre infantil
👧🏻 Infantil
🧑🏽‍🦱 Juvenil
👩‍🦰 Damas
🧔🏽‍♂️ Hombres A y B

¡Una muestra de habilidad, pasión y tradición!
#FeriaDeTuluá67 #HayQueSentirla","🤠 ¡HOY no te lo puedes perder! 10:30 a. m.
En la 67 Feria de Tuluá disfruta del emocionante Gran Nacional de Vaquería 🐎🔥

Competencia en categorías:
👦🏻 Pre infantil
👧🏻 Infantil
🧑🏽‍🦱 Juvenil
👩‍🦰 Damas
🧔🏽‍♂️ Hombres A y B

¡Una muestra de habilidad, pasión y tradición!
#FeriaDeTuluá67 #HayQueSentirla",20,"06/21/2025 08:18",N/A,https://www.facebook.com/AlcaldiaDeTulua/videos/582164908261701/,0,0,Videos,,,,,Total,3373,2967,54,47,0,7,15688.394,5.259,0,0,55,55,,0,
1167112355456095,100064720237286,"Alcaldía de Tuluá","🎸🔥 ¡Volvió la Noche del Rock a Tuluá! 🔥🎸

Después de 5 años, el Coliseo de Ferias Manuel Victoria Rojas vibró con lo mejor del rock nacional. Más de 2.000 tulueños alzaron su voz y vivieron una noche épica junto a:

🎤 RAIN of Fire de Tuluá, que nos representará en Rock al Parque 2025
⚡ Iron Lord, tributo oficial a Iron Maiden
🏆 Superlitio, banda colombiana nominada al Latin Grammy

🎶 ¡Una noche para los amantes del rock y un regreso por todo lo alto! #ParaSerFelices #HayQueSentirla",,0,"06/20/2025 22:53",N/A,https://www.facebook.com/AlcaldiaDeTulua/posts/pfbid02WqhzYcCtmLUeRComAof1S8GMfXdCerjs1Z2366G5QhRCnvXEgz6UNozgxsUn1wsyl,0,0,Fotos,,,,,Total,40823,25051,360,273,20,67,,,,,4094,1504,,,2590
1166948958805768,100064720237286,"Alcaldía de Tuluá","🔵 #CápsulasDeFeria | 🌿✨ ¡Desde Pereira llega el Vivero Mandrágora a la Feria de Tuluá! 🌵💐

Con más de 9 años de experiencia produciendo orquídeas, suculentas, cactus antiguos y siendo un verdadero negocio verde 🌎🌱

Hoy hacen parte de nuestra feria, trayendo vida, color y sostenibilidad 💚

🛍️ ¡Ven, conócelos y apoya el emprendimiento ambiental en nuestra Feria! #HayQueSentirla #ParaSerFelices","🔵 #CápsulasDeFeria | 🌿✨ ¡Desde Pereira llega el Vivero Mandrágora a la Feria de Tuluá! 🌵💐

Con más de 9 años de experiencia produciendo orquídeas, suculentas, cactus antiguos y siendo un verdadero negocio verde 🌎🌱

Hoy hacen parte de nuestra feria, trayendo vida, color y sostenibilidad 💚

🛍️ ¡Ven, conócelos y apoya el emprendimiento ambiental en nuestra Feria! #HayQueSentirla #ParaSerFelices",62,"06/20/2025 17:32",N/A,https://www.facebook.com/reel/694892236871670/,1,0,Reels,,,,,Total,6407,5339,157,135,1,21,61728.984,10.393,0,0,120,120,,,
1166939052140092,100064720237286,"Alcaldía de Tuluá","🎊 ¡Tuluá está de fiesta! ❤️💚🤍🎉

Más de 5.000 personas respondieron al llamado de volver a nuestra tradición, a la cultura y a lo que somos como pueblo 💙🙌🏼

Con esta gran asistencia, iniciamos con toda nuestra Feria 67… ¡y estamos listos para dar lo mejor de nosotros por Tuluá! 💃🏻🎶

✨ ¡Vengan ahora! La feria ya empezó y #HayQueSentirla 💥",,0,"06/20/2025 17:12",N/A,https://www.facebook.com/AlcaldiaDeTulua/posts/pfbid02TdWBRpk44DioM4vnqu5XByRsM5j2mNYA4zJpCQ3E7vXicY1zBqZNAveax7kR3ouwl,0,0,Fotos,,,,,Total,11956,7977,164,105,6,53,,,,,849,253,1,,595
1166854422148555,100064720237286,"Alcaldía de Tuluá","🚀 ¡Por primera vez en la Feria de Tuluá llega el Pabellón de Tecnología, Ciencia e Innovación! 🤖💡

Aquí encontrarás robótica, software, comunicaciones, aulas STEAM y charlas de inteligencia artificial 🧠💻

✨ Con la presencia de NIDO, estrategia de apoyo a emprendedores del Valle 💼👏 @gobvalle 
¡Tecnología para aprender, crear y soñar! 🌟 Tecnología #ParaSerFelices 💙",,0,"06/20/2025 13:41",N/A,https://www.facebook.com/AlcaldiaDeTulua/posts/pfbid07EYLMkMTPXkoAerJNB4nYEZicCTFX6KK16GeE1XT31YG3b5sHC6ZteuyegHxQmzpl,0,0,Fotos,,,,,Total,5740,3654,46,31,2,13,,,,,297,57,,,240
1166822448818419,100064720237286,"Alcaldía de Tuluá","🎭 Revive el Ritmo y color que vivimos en el Carnaval del Pueblo 🎶🌈
La calle 25 se transformó en un escenario de fiesta, tradición y mucha creatividad 🤩💃🏻

Comparsas llenas de vida homenajearon lugares icónicos como el Teatro Sarmiento y el Lago Chillicote 🐦✨

¡Así arrancamos con toda la energía la Feria 67! 💥
#CarnavalDelPueblo #Feria67 #HayQueSentirla #ParaSerFelices","🎭 Revive el Ritmo y color que vivimos en el Carnaval del Pueblo 🎶🌈
La calle 25 se transformó en un escenario de fiesta, tradición y mucha creatividad 🤩💃🏻

Comparsas llenas de vida homenajearon lugares icónicos como el Teatro Sarmiento y el Lago Chillicote 🐦✨

¡Así arrancamos con toda la energía la Feria 67! 💥
#CarnavalDelPueblo #Feria67 #HayQueSentirla #ParaSerFelices",49,"06/20/2025 12:31",uploaded,https://www.facebook.com/reel/1445487860239476/,1,0,Reels,,,,,Total,16833,12123,540,430,16,94,167428.865,10.897,0,0,472,472,,,
1166705122163485,100064720237286,"Alcaldía de Tuluá","🎭✨ ¡La calle 25 se llenó de color: Miles de tulueños disfrutaron del Primer Carnaval del Pueblo!🎉

Así vivimos nuestro gran desfile y concurso de Comparsas, con miles de familias disfrutando un desfile lleno de música, baile y cultura 💃🏻🥁💙
¡Gracias Tuluá por hacerlo inolvidable!

#CarnavalDelPueblo #Feria67 #HayQueSentirla #ParaSerFelices",,0,"06/20/2025 08:59",N/A,https://www.facebook.com/AlcaldiaDeTulua/posts/pfbid0X16mW2NaCUMescSy1e98p5f4kmes8biHmcGr1zF73s56SmpqJ6A8vf6NzyJzMZoKl,0,0,Fotos,,,,,Total,22175,13822,318,249,19,50,,,,,2359,754,,,1605
1166121162221881,100064720237286,"Alcaldía de Tuluá","🔥 ¡Comienza la magia del Carnaval del Pueblo 2025! 🎭
Nuestros artistas ya están listos para llenar de color, música y alegría las calles. 🎶💃🏽
Las comparsas se preparan para deslumbrar en cada paso
💃 ¡Prepárate para vivir la fiesta más esperada del año!",,0,"06/19/2025 16:21",N/A,https://www.facebook.com/AlcaldiaDeTulua/posts/pfbid02Uuf6MSD2RMtB66hDaSzidWubssRJ5PK4ZkhK85ep85t2Rw48QVbeVcXqei78s5G2l,0,0,Fotos,,,,,Total,103676,57674,1101,931,68,102,,,,,18503,5868,2,,12633
1166008968899767,100064720237286,"Alcaldía de Tuluá","#Feria | Regresó el Boxeo a la Feria de Tuluá.

Con una gran asistencia de público y un ambiente lleno de emoción, la Alcaldía de Tuluá, a través de la nueva Secretaría del Deporte y la Recreación , dio apertura oficial a la versión número 67 de la tradicional Feria de Tuluá con el regreso de un evento que hacía parte del corazón de esta celebración: la Velada boxística.

Lee la noticia completa:⬇️⬇️⬇️
",,0,"06/19/2025 12:25",N/A,https://www.facebook.com/AlcaldiaDeTulua/posts/pfbid0eZFXK8NNpQFJmHsn6xkCzUE1FSqn3D1ATfxTAugJRms7sAmj2gDXmXSnMYsHtrt7l,0,0,Enlaces,,,,,Total,4599,2656,25,24,0,1,,,,,20,4,16,,
1165874835579847,100064720237286,"Alcaldía de Tuluá","🥊 ¡Regresó la Velada Boxística a Tuluá después de 5 años! 🔥

Una noche cargada de emoción y un público que vibró con cada combate 💥 Este gran evento marcó el inicio deportivo de la 67ª Feria de Tuluá, con la participación de talentosos boxeadores de la región, muchos de ellos próximos a representar al Valle en los Juegos Departamentales 🏅

Gracias al liderazgo del alcalde Gustavo Vélez y al trabajo de la nueva Secretaría del Deporte y la Recreación, el deporte sigue siendo protagonista en nuestra ciudad 💪 ¡El apoyo al talento tulueño continúa y se fortalece!
#ParaSerFelices 💙 #FeriaDeTuluá #HayQueSentirla","🥊 ¡Regresó la Velada Boxística a Tuluá después de 5 años! 🔥

Una noche cargada de emoción y un público que vibró con cada combate 💥 Este gran evento marcó el inicio deportivo de la 67ª Feria de Tuluá, con la participación de talentosos boxeadores de la región, muchos de ellos próximos a representar al Valle en los Juegos Departamentales 🏅

Gracias al liderazgo del alcalde Gustavo Vélez y al trabajo de la nueva Secretaría del Deporte y la Recreación, el deporte sigue siendo protagonista en nuestra ciudad 💪 ¡El apoyo al talento tulueño continúa y se fortalece!
#ParaSerFelices 💙 #FeriaDeTuluá #HayQueSentirla",38,"06/19/2025 08:37",N/A,https://www.facebook.com/reel/1081383797201384/,1,0,Reels,,,,,Total,3078,2470,76,61,2,13,10813.292,3.979,0,0,10,10,,,
1165472212286776,100064720237286,"Alcaldía de Tuluá","🥊 ¡En este momento se vive con éxito la Velada Boxística! 🎉

Continuamos con las actividades que dan inicio a la 67ª Feria de Tuluá, y hoy el deporte es el protagonista 💪

Con este evento, creamos un espacio familiar donde tulueños y visitantes disfrutan del talento y la pasión por el boxeo 🥊  Espacios #ParaSerFelices 💙",,0,"06/18/2025 20:36",N/A,https://www.facebook.com/AlcaldiaDeTulua/posts/pfbid0334CeyaoEUUnbRkUicrre1wmi1eEX6JdYBxAdQ3up1A9mcJvKkZqxKjRcQMSYCwiPl,0,0,Fotos,,,,,Total,15874,9912,148,121,7,20,,,,,1688,651,,,1037
1165165992317398,100064720237286,"Alcaldía de Tuluá","#Deportes | Tuluá ya cuenta con Secretaría del Deporte y la Recreación.

La Administración Municipal de Tuluá  da apertura oficial de la Secretaría del Deporte y la Recreación, un nuevo capítulo en el fortalecimiento del deporte, la actividad física y la recreación en el municipio. Esta nueva dependencia reemplaza al anterior Instituto Municipal del Deporte y la Recreación (IMDER), integrándose formalmente a la estructura de gobierno local.

Lee la noticia completa: ⬇️⬇️⬇️
https://tulua.gov.co/publicaciones/6239/tulua-ya-cuenta-con-secretaria-del-deporte-y-la-recreacion",,0,"06/18/2025 10:22",N/A,https://www.facebook.com/AlcaldiaDeTulua/posts/pfbid025jHHTq4U2a867nCNu9XP7LZEh8Qq944ghDpWQzukNBCYnkstDi7s9spCDM9PrpQCl,0,0,Enlaces,,,,,Total,18121,10851,618,477,80,61,,,,,806,555,251,,
1165134278987236,100064720237286,"Alcaldía de Tuluá","🕊️ 18 años de memoria y homenaje 🕊️

Desde el 🏛️ Concejo Municipal de Tuluá, vivimos una jornada especial de recuerdo y unidad.
Con la presencia del alcalde Gustavo Vélez y los diputados del Valle:

✨ Se realizó un acto solemne en honor a los 11 diputados del Valle
🤍 Se rindió un sentido reconocimiento a sus familias
📜 Y se llevó a cabo la sesión de la Asamblea Departamental desde nuestra ciudad

Un espacio para honrar la memoria, reafirmar la paz y fortalecer los valores que nos unen como sociedad.",,0,"06/18/2025 09:31",N/A,https://www.facebook.com/AlcaldiaDeTulua/posts/pfbid02P99UpfTLphrZXedGH83oL4QMm99GFRq5T2Dmtu5uoxc6e4WwWwFfaokT24dpojcel,0,0,Fotos,,,,,Total,7660,5042,81,66,1,14,,,,,494,220,,,274
1165061578994506,100064720237286,"Alcaldía de Tuluá","💡 ¡50% de avance en iluminación LED de la salida norte! ✨✅

Hace una semana iniciamos la instalación de 82 luminarias LED que reforzarán la visibilidad en 2.200 metros de la entrada a nuestro municipio, en el sector Rancho Panorama. Un proyecto de la Administración Municipal para brindarte calles más seguras, iluminadas y transitables.  #ParaSerFelices 🌙🚶‍♂️🚗",,0,"06/18/2025 07:34",N/A,https://www.facebook.com/AlcaldiaDeTulua/posts/pfbid025V5pGFJfW659X6BnsCyi1LtitzMhZit1w2mazZZyg5YHuddQtgruFWSkgEoaHmprl,0,0,Fotos,,,,,Total,9661,6188,159,133,6,20,,,,,390,103,,,287
1164577712376226,100064720237286,"Alcaldía de Tuluá","🕯️✨ Encendimos una luz por la vida ✨🕯️

Hoy alzamos la voz con velas y corazones encendidos 🤍
Dijimos sí a la paz 🤝 y no al odio 🚫
Gracias a cada tulueño que se unió por un país con más amor y respeto 🇨🇴💫 #ParaSerFelices",,0,"06/17/2025 16:49",N/A,https://www.facebook.com/AlcaldiaDeTulua/posts/pfbid0Xdo487xr8ZnNCTtTXMJk3yFPHnabpHHkVbUQpW2aF58rp9uohyH9Hmw2Wut7FSLKl,0,0,Fotos,,,,,Total,10143,6237,117,96,1,20,,,,,756,230,,,526
1164435155723815,100064720237286,"Alcaldía de Tuluá","🚧 ¡Más de 5.000 personas beneficiadas en Nariño!📍

En menos de una semana, transformamos la vía a Nariño con más de 600 metros lineales de mejoramiento vial.
Esta obra liderada por el alcalde Gustavo Vélez no solo mejora la movilidad, ¡también impacta positivamente a la comunidad educativa de la I.E. Jovita Santacoloma!
💙 ¡Más obras #ParaSerFelices!","🚧 ¡Más de 5.000 personas beneficiadas en Nariño!📍

En menos de una semana, transformamos la vía a Nariño con más de 600 metros lineales de mejoramiento vial.
Esta obra liderada por el alcalde Gustavo Vélez no solo mejora la movilidad, ¡también impacta positivamente a la comunidad educativa de la I.E. Jovita Santacoloma!
💙 ¡Más obras #ParaSerFelices!",40,"06/17/2025 11:29",N/A,https://www.facebook.com/reel/1235925928076821/,1,0,Reels,,,,,Total,75740,44449,2112,1617,222,273,1088501.113,17.108,0,0,1220,1220,,,
1164362719064392,100064720237286,"Alcaldía de Tuluá","#Obras | En tiempo récord avanzan obras de pavimentación en Nariño.

El alcalde Gustavo Adolfo Vélez Román, continúa cumpliéndole a los tulueños, en esta ocasión, de manera ágil y rápida se siguen adelantando los trabajos de pavimentación en la antigua vía de Nariño, que conecta desde el cruce de la panadería en la vía a Río Frío hasta el Colegio Jovita Santa Coloma.

Lee la noticia completa: ⬇⬇⬇
",,0,"06/17/2025 09:33",N/A,https://www.facebook.com/AlcaldiaDeTulua/posts/pfbid02zDqjHoZX7hng3BnLXqhxmZqhLURRuycyksDNXeaQEAGu9VbU4pVQTuXKRFe3hoNpl,0,0,Enlaces,,,,,Total,6475,4588,138,107,12,19,,,,,104,56,48,,
1164351259065538,100064720237286,"Alcaldía de Tuluá","#Obras | Carrera 30 será ampliada.

El alcalde Gustavo Adolfo Vélez Román, continúa impulsando obras de impacto que mejoran la movilidad y embellecen la ciudad. En esta ocasión, lidera una importante intervención vial en la carrera 30, a la altura de la salida norte, en el sector Estambul, con el objetivo de habilitar la doble calzada que conectará desde el Coliseo de Ferias Manuel Victoria Rojas hasta la futura glorieta conocida como la “Glorieta de Estambul”.

Lee la noticia completa: ⬇⬇⬇
",,0,"06/17/2025 09:14",N/A,https://www.facebook.com/AlcaldiaDeTulua/posts/pfbid02UNyDDimTPSkTsefFR5YJPuuexB1BdQd4PPWSfjqd7YoyXFgZtM5zGE2Jq7PjSuJQl,0,0,Enlaces,,,,,Total,8338,5467,147,118,11,18,,,,,254,134,120,,
1164334272400570,100064720237286,"Alcaldía de Tuluá","🎉 ¡Agéndate para vivir la Feria de Tuluá 2025! 🎉
Del miércoles 18 al lunes 23 de junio, te esperamos para disfrutar con familia y amigos de una semana llena de alegría, cultura, música, arte y tradición. 💃🏽🎭🎶

💙 Volvamos a sentir la feria, a encontrarnos y a unirnos como tulueños en esta gran celebración. 💙

📍 Coliseo de Ferias Manuel Victoria Rojas
📲 Desliza y descubre parte de la programación que tenemos para ti 👇🏽

💙 ¡Esta feria #HayQueSentirla #ParaSerFelices!🥳💪🏼",,0,"06/17/2025 08:45",N/A,https://www.facebook.com/AlcaldiaDeTulua/posts/pfbid02bd6psPESppyqc3Lr3rJnvqD1nxagztk3oQdiRwqr21fYihMrqx47XEDJ2Bu6jK1Jl,0,0,Fotos,,,,,Total,31324,16248,217,132,24,61,,,,,3921,1223,,,2698
1163862605781070,100064720237286,"Alcaldía de Tuluá","#Noticias | Extensión de horarios para establecimientos en Feria de Tuluá.

Con el propósito de promover la reactivación económica, la Administración Municipal, adoptó una serie de medidas especiales que estarán vigentes desde hoy y hasta el martes 24 de junio, en el marco de la Feria de Tuluá.

Lee la noticia completa:⬇️⬇️⬇️
https://tulua.gov.co/publicaciones/6234/extension-de-horarios-para-establecimientos-en-feria-de-tulua",,0,"06/16/2025 18:21",N/A,https://www.facebook.com/AlcaldiaDeTulua/posts/pfbid0vUjQJtQd7GXnV4wTbMqkJBLKxe2F7H4Ks8EADAnc11WaYtCSbNXtPGRK3fLp8x8ql,0,0,Fotos,,,,,Total,11631,7150,99,53,29,17,,,,,648,279,19,,350
1163848525782478,100064720237286,"Alcaldía de Tuluá","Obras en la carrera 30 🔧🚧

La ampliación de esta vía ya es una realidad en el salida norte de nuestro municipio, sector Estambul.🌴🚗
Un proyecto del alcalde Gustavo Vélez que embellece la entrada a nuestro municipio e impulsa la economía local con mano de obra 100% tulueña y materiales y maquinaria local.💪🏼✅ #ParaSerFelices","Obras en la carrera 30 🔧🚧

La ampliación de esta vía ya es una realidad en el salida norte de nuestro municipio, sector Estambul.🌴🚗
Un proyecto del alcalde Gustavo Vélez que embellece la entrada a nuestro municipio e impulsa la economía local con mano de obra 100% tulueña y materiales y maquinaria local.💪🏼✅ #ParaSerFelices",48,"06/16/2025 17:53",N/A,https://www.facebook.com/reel/1052896899705438/,1,0,Reels,,,,,Total,14583,6306,864,500,44,320,138713.272,10.668,0,0,312,312,,,
1163737882460209,100064720237286,"Alcaldía de Tuluá","🎓📢 ¡Buenas noticias para los vallecaucanos!
¡Llega la tercera convocatoria del #DigiCampus con más de 170 programas técnicos, tecnológicos, profesionales y posgrados!
🧑‍💻 Modalidades virtuales e híbridas
💸 ¡Con descuentos del 15% al 50%!

Ya no hay excusas para no estudiar 🤓
📲 ¡Inscríbete ya y transforma tu futuro!","🎓📢 ¡Buenas noticias para los vallecaucanos!
¡Llega la tercera convocatoria del #DigiCampus con más de 170 programas técnicos, tecnológicos, profesionales y posgrados!
🧑‍💻 Modalidades virtuales e híbridas
💸 ¡Con descuentos del 15% al 50%!

Ya no hay excusas para no estudiar 🤓
📲 ¡Inscríbete ya y transforma tu futuro!",42,"06/16/2025 13:44",N/A,https://www.facebook.com/AlcaldiaDeTulua/videos/613888417788421/,0,0,Videos,,,,,Total,2776,2434,43,34,1,8,14054.965,5.617,0,0,35,35,,0,
1163620405805290,100064720237286,"Alcaldía de Tuluá","#Deportes | Tuluá vibró con el Primer Circuito Ciclístico “Corazón del Valle”.

La Feria de Tuluá en su versión número 67 sigue avanzando con grandes eventos que integran a la comunidad, y esta vez lo hizo a través del deporte con la realización del Primer Circuito Ciclístico “Corazón del Valle”. La competencia que se llevó a cabo sobre la Transversal 12, llenó de emoción, color y espíritu deportivo a más de 200 ciclistas.

Lee la noticia completa: ⬇⬇⬇
",,0,"06/16/2025 10:03",N/A,https://www.facebook.com/AlcaldiaDeTulua/posts/pfbid02BMvozmqGwa1Defp4SGsMHdmc9j4pfDq1DfSnH52Bv7FizwdNVrF1P6qmDuE7gdnal,0,0,Enlaces,,,,,Total,3062,2225,40,32,1,7,,,,,15,2,13,,
1163618439138820,100064720237286,"Alcaldía de Tuluá","#Noticias | Alcaldía garantizó el derecho a la manifestación pacífica durante la “Marcha del Silencio”.

La Administración Municipal de Tuluá, en articulación con la Policía Nacional, garantizó el libre ejercicio del derecho a la manifestación pública y pacífica durante el desarrollo de la denominada “Marcha del Silencio”, convocada a nivel nacional.

Lee la noticia completa:⬇⬇⬇
",,0,"06/16/2025 10:02",N/A,https://www.facebook.com/AlcaldiaDeTulua/posts/pfbid0358zGMjXyFW8c9KMwj6B6oseAFBUWjSkAxGfJHUoaPghEJLEu1NDRDgmJGXUrRhM6l,0,0,Enlaces,,,,,Total,3686,2840,36,27,1,8,,,,,31,21,10,,
1163556002478397,100064720237286,"Alcaldía de Tuluá","En Tuluá cuidamos y honramos a nuestros adultos mayores💙👵🏼

En el Día Mundial de la Toma de Conciencia del Abuso y Maltrato en la Vejez, alzamos la voz por quienes nos abrieron camino. 💜
El respeto, el cuidado y el amor son la base de una vejez digna.

🚫 Decir NO al maltrato también es un acto de humanidad.
👵🏽👴🏽 ¡Cuidarlos es honrar nuestra historia!

📍En Tuluá contamos con 3 centros de atención para el adulto mayor, porque su bienestar es una prioridad. #ParaSerFelices","En Tuluá cuidamos y honramos a nuestros adultos mayores💙👵🏼

En el Día Mundial de la Toma de Conciencia del Abuso y Maltrato en la Vejez, alzamos la voz por quienes nos abrieron camino. 💜
El respeto, el cuidado y el amor son la base de una vejez digna.

🚫 Decir NO al maltrato también es un acto de humanidad.
👵🏽👴🏽 ¡Cuidarlos es honrar nuestra historia!

📍En Tuluá contamos con 3 centros de atención para el adulto mayor, porque su bienestar es una prioridad. #ParaSerFelices",67,"06/16/2025 08:14",uploaded,https://www.facebook.com/reel/610512235408268/,1,0,Reels,,,,,Total,3839,2398,181,130,8,43,27784.289,8.025,0,0,59,59,,,
1163040262529971,100064720237286,"Alcaldía de Tuluá","➡️Conoce las noticias más importantes de la semana en nuestro resumen semanal “45 segundos” #ParaSerFelices 💙✅","➡️Conoce las noticias más importantes de la semana en nuestro resumen semanal “45 segundos” #ParaSerFelices 💙✅",69,"06/15/2025 16:16",N/A,https://www.facebook.com/reel/2245043489232277/,1,0,Reels,,,,,Total,3934,2395,86,65,1,20,36595.424,10.291,0,0,48,48,,,
1162928155874515,100064720237286,"Alcaldía de Tuluá","🚴‍♂️✨ ¡Tuluá vivió su Primer Circuito Ciclístico “Corazón del Valle”!

Con gran participación y emoción, corredores de diferentes categorías —desde damas, mayores de 65 años, paraciclismo, hasta las categorías A, B, C y élite— se tomaron la Transversal 12 para demostrar su talento sobre ruedas.

Un evento deportivo que hace parte del inicio de nuestra Feria y que impulsa la inclusión, la competencia sana y el orgullo tulueño. 💙👏 #ParaSerFelices",,0,"06/15/2025 12:21",N/A,https://www.facebook.com/AlcaldiaDeTulua/posts/pfbid031CxWVoHeen4EV6L5LG7nmQbtTmjkf4Zby2RUnHxB1wSR8fuT4GdNDJBDHXK3naDLl,0,0,Fotos,,,,,Total,20893,14045,164,138,7,19,,,,,1655,518,,,1137
1162868852547112,100064720237286,"Alcaldía de Tuluá","🎙️ElPodcastdeVélez | Episodio 20. Regresa la Mejor Feria de Colombia: Una feria que #HayQueSentirla

En este episodio, nos acompaña Germán Marulanda, presidente ejecutivo de la Feria de Tuluá, y nos habla sobre el regreso de una de las mejores ferias del país, y las actividades que tenemos programadas para esta edición tan especial, donde regresan las 12 áreas de exposición, las artes, la cultura y espacios para disfrutar en familia este año en el Coliseo de Ferias Manuel Victoria Rojas, una Feria que #HayQueSentirla. 💪🏼","🎙️ElPodcastdeVélez | Episodio 20. Regresa la Mejor Feria de Colombia: Una feria que #HayQueSentirla

En este episodio, nos acompaña Germán Marulanda, presidente ejecutivo de la Feria de Tuluá, y nos habla sobre el regreso de una de las mejores ferias del país, y las actividades que tenemos programadas para esta edición tan especial, donde regresan las 12 áreas de exposición, las artes, la cultura y espacios para disfrutar en familia este año en el Coliseo de Ferias Manuel Victoria Rojas, una Feria que #HayQueSentirla. 💪🏼",938,"06/15/2025 10:45",N/A,https://www.facebook.com/AlcaldiaDeTulua/videos/2418375915199020/,1,0,Videos,,,,,Total,3444,3081,118,88,4,26,57923.982,18.763,0,0,82,82,,0,
1162794325887898,100064720237286,"Alcaldía de Tuluá","#FeriadeTuluá | Más de mil caballistas dieron apertura a la feria de Tuluá.

La cabalgata de la 67 Feria de Tuluá fue un éxito y se desarrolló en medio de un ambiente de fiesta, tranquilidad y alegría, sentimiento que se vivió en las calles, donde tulueños y visitantes disfrutaron de este evento tradicional con buen comportamiento y orden. 

Lee la noticia completa:⬇️⬇️⬇️
",,0,"06/15/2025 09:02",N/A,https://www.facebook.com/AlcaldiaDeTulua/posts/pfbid03PeG46wSb3SghHEB8Fjcc7AFrRY8sa3ZgV1G8iwbH3ou8Xx1tVGo1xGs73G6QRRFl,0,0,Enlaces,,,,,Total,11015,7033,230,164,49,17,,,,,667,531,136,,
1162222995945031,100064720237286,"Alcaldía de Tuluá","🤩Cabalgata de Tuluá: epicentro para caballistas de todo el país🐴✅

Con caballistas de diferentes rincones del Valle del Cauca y otros Departamentos de Colombia que se  sumaron a esta tradicional cabalgata damos apertura oficial a la Feria 67 de Tuluá, en un recorrido lleno de alegría, tradición y orgullo tulueño. #ParaSerFelices ✨💙

¡Así se vive el inicio de la Feria más querida del Valle del Cauca! 💫",,0,"06/14/2025 17:57",N/A,https://www.facebook.com/AlcaldiaDeTulua/posts/pfbid02289HxV6xMz18zxW88ncZdJH1CcbxCcGKfeetrY3dWXqjHW7PvqExSFG95D11TGFJl,0,0,Fotos,,,,,Total,86202,45694,563,454,57,52,,,,,17700,6195,3,,11502
1162220992611898,100064720237286,"Alcaldía de Tuluá","Cabalgata 67 Feria de Tuluá 💙",,147,"06/14/2025 17:53",N/A,https://www.facebook.com/AlcaldiaDeTulua/videos/726790726382448/,0,0,Videos,,,,,Total,21808,17975,463,406,22,35,445103.863,23.859,0,0,3632,3632,,0,
1162171242616873,100064720237286,"Alcaldía de Tuluá","🎉🐎 cientos de familias se unieron para vivir la emoción de nuestra tradición. ¡La Feria 67 de Tuluá ya está en marcha! 🎊

Con alegría y corazones latiendo al ritmo de nuestra tierra, dimos el arranque oficial a esta celebración que promete ser inolvidable. 😍

¡El camino ya está abierto y la Feria apenas comienza! 🫣 ¡No te pierdas lo que viene! 🎉",,0,"06/14/2025 16:10",N/A,https://www.facebook.com/AlcaldiaDeTulua/posts/pfbid0VwweZmMt9cpsdBdHaZhP3CSmZMkDQ21q361qSJHi6xz8kv3B3VMPmeGjMx6xCXN3l,0,0,Fotos,,,,,Total,93486,51426,424,341,27,56,,,,,15319,4306,1,,11012
1162125645954766,100064720237286,"Alcaldía de Tuluá","🐎✨ ¡Arrancamos con nuestra cabalgata en la versión número 67 de la Feria de Tuluá! 💙
Una tradición que nos une, que llena nuestras calles de alegría y orgullo por lo nuestro. 🤩

¡Estamos listos para disfrutar con seguridad y en familia este gran eveto! 💪🏽
#FeriaDeTuluá67 #ParaSerFelices",,0,"06/14/2025 14:29",N/A,https://www.facebook.com/AlcaldiaDeTulua/posts/pfbid02d1NTELxoBE91XBNgEHBXH66zKjkkHiyYk2CWtw9tMCViZyhv13R7992LmsWJ9LHsl,0,0,Fotos,,,,,Total,51983,25135,386,335,21,30,,,,,9934,1971,,,7963
1162059859294678,100064720237286,"Alcaldía de Tuluá",,,0,"06/14/2025 12:10",N/A,https://www.facebook.com/AlcaldiaDeTulua/posts/pfbid02RrdNpunMXusG3MdMjRRNmatH1HCRSHkMfWBmWY545Tvmxv8FcyYZoVAg1sYQdeEql,0,1,Texto,,,,,Total,,3412,52,43,9,0,,,,,217,217,,,
1161512082682789,100064720237286,"Alcaldía de Tuluá","🚨 Medidas de seguridad para Cabalgata 🐎

✅ Más de 1000 unidades de la Fuerza Pública en las calles
🪩 Comercios en la carrera 40 funcionarán hasta las 5:00 a.m.

🚫 Prohibición de circulación de motocicletas de 9:00 p.m. a 5:00 a.m.

🚫 Restricción de parrillero de 2:00 p.m. a 9:00 p.m.

⛽️ Prohibición de venta de combustible en recipientes hasta el lunes 16 de junio.

🚧 Cierres viales programados, excepto media vía en la carrera 25 (sector Fiscalía) que se cerrará en su totalidad solo durante la noche.

#Hayquesentirla # ParaSerFelices",,0,"06/13/2025 20:16",N/A,https://www.facebook.com/AlcaldiaDeTulua/posts/pfbid0YQ7aKRrmYb1Vg8xCcLgpKnpWacLmzC7rmGbwKPzPaBjSTX54K8VgYM7Up15i9Ayl,0,0,Fotos,,,,,Total,24372,12857,237,126,65,46,,,,,2375,1238,,,1137
1161511882682809,100064720237286,"Alcaldía de Tuluá","🔹 ¡Todo listo para una cabalgata segura! 🐎💙

Con más de 1.000 unidades de la fuerza pública, Tuluá se alista para vivir con tranquilidad la gran apertura de la 67ª Feria.

✅ Refuerzos en seguridad
✅ Horarios extendidos 🕔
✅ Restricciones de motos 🛑🏍️
✅ Cierres viales y medidas especiales

🎉 ¡Vivamos esta fiesta con respeto y alegría!
#TuluáParaSerFelices #FeriaDeTuluá2025 #HayQueSentirla","🔹 ¡Todo listo para una cabalgata segura! 🐎💙

Con más de 1.000 unidades de la fuerza pública, Tuluá se alista para vivir con tranquilidad la gran apertura de la 67ª Feria.

✅ Refuerzos en seguridad
✅ Horarios extendidos 🕔
✅ Restricciones de motos 🛑🏍️
✅ Cierres viales y medidas especiales

🎉 ¡Vivamos esta fiesta con respeto y alegría!
#TuluáParaSerFelices #FeriaDeTuluá2025 #HayQueSentirla",59,"06/13/2025 20:16",N/A,https://www.facebook.com/reel/1669384017186898/,1,0,Reels,,,,,Total,6095,3527,131,96,8,27,50847.173,9.696,0,0,152,152,,,
1161361846031146,100064720237286,"Alcaldía de Tuluá","#BienestarSocial | Feria de Tuluá se transforma con “Pasarela Sin Barreras”: inclusión, talento y alegría sin límites.

Este año, la edición 67 de la Feria de Tuluá marca un hito histórico en el camino hacia la inclusión, con la realización de la primera “Pasarela Sin Barreras” , un evento inédito que destaca la diversidad, el talento y la fuerza de nuestra población con discapacidad. Este desfile, cargado de arte, alegría y emoción, representa mucho más que una muestra cultural: es la afirmación de que en una sociedad abierta, consciente y empática, no existen límites cuando se abren las puertas del corazón.

Lee la noticia completa:⬇⬇⬇
",,0,"06/13/2025 15:12",N/A,https://www.facebook.com/AlcaldiaDeTulua/posts/pfbid0tN67RHqiYqZXnp3gt4MVsQKBMF8STh1xkMaF6giuqH4Nam7PazehTsFi2fh7hjSrl,0,0,Enlaces,,,,,Total,3664,2491,42,30,0,12,,,,,14,3,11,,
1161361249364539,100064720237286,"Alcaldía de Tuluá","#Noticia | Alcaldía e INFITULUÁ proponen formalizar vendedores ambulantes de la Sarmiento.

Con el propósito de avanzar en la dignificación y formalización del comercio en el municipio, la Administración Municipal de Tuluá, en articulación con INFITULUÁ, llevó a cabo un importante acercamiento con los vendedores informales ubicados en la calle Sarmiento.

Lee la noticia completa: ⬇⬇⬇
",,0,"06/13/2025 15:10",N/A,https://www.facebook.com/AlcaldiaDeTulua/posts/pfbid02nrYDs4azi25tbFqykmwwt3rr5k8frry2WWBKyeY9jV5wFHvazEiGzuhdUH5eGDrYl,0,0,Enlaces,,,,,Total,7351,5180,94,71,13,10,,,,,192,131,61,,
1161359199364744,100064720237286,"Alcaldía de Tuluá","#Sedama | SEDAMA lidera Jornada de Salud y Bienestar Animal en Tres Esquinas

Este miércoles, 11 de junio, la Secretaría de Desarrollo Agropecuario y Medio Ambiente (SEDAMA) llegó al corregimiento de Tres Esquinas con la Jornada de Salud y Bienestar Animal, como respuesta directa a las solicitudes de la comunidad y en el marco del compromiso institucional con la sanidad animal y el cuidado ambiental.

Lee la noticia completa: ⬇⬇⬇
",,0,"06/13/2025 15:06",N/A,https://www.facebook.com/AlcaldiaDeTulua/posts/pfbid0sWHirsgVDJd7i96JvwU8RGbw3STHHGdy4R3Du6AinQtFqw8Zqv62iFvnwGBdCRZdl,0,0,Enlaces,,,,,Total,3068,2228,20,16,0,4,,,,,7,1,6,,
1161186902715307,100064720237286,"Alcaldía de Tuluá","¡Arrancamos con Cultura Ciudadana por las Calles de nuestro municipio!💙🎭

Desde el Departamento Administrativo de Arte y Cultura, en articulación con el Departamento de Movilidad,👮‍♂️iniciamos con entusiasmo nuestra campaña de Cultura Ciudadana en las calles del municipio de Tuluá. “Estás mal parqueado” 🚫🎭👮‍♂️🎉💃",,0,"06/13/2025 09:25",N/A,https://www.facebook.com/AlcaldiaDeTulua/posts/pfbid0sAjuLbaq39KBRwkMLMA9ygzsv4MehAQ9FVgbP7eJrpAXzSM61g9Tj1kUjWJeLQy1l,0,0,Fotos,,,,,Total,18553,11101,259,213,19,27,,,,,2930,968,,,1962
1161180886049242,100064720237286,"Alcaldía de Tuluá","🎁🚫 ¡Qué regalazo te llevaste hoy!
En Tuluá lanzamos la campaña de Cultura Ciudadana “¡Qué regalazo!” 🎉 Una forma creativa y pedagógica de invitarte a no parquear mal ni usar el espacio público.

Si viste una caja gigante sobre tu carro o tu puesto ambulante… ¡no te asustes! No fue un comparendo, fue un regalazo de conciencia. 🧠💙
Entre todos construimos una ciudad más ordenada, segura y respetuosa.

📍Campaña liderada por el Departamento de Arte y Cultura en articulación con Movilidad. #ParaSerFelices","🎁🚫 ¡Qué regalazo te llevaste hoy!
En Tuluá lanzamos la campaña de Cultura Ciudadana “¡Qué regalazo!” 🎉 Una forma creativa y pedagógica de invitarte a no parquear mal ni usar el espacio público.

Si viste una caja gigante sobre tu carro o tu puesto ambulante… ¡no te asustes! No fue un comparendo, fue un regalazo de conciencia. 🧠💙
Entre todos construimos una ciudad más ordenada, segura y respetuosa.

📍Campaña liderada por el Departamento de Arte y Cultura en articulación con Movilidad. #ParaSerFelices",94,"06/13/2025 09:15",N/A,https://www.facebook.com/reel/1335407530883204/,1,0,Reels,,,,,Total,73841,54657,2044,1645,179,220,1868503.907,28.608,0,0,3900,3900,,,
1160640742769923,100064720237286,"Alcaldía de Tuluá","💙 Orgullo de ser tulueños ❤️💚🤍

Somos 🎉 alegría, 💪 trabajo, ❤️ pasión y 💥 ganas de salir siempre adelante.
¡Los buenos somos más! 🙌😄
Y eso se nota en cada rincón de Tuluá 🌆🌟✨

#ParaSerFelices 💙
Y a vos… ¿qué te hace sentir orgulloso de ser tulueño? 🤔💙🇨🇴","💙 Orgullo de ser tulueños ❤️💚🤍

Somos 🎉 alegría, 💪 trabajo, ❤️ pasión y 💥 ganas de salir siempre adelante.
¡Los buenos somos más! 🙌😄
Y eso se nota en cada rincón de Tuluá 🌆🌟✨

#ParaSerFelices 💙
Y a vos… ¿qué te hace sentir orgulloso de ser tulueño? 🤔💙🇨🇴",61,"06/12/2025 17:29",N/A,https://www.facebook.com/reel/2158061294693144/,1,0,Reels,,,,,Total,10093,4291,535,367,30,138,95834.908,10.551,0,0,263,263,,,
1160609919439672,100064720237286,"Alcaldía de Tuluá","#Obras | Administración Municipal inicia mantenimiento y ampliación vial en la entrada norte – Sector Estambul.

Dando respuesta a un sentido llamado de la comunidad tulueña, la Administración Municipal del ingeniero Gustavo Adolfo Vélez Román, a través de Infituluá, ha iniciado las obras de mantenimiento y ampliación de la vía en la entrada norte de Tuluá, específicamente en el sector conocido como Estambul.

Lee la noticia completa:⬇⬇⬇
",,0,"06/12/2025 16:26",N/A,https://www.facebook.com/AlcaldiaDeTulua/posts/pfbid0H4wnkHLLGDSNhx5ggcp2XSGevCiFLogF57Ak9aiw497vRbVYt4zdGM3zbBYDGAAnl,0,0,Enlaces,,,,,Total,3446,2441,30,26,1,3,,,,,44,7,37,,
1160608929439771,100064720237286,"Alcaldía de Tuluá","#BienestarSocial | Con campaña dirigida a comerciantes Alcaldía conmemora el Día Mundial contra el Trabajo Infantil.

En el marco del Día Mundial de la Erradicación del Trabajo Infantil, la Alcaldía de Tuluá, a través de la Secretaría de Bienestar Social, llevó a cabo una jornada de sensibilización dirigida a comerciantes del municipio, con el propósito de erradicar este flagelo y garantizar entornos protectores para niños, niñas y adolescentes.

Lee la noticia completa: ⬇⬇⬇
",,0,"06/12/2025 16:24",N/A,https://www.facebook.com/AlcaldiaDeTulua/posts/pfbid037mZ88ru8BUdaYWiCqv3VgYscHUPvP4r1sprBzdpfBHD3Zk4mPvMuMywhMfeQs7YJl,0,0,Enlaces,,,,,Total,2952,2204,24,21,0,3,,,,,28,2,26,,
1160585559442108,100064720237286,"Alcaldía de Tuluá","🚫👶🏻La ñiñez es para soñar, no para trabajar

En el Día Mundial contra el Trabajo Infantil,  conmemoramos esta fecha con una campaña de sensibilización dirigida a comerciantes del municipio 🛍️🤝

Con el liderazgo de la @secre.bienestarsocialtulua y en articulación con el @icbfcolombiaoficial, la @personeriatulua y la @policia_infancia_adolecencia, recorrimos establecimientos invitando a decirle NO al trabajo infantil y SÍ a entornos seguros para nuestros niños, niñas y adolescentes 🙌🎒⚽

Porque protegerlos es tarea de todos #ParaSerFelices 👧🏽👦🏻","🚫👶🏻La ñiñez es para soñar, no para trabajar

En el Día Mundial contra el Trabajo Infantil,  conmemoramos esta fecha con una campaña de sensibilización dirigida a comerciantes del municipio 🛍️🤝

Con el liderazgo de la @secre.bienestarsocialtulua y en articulación con el @icbfcolombiaoficial, la @personeriatulua y la @policia_infancia_adolecencia, recorrimos establecimientos invitando a decirle NO al trabajo infantil y SÍ a entornos seguros para nuestros niños, niñas y adolescentes 🙌🎒⚽

Porque protegerlos es tarea de todos #ParaSerFelices 👧🏽👦🏻",33,"06/12/2025 15:37",mixed,https://www.facebook.com/reel/1699602690675121/,1,0,Reels,,,,,Total,1601,1491,39,29,0,10,5658.446,3.894,0,0,10,10,,,
1160567159443948,100064720237286,"Alcaldía de Tuluá","#Obras | Tuluá tendrá nuevas vías pavimentadas en sectores como la Calle 26, 34, 29A y Carrera 26B.

La Alcaldía de Tuluá, a través de la Secretaría de Hábitat e Infraestructura e INFITULUÁ, ejecutará un importante proyecto de mejoramiento vial que contempla la construcción de pavimento rígido en varios tramos críticos del municipio como Calle 26, Calle 34, Calle 29A entre carreras 19 y 20, y Carrera 26B entre calles 19 y 20. Esta intervención permitirá mejorar la movilidad, las condiciones de acceso y la calidad de vida de los habitantes, además de generar valorización urbana en estos sectores.

Lee la noticia completa: ⬇⬇⬇",,0,"06/12/2025 14:51",N/A,https://www.facebook.com/AlcaldiaDeTulua/posts/pfbid03CWB1RxRtg1RTa7g4HRLuR3a6hfycnUgGyaeNNqTGf8DstN9CM8XcfMBguwbVEMpl,0,0,Enlaces,,,,,Total,3625,2667,46,37,4,5,,,,,89,49,40,,
1160566736110657,100064720237286,"Alcaldía de Tuluá","#Salud | Iniciaron las Jornadas de Aseguramiento en Salud.

Con el propósito de garantizar el acceso a la seguridad social y a los servicios de salud, la Administración Municipal, a través de la Secretaría de Salud, adelanta jornadas de aseguramiento en salud en el Centro Comercial Bicentenario Plaza, en articulación con las diferentes EPS que operan en el municipio. 

Lee la noticia completa: ⬇⬇⬇
",,0,"06/12/2025 14:50",N/A,https://www.facebook.com/AlcaldiaDeTulua/posts/pfbid0zjKzgWbjNHpsSNFyWoEX3rQELiXXtiht7Cn1FpGoc3R13AnRQZsuPnsAQaskg2Hil,0,0,Enlaces,,,,,Total,1828,1353,13,10,1,2,,,,,22,3,19,,
1160508306116500,100064720237286,"Alcaldía de Tuluá","🔆 ¡Tuluá ilumina su entrada norte con 2.200 metros de alumbrado!💡

Iniciamos esta importante obra con 93 postes y 82 luminarias LED, que mejorarán la seguridad y transforma la movilidad en uno de los principales accesos a nuestro municipio. Obras #ParaSerFelices 💙💪🏼",,0,"06/12/2025 12:45",N/A,https://www.facebook.com/AlcaldiaDeTulua/posts/pfbid034Yv2MjhPSNaUoFzs4Q6hWpcpjaMYX71e37w5mg25j2vdCWnkj547eyXFzyCQhqR3l,0,0,Fotos,,,,,Total,4516,2997,66,52,1,13,,,,,197,39,,,158
1160282712805726,100064720237286,"Alcaldía de Tuluá","🚧✨ ¡Buenas noticias para Tuluá!

Así avanza la transformación de la entrada norte en el sector de Estambul. 👆🏻

Con obras de mejoramiento y ampliación, la @alcaldiadetulua a través de @infitulua ejecuta esta obra de tan importante acceso a nuestra ciudad que está cambiando para ofrecer más seguridad vial, fluidez y desarrollo.

💪 Una obra que impulsa la movilidad
🏗️ Modernizamos la infraestructura vial
🚗 Conectamos mejor a los tulueños

👷‍♀️ Seguimos trabajando por una Tuluá más conectada, moderna y llena de oportunidades #ParaSerFelices💙","🚧✨ ¡Buenas noticias para Tuluá!

Así avanza la transformación de la entrada norte en el sector de Estambul. 👆🏻

Con obras de mejoramiento y ampliación, la @alcaldiadetulua a través de @infitulua ejecuta esta obra de tan importante acceso a nuestra ciudad que está cambiando para ofrecer más seguridad vial, fluidez y desarrollo.

💪 Una obra que impulsa la movilidad
🏗️ Modernizamos la infraestructura vial
🚗 Conectamos mejor a los tulueños

👷‍♀️ Seguimos trabajando por una Tuluá más conectada, moderna y llena de oportunidades #ParaSerFelices💙",36,"06/12/2025 07:06",N/A,https://www.facebook.com/AlcaldiaDeTulua/videos/1714515112490203/,0,0,Videos,,,,,Total,3496,2815,131,100,12,19,28720.867,9.422,0,0,153,153,,0,
1159782276189103,100064720237286,"Alcaldía de Tuluá","🚧 ¡Más obras para los tulueños!
La socialización de nuevos proyectos viales ya es una realidad 🗣️👷‍♂️
Calles clave como la 26, 34, 29A y la Carrera 26B serán transformadas con pavimento rígido y ya fueron socializados con líderes comunales y representantes de cada sector 💪✨
¡Obras que conectan, mejoran y nos hacen felices! 🔵✅ #ParaSerFelices","🚧 ¡Más obras para los tulueños!
La socialización de nuevos proyectos viales ya es una realidad 🗣️👷‍♂️
Calles clave como la 26, 34, 29A y la Carrera 26B serán transformadas con pavimento rígido y ya fueron socializados con líderes comunales y representantes de cada sector 💪✨
¡Obras que conectan, mejoran y nos hacen felices! 🔵✅ #ParaSerFelices",53,"06/11/2025 15:20",uploaded,https://www.facebook.com/reel/608384665429233/,1,0,Reels,,,,,Total,2649,2071,71,54,3,14,18012.886,7.379,0,0,48,48,,,
1159627456204585,100064720237286,"Alcaldía de Tuluá","#Educación | Instituto Técnico Industrial también será remodelado para los estudiantes.

Tras culminar exitosamente los trabajos en la sede educativa de Tres Esquinas, los esfuerzos ahora se concentran en esta institución, donde un equipo de operarios calificados realiza mantenimiento de goteras, reparación de paredes, aplicación de pintura y adecuación del entorno vegetal, cuya condición venía generando problemas de humedad.

Lee la noticia completa: ⬇⬇⬇
",,0,"06/11/2025 10:23",N/A,https://www.facebook.com/AlcaldiaDeTulua/posts/pfbid0RscSjxUVKQLoxJTRgJibaX7mZspbQLUazMFtVXyF58u3s6or4RYcRSm7wmWDpdQWl,0,0,Enlaces,,,,,Total,15347,12027,163,131,17,15,,,,,293,160,133,,
1159616126205718,100064720237286,"Alcaldía de Tuluá","🌿🏊🏽‍♂️🛼 ¡Restauramos la Unidad Deportiva Arturo Guevara! 

Con la gestión de la Secretaría de Desarrollo Institucional iniciamos el embellecimiento del espacio donde se encuentran el Benicio Echeverry, la piscina olímpica y la pista de patinaje.

Con labores de 🌱poda, 🧹limpieza, 🗑 recolección de residuos y mejora del ornato, ¡estamos transformando nuestros escenarios deportivos para el disfrute de todos los tulueños! 💪🏽💙 Espacios #ParaSerFelices",,0,"06/11/2025 10:03",N/A,https://www.facebook.com/AlcaldiaDeTulua/posts/pfbid02DCByTyBzFGaQ2LoWZkX7ZzorFX96cTsMpsFESVmBx8M78XbcUK2eGSkiAhqZXzxGl,0,0,Fotos,,,,,Total,5304,3488,70,48,11,11,,,,,209,87,,,122
1159002516267079,100064720237286,"Alcaldía de Tuluá","#Obras | Más de 600 millones de pesos en obras para fortalecer la movilidad en la zona rural de Tuluá

La Secretaría de Hábitat e Infraestructura de Tuluá sostuvo una reunión con líderes de la zona rural para socializar tres importantes proyectos que marcarán un nuevo avance en la infraestructura vial del municipio en la zona rural. 

Lee la noticia completa: ⬇⬇⬇
",,0,"06/10/2025 15:38",N/A,https://www.facebook.com/AlcaldiaDeTulua/posts/pfbid0S8FFUMFPZXULUe4qTWkL7tyHW8JzXa9WbjguTSj3ZDrGHkkinjkBJhMpDFwpajPHl,0,0,Enlaces,,,,,Total,3975,2738,47,38,3,6,,,,,63,22,41,,
1159002226267108,100064720237286,"Alcaldía de Tuluá","#Gobierno | Alcaldía de Tuluá realiza caracterización de vendedores ambulantes en calle Sarmiento.

La Administración Municipal, a través de la Secretaría de Gobierno, realizó una jornada de caracterización de los vendedores informales ubicados en la calle Sarmiento, con el objetivo de conocer sus condiciones y avanzar en el proceso de recuperación del espacio público de manera ordenada y respetuosa.

Lee la noticia completa: ⬇⬇⬇
",,0,"06/10/2025 15:38",N/A,https://www.facebook.com/AlcaldiaDeTulua/posts/pfbid02GntdSW8QCXdbcar6Nv9Ehi5TAZt4Mz3rdsviZLHzL5YxRist3SgMQuN1j3NFkDs2l,0,0,Enlaces,,,,,Total,6794,4795,100,79,12,9,,,,,242,165,77,,
1158970659603598,100064720237286,"Alcaldía de Tuluá","🚧 ¡Nariño empieza a transformarse! 🚜✨

Con 600 metros lineales iniciamos el levantamiento de fresado en la calle principal de este corregimiento. 💪🏽
Después de años de espera, ¡por fin comienza el cambio que tanto pedía la comunidad! 🙌🏽
Muy pronto tendrán una vía pavimentada, segura y digna para transitar, desde la entrada principal hasta la Institución Educativa Jovita Santacoloma. 🛣️🏫

Esto apenas comienza… ¡el progreso no se detiene! 🚀 #ParaSerFelices","🚧 ¡Nariño empieza a transformarse! 🚜✨

Con 600 metros lineales iniciamos el levantamiento de fresado en la calle principal de este corregimiento. 💪🏽
Después de años de espera, ¡por fin comienza el cambio que tanto pedía la comunidad! 🙌🏽
Muy pronto tendrán una vía pavimentada, segura y digna para transitar, desde la entrada principal hasta la Institución Educativa Jovita Santacoloma. 🛣️🏫

Esto apenas comienza… ¡el progreso no se detiene! 🚀 #ParaSerFelices",46,"06/10/2025 14:20",N/A,https://www.facebook.com/reel/1447368829729016/,1,0,Reels,,,,,Total,4123,2741,173,138,12,23,41199.469,11.06,0,0,137,137,,,
1158854099615254,100064720237286,"Alcaldía de Tuluá","#Obras | Obras en la vía Nariño marcan el inicio de una transformación vial en el corregimiento.

Con el fresado o levantamiento de 600 metros lineales de capa asfáltica, desde la entrada por la vía a Riofrío hasta la Institución Educativa Jovita Santa Coloma, iniciaron las obras de mejoramiento en la antigua vía Nariño. Esta intervención busca transformar la movilidad del corregimiento y garantizar una vía en óptimas condiciones para la comunidad.

Lee la noticia completa: ⬇⬇⬇",,0,"06/10/2025 10:31",N/A,https://www.facebook.com/AlcaldiaDeTulua/posts/pfbid02VHwHt1p9eMrQh1gF56w446Y3pW65h9Jc2cpXCtsVLGYFpTknBMgMhN13cuE8AXeDl,0,0,Enlaces,,,,,Total,5140,3913,58,48,2,8,,,,,46,24,22,,
1158819976285333,100064720237286,"Alcaldía de Tuluá","🔊Con obras en zona rural mejoraremos la calidad de vida de 700 familias🌿🚜

Socializamos importantes proyectos con nuestros campesinos y líderes de la zona rural alta y media de Tuluá, en sectores como El Diamante, El Brasil y San Lorenzo. 🤝🏽
Gracias a estas obras y corredores viales, muchas veredas y corregimientos que por años esperaban soluciones, hoy ven avances reales y esperanzadores. 🛣️✨
¡El campo florece y Tuluá progresa! 🌱🚀 #ParaSerFelices","🔊Con obras en zona rural mejoraremos la calidad de vida de 700 familias🌿🚜

Socializamos importantes proyectos con nuestros campesinos y líderes de la zona rural alta y media de Tuluá, en sectores como El Diamante, El Brasil y San Lorenzo. 🤝🏽
Gracias a estas obras y corredores viales, muchas veredas y corregimientos que por años esperaban soluciones, hoy ven avances reales y esperanzadores. 🛣️✨
¡El campo florece y Tuluá progresa! 🌱🚀 #ParaSerFelices",49,"06/10/2025 09:32",N/A,https://www.facebook.com/reel/2125226434627568/,1,0,Reels,,,,,Total,2161,1567,67,53,1,13,9092.724,4.525,0,0,22,22,,,
1158716849628979,100064720237286,"Alcaldía de Tuluá","#Seguridad | Autoridades informan medidas de seguridad para la semana.

La Administración Municipal de Tuluá, tras una reunión de seguimiento con las autoridades locales, anunció nuevas medidas de seguridad con el fin de preservar el orden público y garantizar la tranquilidad de los ciudadanos. Estas disposiciones fueron establecidas mediante el Decreto No. 200.59.3.397 , el cual entra en vigencia a partir de hoy, lunes 9 de junio, y se extenderá hasta el viernes 13 de junio de 2025.
 
Lee la noticia completa: ⬇⬇⬇
",,0,"06/10/2025 06:49",N/A,https://www.facebook.com/AlcaldiaDeTulua/posts/pfbid0uWNxnJxv537yxVRxNPtDDXZdArVwiVXnmZMwxzwhcEieDRvhmWCZshuYnmsKPeAdl,0,0,Enlaces,,,,,Total,4571,3117,34,25,0,9,,,,,366,23,343,,
1158709592963038,100064720237286,"Alcaldía de Tuluá","🎭 ¿Ya conoces el recorrido del Carnaval del Pueblo? 😎

Este 19 de junio más de 1.200 artistas llenarán las calles de color, música y tradición con el Carnaval del Pueblo, el gran desfile de comparsas que abre la Feria de Tuluá 2025 🎉

🚴‍♂️ Desfile, comparsas, bandas marciales y una muestra de bicicletas antiguas te esperan en un recorrido lleno de alegría e identidad tulueña.

📍 Desde la Transversal 12 hasta la Plaza Cívica Boyacá
🕓 Desde las 4:00 p.m.

👉 Desliza y descubre cuál será el recorrido y todo lo que te espera en esta fiesta cultural que nos une como tulueños. #ParaSerFelices #HayQueSentirla 💪🏼💙",,0,"06/10/2025 06:38",N/A,https://www.facebook.com/AlcaldiaDeTulua/posts/pfbid02GGXg9h2rSC4EJTfqyWgjF6f1gS63pyS3Q1fvb4zgDiR2JMRkbAEHDdVcJi6qyo4Sl,0,0,Fotos,,,,,Total,25875,14862,228,133,13,82,,,,,1291,471,1,,819
1158079343026063,100064720237286,"Alcaldía de Tuluá","#BienestarSocial | Alcalde Gustavo Vélez entregó insumos agrícolas al resguardo indígena Dachi Vedea.

En cumplimiento de los compromisos asumidos con las comunidades indígenas, la Administración Municipal de Tuluá realizó la primera entrega de insumos agrícolas del año 2025 al resguardo Dachi Vedea, reafirmando su compromiso con el desarrollo rural y el fortalecimiento de la identidad cultural en el municipio.

Lee la noticia completa:⬇⬇⬇
",,0,"06/09/2025 10:14",N/A,https://www.facebook.com/AlcaldiaDeTulua/posts/pfbid0QFoNusA5rChBbe2nysux8smcxPyKvMVPp8nVQgfGaqYapSiaSNfcP98wob7vigY9l,0,0,Enlaces,,,,,Total,3925,2584,55,40,6,9,,,,,45,15,30,,
1158077463026251,100064720237286,"Alcaldía de Tuluá","#Educación | Alcaldía inicia mejoramiento de infraestructura de Instituciones Educativas.

Con el fin de avanzar en la recuperación de la infraestructura de las Instituciones Educativas del municipio, la Secretaría de Educación Municipal dio inicio al plan de mejoramiento con trabajos de electricidad, división de aulas en cielo falso y pintura, en la sede central de la Institución Educativa Julio César Zuluaga, todo esto, atendiendo a las solicitudes de la rectora y mejorando significativamente los espacios de aprendizaje

Lee la noticia completa:⬇⬇⬇
",,0,"06/09/2025 10:11",N/A,https://www.facebook.com/AlcaldiaDeTulua/posts/pfbid0RYPdNHe9vhfAE8YV2Dmrm6CFLJogznfxdquuRBx2us5u44iuugSvudZV7SjuHH7Pl,0,0,Enlaces,,,,,Total,5640,3827,80,69,2,9,,,,,63,27,36,,
1158074189693245,100064720237286,"Alcaldía de Tuluá","#BienestarSocial | Centro Día “Para Ser Felices” coronó a su Reina del Adulto Mayor 2025.

En un ambiente lleno de alegría, colorido y emotividad, el Centro Día “Para Ser Felices” celebró con éxito la elección y coronación de su Reina del Adulto Mayor, quien representará a esta institución en el próximo Reinado Municipal del Adulto Mayor.
 
Lee la noticia completa: ⬇⬇⬇
",,0,"06/09/2025 10:06",N/A,https://www.facebook.com/AlcaldiaDeTulua/posts/pfbid02o1GxVGxxygs8hqypv9zv6Ue5Kcy7FpEEynTrnjvSEukXuFKkLRj4cQvJa17Cew5dl,0,0,Enlaces,,,,,Total,5847,4655,45,37,1,7,,,,,168,29,139,,
1157949316372399,100064720237286,"Alcaldía de Tuluá","¡Tenemos reina en nuestro CentroDía #ParaSerFelices! 👑 🎉

Nuestros adultos mayores vivieron un día inolvidable en este espacio lleno de actividades artísticas y culturales con  la emotiva elección y coronación de la nueva reina de este CentroDía, creado para el bienestar y alegría de esta población. ¡Un día lleno de diversión, sonrisas y unión! 💙💪🏼✨","¡Tenemos reina en nuestro CentroDía #ParaSerFelices! 👑 🎉

Nuestros adultos mayores vivieron un día inolvidable en este espacio lleno de actividades artísticas y culturales con  la emotiva elección y coronación de la nueva reina de este CentroDía, creado para el bienestar y alegría de esta población. ¡Un día lleno de diversión, sonrisas y unión! 💙💪🏼✨",60,"06/09/2025 07:04",N/A,https://www.facebook.com/reel/4017997728415299/,1,0,Reels,,,,,Total,2610,1679,146,57,1,88,14672.482,6.06,0,0,15,15,,,
1157310773102920,100064720237286,"Alcaldía de Tuluá","🎙️ElPodcastdeVélez | Episodio 19. Tuluá no se detiene: fuerza y resiliencia.

En este episodio, el alcalde Gustavo Vélez habla sobre la resiliencia de los tulueños frente a las situaciones y las acciones de seguridad que se han implementado para proteger a la ciudadanía. Además, se destacan las nuevas obras de infraestructura que mejorarán la movilidad en Tuluá y el compromiso con la realización de la Feria de Tuluá, una tradición familiar que continúa con más fuerza que nunca.","🎙️ElPodcastdeVélez | Episodio 19. Tuluá no se detiene: fuerza y resiliencia.

En este episodio, el alcalde Gustavo Vélez habla sobre la resiliencia de los tulueños frente a las situaciones y las acciones de seguridad que se han implementado para proteger a la ciudadanía. Además, se destacan las nuevas obras de infraestructura que mejorarán la movilidad en Tuluá y el compromiso con la realización de la Feria de Tuluá, una tradición familiar que continúa con más fuerza que nunca.",1260,"06/08/2025 10:45",N/A,https://www.facebook.com/AlcaldiaDeTulua/videos/9805252596260946/,1,0,Videos,,,,,Total,4690,4142,249,157,19,73,130840.415,30.392,0,0,233,233,,0,
1156673523166645,100064720237286,"Alcaldía de Tuluá","➡️Conoce las noticias más importantes de la semana en nuestro resumen semanal “45 segundos” #ParaSerFelices 💙✅","➡️Conoce las noticias más importantes de la semana en nuestro resumen semanal “45 segundos” #ParaSerFelices 💙✅",62,"06/07/2025 15:57",N/A,https://www.facebook.com/reel/1131170978817013/,1,0,Reels,,,,,Total,3349,2243,64,53,1,10,21707.37,6.973,0,0,27,27,,,
1156477153186282,100064720237286,"Alcaldía de Tuluá","#Cultura | 1.200 artistas abrirán la Feria de Tuluá con las comparsas Carnaval del Pueblo.

Más de 1.200 artistas en escena llenarán las calles de Tuluá de color, música y alegría este jueves 19 de junio, en el desfile de Comparsas “ Carnaval del Pueblo” , evento que estará en el marco de la Feria en su versión 67ª de Tuluá.

Lee la noticia completa:⬇️⬇️⬇️
",,0,"06/07/2025 09:17",N/A,https://www.facebook.com/AlcaldiaDeTulua/posts/pfbid02uLsoaDmG2qPJxMm9ZnmEjxZfnbTrbELf2thM2Qe9iHG9F2hwRRUAmVTZc8JRhuhrl,0,0,Enlaces,,,,,Total,45135,33700,366,260,55,51,,,,,2224,1264,960,,
1156476373186360,100064720237286,"Alcaldía de Tuluá","#Educación | Comedor digno para la Institución Educativa Marino Dávalos.

Con el propósito de garantizar que los estudiantes de la sede Marino Dávalos de la Institución Educativa Moderna reciban sus alimentos en condiciones dignas, la Alcaldía de Tuluá, en cabeza del alcalde Gustavo Vélez Román, actuó de manera inmediata y, a través de la Secretaría de Educación liderada por Robert Posada, entregó dotación de comedor escolar.

Lee la noticiaia completa:⬇️⬇️⬇️
",,0,"06/07/2025 09:16",N/A,https://www.facebook.com/AlcaldiaDeTulua/posts/pfbid0cDipgrPAYvN2EaAKrT5EYBHaQh9c8taLmEx6aj2rs8HvdXpHFWcGtnP3ubocdrYnl,0,0,Enlaces,,,,,Total,5164,3345,72,59,6,7,,,,,71,39,32,,
1156392456528085,100064720237286,"Alcaldía de Tuluá","🌾 ¡Entregamos insumos agrícolas a nuestros pueblos indígenas! 🤝

Le entregamos al resguardo Dachi Vedea insumos tales como: guadañas, motosierras, abonos y más 🛠️🌱
Apoyamos sus cultivos de plátano, café, naranja y otros productos propios del territorio 🍌☕🍊

💙💪🏼Con hechos, Tuluá construye bienestar para todos. #ParaSerFelices","🌾 ¡Entregamos insumos agrícolas a nuestros pueblos indígenas! 🤝

Le entregamos al resguardo Dachi Vedea insumos tales como: guadañas, motosierras, abonos y más 🛠️🌱
Apoyamos sus cultivos de plátano, café, naranja y otros productos propios del territorio 🍌☕🍊

💙💪🏼Con hechos, Tuluá construye bienestar para todos. #ParaSerFelices",52,"06/07/2025 07:08",N/A,https://www.facebook.com/reel/1514210183071302/,1,0,Reels,,,,,Total,2599,1923,66,51,1,14,9658.692,3.958,0,0,20,20,,,
1155890739911590,100064720237286,"Alcaldía de Tuluá","🔴 Autoridades toman medidas especiales para el fin de semana 🔴

Con el objetivo de proteger la vida, mantener el orden público y responder a las recomendaciones de la comunidad y la Fuerza Pública, desde este viernes 6 de junio entran en vigor nuevas medidas de seguridad en el marco de la Operación Tuluá.

📌 Toque de queda para menores entre 8:00 p.m. y 5:00 a.m.
📌 Restricción de motos entre 11:00 p.m. y 5:00 a.m.
📌 Prohibida la venta de gasolina en recipientes las 24 horas
📌 Se ajustan cierres viales en zonas clave como el Palacio de Justicia, Fiscalía, CAM y Cárcel Municipal.

⚠️ Estas medidas regirán hasta el lunes 9 de junio a las 5:00 a.m. y buscan preservar la tranquilidad durante el fin de semana.

👉 Domiciliarios y personal exento deberán portar su respectiva acreditación.

🚨 ¡Tu colaboración es clave! Sigamos construyendo juntos un Tuluá más seguro y en paz",,0,"06/06/2025 15:34",N/A,https://www.facebook.com/AlcaldiaDeTulua/posts/pfbid02yK6KPv2NiFnPMipUJgAN3BjgAfAiXwh2WZHiFLBEQfb18PmYBzH528VZ3Ww6f76zl,0,0,Fotos,,,,,Total,9484,5919,79,55,10,14,,,,,581,235,,,346
1155890463244951,100064720237286,"Alcaldía de Tuluá","#Seguridad | Autoridades toman medidas especiales de seguridad para el fin de semana.

En atención a las solicitudes de la Fuerza Pública en el marco de la “Operación Tuluá” y a las sugerencias de la comunidad, se adoptan nuevas medidas de seguridad con el fin de garantizar la tranquilidad y el orden público durante el fin de semana. Estas disposiciones comenzarán a regir desde el viernes 6 de junio y se extenderán hasta las 5:00 a.m. del lunes, 9 de junio de 2025.

Lee la noticia completa: ⬇⬇⬇
",,0,"06/06/2025 15:34",N/A,https://www.facebook.com/AlcaldiaDeTulua/posts/pfbid0c9u6rXKxDdoo22gdUxJgWRs622LuoxExy7D7g5V3uHwg4CsNURTsBqwmqSL3UWmLl,0,0,Enlaces,,,,,Total,3217,2041,12,11,0,1,,,,,120,6,114,,
1155890306578300,100064720237286,"Alcaldía de Tuluá","🔴 Autoridades toman medidas especiales para el fin de semana 🔴

Con el objetivo de proteger la vida, mantener el orden público y responder a las recomendaciones de la comunidad y la Fuerza Pública, desde este viernes 6 de junio entran en vigor nuevas medidas de seguridad en el marco de la Operación Tuluá.

📌 Toque de queda para menores entre 8:00 p.m. y 5:00 a.m.
📌 Restricción de motos entre 11:00 p.m. y 5:00 a.m.
📌 Prohibida la venta de gasolina en recipientes las 24 horas
📌 Se ajustan cierres viales en zonas clave como el Palacio de Justicia, Fiscalía, CAM y Cárcel Municipal.

⚠️ Estas medidas regirán hasta el lunes 9 de junio a las 5:00 a.m. y buscan preservar la tranquilidad durante el fin de semana.

👉 Domiciliarios y personal exento deberán portar su respectiva acreditación.

🚨 ¡Tu colaboración es clave! Sigamos construyendo juntos un Tuluá más seguro y en paz.","🔴 Autoridades toman medidas especiales para el fin de semana 🔴

Con el objetivo de proteger la vida, mantener el orden público y responder a las recomendaciones de la comunidad y la Fuerza Pública, desde este viernes 6 de junio entran en vigor nuevas medidas de seguridad en el marco de la Operación Tuluá.

📌 Toque de queda para menores entre 8:00 p.m. y 5:00 a.m.
📌 Restricción de motos entre 11:00 p.m. y 5:00 a.m.
📌 Prohibida la venta de gasolina en recipientes las 24 horas
📌 Se ajustan cierres viales en zonas clave como el Palacio de Justicia, Fiscalía, CAM y Cárcel Municipal.

⚠️ Estas medidas regirán hasta el lunes 9 de junio a las 5:00 a.m. y buscan preservar la tranquilidad durante el fin de semana.

👉 Domiciliarios y personal exento deberán portar su respectiva acreditación.

🚨 ¡Tu colaboración es clave! Sigamos construyendo juntos un Tuluá más seguro y en paz.",89,"06/06/2025 15:33",uploaded,https://www.facebook.com/reel/1234211141739953/,1,0,Reels,,,,,Total,11049,6987,310,223,20,67,202445.813,20.208,0,0,439,437,2,,
1155869123247085,100064720237286,"Alcaldía de Tuluá","#Salud | Secretaría de Salud invita a actualización de encuesta Sisbén.

La Administración Municipal, informa a la ciudadanía que, en cumplimiento del Decreto 616 de 2022, es obligatorio actualizar la encuesta del SISBÉN. Esta actualización es fundamental para continuar perteneciendo al régimen subsidiado de salud. De no hacerlo, los usuarios corren el riesgo de ser desafiliados del sistema de seguridad social en el municipio.

Lee la noticia completa: ⬇⬇⬇
",,0,"06/06/2025 14:43",N/A,https://www.facebook.com/AlcaldiaDeTulua/posts/pfbid0taeYSbdoK5GDKaDXQzozhrP8JePDR62C6cdRi1wASCSQTJzgdNaXT5i28hpqSVUel,0,0,Enlaces,,,,,Total,3327,2282,23,10,11,2,,,,,98,38,60,,
1155856773248320,100064720237286,"Alcaldía de Tuluá","#SEDAMA | Tuluá celebra el Día del Medio Ambiente con jornada de Sembratón.

Durante la jornada se sembraron más de 20 árboles de especies ornamentales como guayacán lila, guayacán amarillo, gualanday, entre otras, con el objetivo de embellecer el espacio y fomentar la conciencia ambiental en la ciudadanía. Esta intervención busca no solo reverdecer una zona estratégica del municipio, sino también fortalecer el vínculo entre comunidad y medio ambiente, promoviendo acciones sostenibles desde el territorio.

Lee la noticia completa:⬇⬇⬇
",,0,"06/06/2025 14:12",N/A,https://www.facebook.com/AlcaldiaDeTulua/posts/pfbid0jyT15SP5aFgqEQgHC3DcodLHKpir5MLSrkwN2PCt8ZTJC8F6yumYzVrEikXvqqRjl,0,0,Enlaces,,,,,Total,3444,2357,45,38,1,6,,,,,20,9,11,,
1155842786583052,100064720237286,"Alcaldía de Tuluá","#Educación | Alcaldía de Tuluá escucha y atiende solicitudes de estudiantes de Univalle.

Durante el encuentro, el funcionario destacó que la administración viene adelantando un proyecto conjunto con las centrales de transporte de Tuluá para implementar rutas de transporte eléctrico que beneficien principalmente a los estudiantes y usuarios de la terminal, dado que muchos jóvenes se desplazan desde municipios cercanos.

Lee la noticia completa: ⬇⬇⬇
",,0,"06/06/2025 13:39",N/A,https://www.facebook.com/AlcaldiaDeTulua/posts/pfbid0HWVzKhwbW5oM41yyaEbJC6RGtPGoKkN1DP2SS4YUB9S688vSYPhhLxzJGqoFnR4Zl,0,0,Enlaces,,,,,Total,5418,3482,65,52,3,10,,,,,83,46,37,,
1155842623249735,100064720237286,"Alcaldía de Tuluá","💡💧🚧 ¡Obras de Infraestructura que ponen a Tuluá en el mapa!

Con el liderazgo del alcalde @gustavovelezr, estamos transformando el presente y construyendo un futuro con más agua potable, vías rurales, calles seguras, espacios públicos renovados y una ciudad más iluminada.

💪 Más de 35 sistemas de tratamiento de aguas en corregimientos
💡 13 sectores iluminados con tecnología LED
🛣️ Vías rurales recuperadas y accesibilidad en nuestras calles
🏞️ Parques y escenarios deportivos para la integración de las familias

Tuluá 2024: Obras que iluminan, conectan y transforman vidas. #ParaSerFelices 💙💪🏼","💡💧🚧 ¡Obras de Infraestructura que ponen a Tuluá en el mapa!

Con el liderazgo del alcalde @gustavovelezr, estamos transformando el presente y construyendo un futuro con más agua potable, vías rurales, calles seguras, espacios públicos renovados y una ciudad más iluminada.

💪 Más de 35 sistemas de tratamiento de aguas en corregimientos
💡 13 sectores iluminados con tecnología LED
🛣️ Vías rurales recuperadas y accesibilidad en nuestras calles
🏞️ Parques y escenarios deportivos para la integración de las familias

Tuluá 2024: Obras que iluminan, conectan y transforman vidas. #ParaSerFelices 💙💪🏼",124,"06/06/2025 13:39",N/A,https://www.facebook.com/AlcaldiaDeTulua/videos/724539093305015/,0,0,Videos,,,,,Total,1964,1661,66,49,3,14,12370.306,6.86,0,0,27,27,,0,
1155803286587002,100064720237286,"Alcaldía de Tuluá","#Seguridad | “Operación Tuluá” intervino sectores estratégicos garantizando seguridad.

En el marco de la estrategia “Operación Tuluá”, liderada por las autoridades, el alcalde Gustavo Adolfo Vélez Román reconoció y exaltó el buen comportamiento de los tulueños, destacando la excelente disposición de la ciudadanía frente a la implementación del toque de queda, decretado desde las 9:00 p.m. del miércoles 5 de junio hasta las 5:00 a.m. del jueves 6.

Lee la noticia completa: ⬇⬇⬇
",,0,"06/06/2025 12:14",N/A,https://www.facebook.com/AlcaldiaDeTulua/posts/pfbid02GD31LSXAZpnk2FKgpywC7BPyn1ZdcFZYqAEavCdFf6pdkBGcSR9LDwtvK6SvYSAMl,0,0,Enlaces,,,,,Total,6979,4734,78,67,7,4,,,,,322,225,97,,
1155718329928831,100064720237286,"Alcaldía de Tuluá","🚧 ¡Comenzamos sello de juntas para recuperar la vía a Tres Esquinas con topping!✅

Ya estamos realizando sello de juntas, aplicando un material para llenar los espacios entre el concreto, un paso crucial que lo prepara para aplicar la técnica topping y mejorar la movilidad de la comunidad!
¡Comprometidos con vías más seguras y duraderas!🚧 Obras #ParaSerFelices","🚧 ¡Comenzamos sello de juntas para recuperar la vía a Tres Esquinas con topping!✅

Ya estamos realizando sello de juntas, aplicando un material para llenar los espacios entre el concreto, un paso crucial que lo prepara para aplicar la técnica topping y mejorar la movilidad de la comunidad!
¡Comprometidos con vías más seguras y duraderas!🚧 Obras #ParaSerFelices",26,"06/06/2025 09:39",N/A,https://www.facebook.com/reel/1048987326701157/,1,0,Reels,,,,,Total,6076,4165,186,140,23,23,46300.01,8.441,0,0,189,189,,,
1155182299982434,100064720237286,"Alcaldía de Tuluá","✅ ¡Capturados cuatro integrantes de La Inmaculada!

Gracias al trabajo articulado entre la Gobernación, Alcaldía, Fuerza Pública y red de apoyo, se lograron 4 capturas por delitos como porte ilegal de armas, tráfico de estupefacientes y extorsión. desactivando las acciones delictivas que se pretendían realizar la madrugada del jueves cinco de junio de 2025, logrando mantener el control del orden público en la ciudad.
¡Tuluá no está sola, seguimos trabajando por tu seguridad! 🚨💪🏼✅ @policiavalledelcauca @gobvalle @valleseguridad","✅ ¡Capturados cuatro integrantes de La Inmaculada!

Gracias al trabajo articulado entre la Gobernación, Alcaldía, Fuerza Pública y red de apoyo, se lograron 4 capturas por delitos como porte ilegal de armas, tráfico de estupefacientes y extorsión. desactivando las acciones delictivas que se pretendían realizar la madrugada del jueves cinco de junio de 2025, logrando mantener el control del orden público en la ciudad.
¡Tuluá no está sola, seguimos trabajando por tu seguridad! 🚨💪🏼✅ @policiavalledelcauca @gobvalle @valleseguridad",61,"06/05/2025 18:14",mixed,https://www.facebook.com/reel/687515060723362/,1,0,Reels,,,,,Total,10534,6084,212,179,7,26,138000.262,14.835,0,0,438,438,,,
1155134169987247,100064720237286,"Alcaldía de Tuluá","#Seguridad | Capturados cuatro integrantes de La Inmaculada.

En Tuluá, la rápida respuesta de las autoridades permitió la captura de cuatro integrantes de la banda criminal La Inmaculada, desactivando las acciones delictivas que se pretendían realizar la madrugada del jueves cinco de junio de 2025, logrando mantener el control del orden público en la ciudad.

Lee la noticia completa: ⬇⬇⬇
",,0,"06/05/2025 16:40",N/A,https://www.facebook.com/AlcaldiaDeTulua/posts/pfbid02nncC5mR7HatLwnnoKgaKY6sNA1KzUe6aNVW17mxZYQSEdC3ZDU3FsaEwsPnjRfdtl,0,0,Enlaces,,,,,Total,27220,15413,330,278,10,42,,,,,2942,834,2108,,
1155130869987577,100064720237286,"Alcaldía de Tuluá","🔴 ¡Atención Tuluá!
Se mantiene el toque de queda desde las 🕘 9:00 p. m. de este jueves hasta las 🕔 5:00 a. m. del viernes.
Tu colaboración es clave para proteger la seguridad de todos.
¡Unidos por la tranquilidad del municipio!💪🏼✅",,0,"06/05/2025 16:33",N/A,https://www.facebook.com/AlcaldiaDeTulua/posts/pfbid0EUtcmpKzgZQLSAoMznNi1jBZmiN5p3cwHaXrBLLtCzQ9dt3ycko2bPXpBcLiV6fAl,0,0,Fotos,,,,,Total,7459,4551,59,47,0,12,,,,,74,36,,,38
1155124436654887,100064720237286,"Alcaldía de Tuluá","#Noticias | Autoridades mantienen toque de queda en Tuluá.

Tras la realización del Consejo de Seguridad llevado a cabo en la tarde de hoy, con presencia de autoridades locales y departamentales, entre ellas la coronel Sandra Rodríguez, comandante de Policía Valle, se tomó la decisión de extender la medida de toque de queda, que busca preservar el orden público y la seguridad en el municipio.
 
Lee la noticia completa:⬇⬇⬇",,0,"06/05/2025 16:20",N/A,https://www.facebook.com/AlcaldiaDeTulua/posts/pfbid02SpUT8RUhouVWbsmHcoh1XSNzxRB1ua14PD6hwfVPjnmCh8ycDhKjUZ7oviXfHX5l,0,0,Enlaces,,,,,Total,6052,3941,38,33,0,5,,,,,263,28,235,,
1155005323333465,100064720237286,"Alcaldía de Tuluá","#Noticias | Nuevas medidas transitorias de seguridad fueron adoptadas por la Administración Municipal.

Como parte del plan de contención y vigilancia que se ha intensificado en toda la ciudad, la Administración Municipal en coordinación con la Gobernación del Valle, la  Policía Nacional, el Ejercito Nacional y la Fiscalía General de la Nación expidieron nuevas medidas de seguridad transitorias para garantizar el orden. 

Lee la noticia completa: ⬇⬇⬇
",,0,"06/05/2025 12:27",N/A,https://www.facebook.com/AlcaldiaDeTulua/posts/pfbid064W8sV9s1hA7mTfkTStp4CN8Pxuj6NQcrsKGWY5dhggkhgdRh5cRbXRvYysD5AVRl,0,0,Enlaces,,,,,Total,10103,5959,60,47,4,9,,,,,1043,232,811,,
1154966956670635,100064720237286,"Alcaldía de Tuluá","📍Comedor digno para la I.E. Marino Dávalos 🍽️📚

Atendiendo la solicitud de la comunidad, dotamos a esta sede educativa con 6 mesas portátiles y 40 sillas, garantizando que nuestros niños y niñas ya no coman en el suelo. 🗣️ Este es un gobierno que escucha y que cumple.

💙 ¡Seguimos trabajando por una educación con dignidad! #ParaSerFelices","📍Comedor digno para la I.E. Marino Dávalos 🍽️📚

Atendiendo la solicitud de la comunidad, dotamos a esta sede educativa con 6 mesas portátiles y 40 sillas, garantizando que nuestros niños y niñas ya no coman en el suelo. 🗣️ Este es un gobierno que escucha y que cumple.

💙 ¡Seguimos trabajando por una educación con dignidad! #ParaSerFelices",55,"06/05/2025 11:12",N/A,https://www.facebook.com/reel/1244343223729813/,1,0,Reels,,,,,Total,5974,3989,204,164,17,23,49592.23,9.121,0,0,142,142,,,
1154861510014513,100064720237286,"Alcaldía de Tuluá",,,0,"06/05/2025 08:13",N/A,https://www.facebook.com/AlcaldiaDeTulua/posts/pfbid0R5rPuobpVTkFBJZyCj3HcQCM6UWfYjyx8BRAGWC7fV8nD8ZVZ6Qz7RpBEok3EdWsl,0,1,Fotos,,,,,Total,7807,4951,110,71,19,20,,,,,399,310,,,89
1154804046686926,100064720237286,"Alcaldía de Tuluá","🚨 ¡Iniciamos la continuación de la Calle 26 con pavimento rígido! 🛣️✅

Con esta obra avanzamos en el desembotellamiento del centro de Tuluá, mejorando la movilidad y la calidad de vida de todos.

👷‍♀️🚧 Seguimos comprometidos con la transformación vial de nuestra ciudad.
💙 ¡Obras que conectan, obras que nos hacen felices! #ObrasParaSerFelices","🚨 ¡Iniciamos la continuación de la Calle 26 con pavimento rígido! 🛣️✅

Con esta obra avanzamos en el desembotellamiento del centro de Tuluá, mejorando la movilidad y la calidad de vida de todos.

👷‍♀️🚧 Seguimos comprometidos con la transformación vial de nuestra ciudad.
💙 ¡Obras que conectan, obras que nos hacen felices! #ObrasParaSerFelices",14,"06/05/2025 06:41",N/A,https://www.facebook.com/reel/1501125414234277/,1,0,Reels,,,,,Total,5164,3355,140,108,8,24,22832.614,5.222,0,0,116,116,,,
1154485036718827,100064720237286,"Alcaldía de Tuluá","🚨 ¡Atención, tulueños!
Desde este jueves 5 de junio 🕗 8:00 p. m. hasta las 5:00 a. m.
queda PROHIBIDO el parrillero hombre y mujer 🛵🚫 en todo Tuluá (zona urbana y rural).

📆 Vigente en los horarios establecidos hasta el lunes 9 de junio.

💡 ¡Ayúdanos a mantener la seguridad! ✅",,0,"06/04/2025 20:30",N/A,https://www.facebook.com/AlcaldiaDeTulua/posts/pfbid02MrfZkSj3g5ByovnB3Zpfq6YCoTLq8uaGsSXe5QDDASwUo4JRhLT3yWq4nQXqSzNJl,0,0,Fotos,,,,,Total,19397,11544,211,129,23,59,,,,,1120,737,,,383
1154311380069526,100064720237286,"Alcaldía de Tuluá","#Noticias | Alcaldía decretó toque de queda para preservar el orden y la seguridad en Tuluá.

La Alcaldía de Tuluá informa a toda la ciudadanía que, debido a los recientes hechos vandálicos contra el servicio de transporte público en el municipio, se ha tomado la decisión de decretar toque de queda general como medida preventiva y de contención para salvaguardar la vida, la tranquilidad y la seguridad de los tulueños.

Lee la noticia completa:⬇️⬇️⬇️
",,0,"06/04/2025 15:50",N/A,https://www.facebook.com/AlcaldiaDeTulua/posts/pfbid02Fg8S15vwqX3dtAuybipJBXjV4PUzGn4DhmyBQFvbhRAn6Txi43JrEYf12q3aoMWGl,0,0,Enlaces,,,,,Total,5500,3159,42,31,5,6,,,,,155,21,134,,
1154303143403683,100064720237286,"Alcaldía de Tuluá","🚨 ¡ALCALDÍA DECRETA TOQUE DE QUEDA! 🚨

La Administración Municipal de Tuluá decreta TOQUE DE QUEDA 🕕 desde las 6:00 p.m. del miércoles 4 de junio hasta las 5:00 a.m. del jueves 5 de junio, como medida urgente para preservar el orden y la seguridad tras los hechos vandálicos contra el transporte público 🚌🔥.

👮‍♂️ La medida será vigilada por la Fuerza Pública y solo podrán circular personas con excepciones legales: personal de salud 🏥, emergencias 🚑, servicios públicos esenciales 💡, y Fuerzas Armadas.

📍 ¡Trabajamos por la tranquilidad y protección de todos! 📢 Sigue nuestras redes para más actualizaciones oficiales.","🚨 ¡ALCALDÍA DECRETA TOQUE DE QUEDA! 🚨

La Administración Municipal de Tuluá decreta TOQUE DE QUEDA 🕕 desde las 6:00 p.m. del miércoles 4 de junio hasta las 5:00 a.m. del jueves 5 de junio, como medida urgente para preservar el orden y la seguridad tras los hechos vandálicos contra el transporte público 🚌🔥.

👮‍♂️ La medida será vigilada por la Fuerza Pública y solo podrán circular personas con excepciones legales: personal de salud 🏥, emergencias 🚑, servicios públicos esenciales 💡, y Fuerzas Armadas.

📍 ¡Trabajamos por la tranquilidad y protección de todos! 📢 Sigue nuestras redes para más actualizaciones oficiales.",97,"06/04/2025 15:30",mixed,https://www.facebook.com/reel/1074740021385454/,1,0,Reels,,,,,Total,22676,13428,527,323,78,126,416228.458,21.032,0,0,1234,1234,,,
1154251866742144,100064720237286,"Alcaldía de Tuluá","#BienestarSocial | Alcaldía de Tuluá entrega 700 árboles en jornada de reforestación comunitaria.

Con esta iniciativa, el alcalde Gustavo Vélez, busca fortalecer las acciones de reforestación en el territorio, mejorar las condiciones ambientales y fomentar la participación ciudadana en la conservación de los recursos naturales. Durante la jornada, se destacó la articulación entre instituciones locales, departamentales y nacionales, así como el compromiso comunitario con el cuidado del entorno.

Lee la noticia completa: ⬇⬇⬇
",,0,"06/04/2025 13:25",N/A,https://www.facebook.com/AlcaldiaDeTulua/posts/pfbid02Hos4ii3bgNohu9VwKZdSRRw1XJTuG48hApGMwMEjvgQm671vPap77zRDK6YGSNvMl,0,0,Enlaces,,,,,Total,5011,2726,41,32,3,6,,,,,23,12,11,,
1154237430076921,100064720237286,"Alcaldía de Tuluá","#Obras | Alcalde Gustavo Vélez inició obras que darán apertura a las Calles 29A y 34.

Esta intervención, además de facilitar el tránsito vehicular, desviará el paso de vehículos pesados que actualmente circulan por el barrio Sajonia, contribuyendo así a la conservación de su malla vial y reduciendo el riesgo de deterioro prematuro en esta zona residencial. 

Lee la noticia: ⬇⬇⬇
",,0,"06/04/2025 12:52",N/A,https://www.facebook.com/AlcaldiaDeTulua/posts/pfbid0QB71T9hmvoBZJ6g1zAqAsUBdc1P15zetCN99aGaJAg6o1kiyNyv3QUNmPjXbVw8Tl,0,0,Enlaces,,,,,Total,10132,5867,146,114,13,19,,,,,268,131,137,,
1154230423410955,100064720237286,"Alcaldía de Tuluá","¡AVISO IMPORTANTE! ‼️🚨
A todos los afiliados al régimen subsidiado de salud:

De acuerdo con el Decreto 616 de 2022, es requisito tener encuesta Sisbén vigente y estar clasificado en los grupos A, B o C para continuar con el aseguramiento en salud.

📌 Verifica tu información y evita ser retirado del sistema de salud.
Acércate a la oficina del Sisbén o consulte en línea su grupo de clasificación. ✅",,0,"06/04/2025 12:38",N/A,https://www.facebook.com/AlcaldiaDeTulua/posts/pfbid025AxLic25PoMx6vsDYuKEmUWthxHvsxq56rjeQ3CYKfqjjrhyV2WDyUJLYc1o11tbl,0,0,Fotos,,,,,Total,5618,3418,35,26,1,8,,,,,202,50,,,152
1154058650094799,100064720237286,"Alcaldía de Tuluá","📣 ¿Para qué sirven los Consejos de Juventud?
Aquí te lo contamos 🔥👇

👥 Son espacios donde tus ideas y propuestas como joven sí cuentan.
🗣️ Defienden tus derechos, impulsan tus iniciativas y te dan voz y voto en las decisiones que importan.
💡 ¡Es tu momento de ser protagonista del cambio!

🙌 ¡Haz parte de este proceso y que se escuche tu voz! 💪✨#ParaSerFelices","📣 ¿Para qué sirven los Consejos de Juventud?
Aquí te lo contamos 🔥👇

👥 Son espacios donde tus ideas y propuestas como joven sí cuentan.
🗣️ Defienden tus derechos, impulsan tus iniciativas y te dan voz y voto en las decisiones que importan.
💡 ¡Es tu momento de ser protagonista del cambio!

🙌 ¡Haz parte de este proceso y que se escuche tu voz! 💪✨#ParaSerFelices",34,"06/04/2025 07:42",uploaded,https://www.facebook.com/reel/1613968179319560/,1,0,Reels,,,,,Total,1919,1617,32,27,0,5,6366.293,3.576,0,0,7,7,,,
1153561336811197,100064720237286,"Alcaldía de Tuluá","2024: el año en que Tuluá recuperó la seguridad y la esperanza 🔒✨

👮‍♂️ Con más seguridad y mayor presencia en las calles, los homicidios bajaron, los hurtos disminuyeron y la confianza volvió.
🚔 Más de 800 capturas, 412 allanamientos y 202 Caravanas por la Vida nos devolvieron la tranquilidad.
🚦 Recuperamos la movilidad, señalizamos zonas críticas y salvamos vidas con educación vial.
🤝 Estuvimos donde más se necesitaba: acompañamos a familias desplazadas y entregamos ayuda humanitaria a cientos de personas.
Hoy Tuluá camina con más seguridad, con más orden, con más vida.
Porque este es un Gobierno de Resultados.
#ParaSerFelices","2024: el año en que Tuluá recuperó la seguridad y la esperanza 🔒✨

👮‍♂️ Con más seguridad y mayor presencia en las calles, los homicidios bajaron, los hurtos disminuyeron y la confianza volvió.
🚔 Más de 800 capturas, 412 allanamientos y 202 Caravanas por la Vida nos devolvieron la tranquilidad.
🚦 Recuperamos la movilidad, señalizamos zonas críticas y salvamos vidas con educación vial.
🤝 Estuvimos donde más se necesitaba: acompañamos a familias desplazadas y entregamos ayuda humanitaria a cientos de personas.
Hoy Tuluá camina con más seguridad, con más orden, con más vida.
Porque este es un Gobierno de Resultados.
#ParaSerFelices",133,"06/03/2025 16:30",uploaded,https://www.facebook.com/AlcaldiaDeTulua/videos/733994692500414/,1,0,Videos,,,,,Total,2190,1895,68,37,20,11,17475.237,8.689,0,0,47,47,,0,
1153544430146221,100064720237286,"Alcaldía de Tuluá","#Obras | Arrancó fase inicial de las obras que transformarán el corregimiento de Nariño.

Tras la socialización liderada por el alcalde Gustavo Vélez, el pasado viernes, donde se presentaron las megas obras que transformarán el corregimiento de Nariño, comenzaron oficialmente las primeras acciones para su ejecución. Empresas Municipales de Tulua ESP

Lee la noticia completa: ⬇⬇⬇
",,0,"06/03/2025 15:55",N/A,https://www.facebook.com/AlcaldiaDeTulua/posts/pfbid0362D2L29NVYkTXPwwEta5F3qNYMdSHRxqpLX47EJeKhfdrF8x9yAGNspss5RkH714l,0,0,Enlaces,,,,,Total,4067,2815,62,48,4,10,,,,,102,38,64,,
1153543763479621,100064720237286,"Alcaldía de Tuluá","#BienestarSocial | Alcaldía fortalece acciones contra el trabajo infantil en corregimiento de Nariño.

Durante la jornada se realizaron charlas informativas, actividades lúdicas y encuentros de reflexión, con la participación activa de autoridades locales, entidades gubernamentales y organizaciones sociales, quienes ratificaron su voluntad de trabajar de manera articulada en la prevención y erradicación de esta problemática.

Lee la noticia completa: ⬇⬇⬇
",,0,"06/03/2025 15:54",N/A,https://www.facebook.com/AlcaldiaDeTulua/posts/pfbid02rPxpvHF4yTEydzB7ieax57gqXdpV8X1V8MfDjqFAPNJ8Zzg5XBjepKnsxCELh4DVl,0,0,Enlaces,,,,,Total,1902,1404,27,22,0,5,,,,,6,2,4,,
1153514510149213,100064720237286,"Alcaldía de Tuluá","¡100 metros lineales de pavimento rígido en la Calle 29A y la Calle 34! 🚧✨

Con estos dos nuevos frentes de obra, iniciamos la construcción de una nueva malla vial, en el cual conectaremos las comunas 4 y 6, mejorando la movilidad y la calidad de vida de los tulueños. Con esta intervención, los vehículos pesados dejarán de pasar por el barrio Sajonia, ayudando a conservar su malla vial y evitar su deterioro. 

👷‍♀️ Dos frentes, una misma meta:
💙 ¡Obras #ParaSerFelices!",,0,"06/03/2025 14:43",N/A,https://www.facebook.com/AlcaldiaDeTulua/posts/pfbid02emotsDGJ9aLXnfQeY5vbDQsFv9YN2jQkTpWdk78vJQ1HDcc8tHmv6spDavMQnKaFl,0,0,Fotos,,,,,Total,7889,4684,114,83,17,14,,,,,793,223,,,570
1153372063496791,100064720237286,"Alcaldía de Tuluá","#Educación | Alcalde Gustavo Vélez inició mejora de infraestructura en I. E. Julia Restrepo.

Con el reemplazo de la antigua cubierta por una estructura metálica con teja en PVC, la Administración del alcalde Gustavo Vélez Román inició, tan solo 10 días después del incidente, las obras de reparación en la Institución Educativa Julia Restrepo, donde recientemente colapsó parte del techo de un salón. 

Lee la noticia completa: ⬇⬇⬇
",,0,"06/03/2025 10:22",N/A,https://www.facebook.com/AlcaldiaDeTulua/posts/pfbid0T6GgrKRmpGLvecbhzZR9VKB4ATu6S1WLVVEFXzX4nwRu4B5ZvwvPq9cL744Dmkbrl,0,0,Enlaces,,,,,Total,2276,1623,40,31,3,6,,,,,36,30,6,,
1153364170164247,100064720237286,"Alcaldía de Tuluá","🚫👶 ¡Decimos NO al trabajo infantil!

Estuvimos en las instituciones educativas San Miguel y Jovita Santacoloma, del corregimiento de Nariño, llevando a cabo una Jornada de Socialización para sensibilizar a la comunidad sobre la importancia de proteger los derechos de la niñez. 👧👦

📚 Durante este espacio compartimos información, realizamos actividades pedagógicas y dialogamos con líderes, familias, docentes y estudiantes, con un mensaje claro:¡Los niños no trabajan, los niños sueñan, juegan y aprenden! 🎨✏️ #ParaSerFelices",,0,"06/03/2025 10:11",N/A,https://www.facebook.com/AlcaldiaDeTulua/posts/pfbid02jnRBwkFgNtdCUtzyeu48z5a9NDtvqpuRSfVxvY2QiwSn6igaDqZAUsabAHYwYNZ3l,0,0,Fotos,,,,,Total,4312,2761,50,42,2,6,,,,,274,97,,,177
1153352243498773,100064720237286,"Alcaldía de Tuluá","El alcalde Gustavo Vélez Román respondió con rapidez para garantizar espacios seguros para nuestros estudiantes de la I.E. Julia Restrepo. 🔧💪📚
🔨 Estamos haciendo el reemplazo de la antigua cubierta por una estructura metálica con teja en PVC, un material más resistente y con aislamiento térmico, que mejora el ambiente de aprendizaje. ☀️ 🤝💪🏼

📍 Muy pronto, otras sedes también serán intervenidas muy pronto.

Educación segura, digna y de calidad. Porque este es un Gobierno de Resultados. #ParaSerFelices ✅💪🏼","El alcalde Gustavo Vélez Román respondió con rapidez para garantizar espacios seguros para nuestros estudiantes de la I.E. Julia Restrepo. 🔧💪📚
🔨 Estamos haciendo el reemplazo de la antigua cubierta por una estructura metálica con teja en PVC, un material más resistente y con aislamiento térmico, que mejora el ambiente de aprendizaje. ☀️ 🤝💪🏼

📍 Muy pronto, otras sedes también serán intervenidas muy pronto.

Educación segura, digna y de calidad. Porque este es un Gobierno de Resultados. #ParaSerFelices ✅💪🏼",54,"06/03/2025 09:51",N/A,https://www.facebook.com/reel/689075770554793/,1,0,Reels,,,,,Total,3032,1187,187,142,20,25,27219.018,9.686,0,0,60,60,,,
1150943927072938,100064720237286,"Alcaldía de Tuluá","#Educación | Tuluá realizó con éxito la primera Mesa Pública del Programa de Alimentación Escolar.

Durante el encuentro, la Secretaría de Educación expuso los avances y acciones realizadas en materia de inspección, control y vigilancia del PAE, destacando las visitas periódicas a las instituciones educativas y la atención oportuna a las quejas ciudadanas, en un esfuerzo constante por garantizar la transparencia y el buen uso de los recursos públicos.

Lee la noticia completa:⬇️⬇️⬇️
",,0,"05/31/2025 08:47",N/A,https://www.facebook.com/AlcaldiaDeTulua/posts/pfbid0JoraTYi65UdcTf5M9QTT9D9QamXNigEPLC7VkugsXaGVrvqggw63C7eFQSocdfCul,0,0,Enlaces,,,,,Total,1837,1236,36,31,0,5,,,,,17,9,8,
1150905053743492,100064720237286,"Alcaldía de Tuluá","🍎 ¡Tuluá realizó con éxito la primera Mesa Pública del PAE! 🗣️📚

Escuchamos a la comunidad, estuvimos con padres de familia, estudiantes, docentes, y con la asistencia de las autoridades competentes, compartimos avances y reafirmamos nuestro compromiso con la alimentación y el bienestar de nuestros estudiantes 💙.

¡Seguimos trabajando con transparencia y amor por la educación! 👧👦✨#ParaSerFelices","🍎 ¡Tuluá realizó con éxito la primera Mesa Pública del PAE! 🗣️📚

Escuchamos a la comunidad, estuvimos con padres de familia, estudiantes, docentes, y con la asistencia de las autoridades competentes, compartimos avances y reafirmamos nuestro compromiso con la alimentación y el bienestar de nuestros estudiantes 💙.

¡Seguimos trabajando con transparencia y amor por la educación! 👧👦✨#ParaSerFelices",63,"05/31/2025 07:55",N/A,https://www.facebook.com/reel/1334254617661700/,1,0,Reels,,,,,Total,3313,1448,260,163,4,93,23038.577,7.465,0,0,22,22,,
1151853286982002,100064720237286,"Alcaldía de Tuluá","🎙️ElPodcastdeVélez | Episodio 18. MegaObras para el Corregimiento de Nariño.

En este episodio, el alcalde Gustavo Vélez se reunió con la comunidad del corregimiento de Nariño para socializar las obras que se ejecutarán con una inversión de más de $5.000 millones. Proyectos que transformarán la movilidad, el saneamiento y la calidad de vida de sus habitantes.","🎙️ElPodcastdeVélez | Episodio 18. MegaObras para el Corregimiento de Nariño.

En este episodio, el alcalde Gustavo Vélez se reunió con la comunidad del corregimiento de Nariño para socializar las obras que se ejecutarán con una inversión de más de $5.000 millones. Proyectos que transformarán la movilidad, el saneamiento y la calidad de vida de sus habitantes.",557,"06/01/2025 10:50",N/A,https://www.facebook.com/AlcaldiaDeTulua/videos/2979526698873933/,1,0,Videos,,,,,Total,3597,2815,192,130,42,20,71356.827,22.243,0,0,249,249,,0
1151690326998298,100064720237286,"Alcaldía de Tuluá","🎉 ¡Celebramos con orgullo los 200 años de vida municipal de Tuluá! 🇨🇴💙

Este Bicentenario no solo es motivo de celebración, sino también un llamado a la acción: tenemos la responsabilidad de seguir construyendo una ciudad que avance, que se transforme y que le cumpla a la ciudadanía. Porque Tuluá merece ser una ciudad #ParaSerFelices. 🌟","🎉 ¡Celebramos con orgullo los 200 años de vida municipal de Tuluá! 🇨🇴💙

Este Bicentenario no solo es motivo de celebración, sino también un llamado a la acción: tenemos la responsabilidad de seguir construyendo una ciudad que avance, que se transforme y que le cumpla a la ciudadanía. Porque Tuluá merece ser una ciudad #ParaSerFelices. 🌟",57,"06/01/2025 07:18",uploaded,https://www.facebook.com/reel/1027257199600816/,1,0,Reels,,,,,Total,2454,1402,111,82,10,19,20840.575,8.975,0,0,57,57,,
1151175230383141,100064720237286,"Alcaldía de Tuluá","➡️Conoce las noticias más importantes de la semana en nuestro resumen semanal “45 segundos” #ParaSerFelices 💙✅","➡️Conoce las noticias más importantes de la semana en nuestro resumen semanal “45 segundos” #ParaSerFelices 💙✅",78,"05/31/2025 16:10",uploaded,https://www.facebook.com/reel/1357477342145161/,1,0,Reels,,,,,Total,3616,1820,119,94,5,20,43694.355,13.24,0,0,73,73,,
