"Identificador de la publicación","Identificador de la cuenta","Nombre de usuario de la cuenta","Nombre de la cuenta",Descripción,"Duración (segundos)","Hora de publicación","Enlace permanente","Tipo de publicación","Comentario sobre los datos",Fecha,Visualizaciones,"Me gusta","Veces que se compartió",Comentarios,"Veces que se guardó",Alcance,Seguimientos
17912849463111793,17841440739178712,policiavalledelcauca,"Policia Valle del Cauca","🐎 A esta hora acompañamos a nuestros caballistas en el desarrollo de la cabalgata de la Feria de Tuluá 2025.

👮‍♂️ Invitamos a todos a disfrutar con responsabilidad y buen comportamiento. ¡La seguridad es compromiso de todos!

#CabalgataSegura #FeriaDeTuluá2025 #PolicíaNacional #TuluáSegura",0,"06/14/2025 16:31",https://www.instagram.com/p/DK5lUDlMdll/,"Secuencia de Instagram",,Total,10013,266,2,6,0,,
18512915062055893,17841402591799685,alcaldiadetulua,"Alcaldía de Tuluá","🎉🐎 cientos de familias se unieron para vivir la emoción de nuestra tradición. ¡La Feria 67 de Tuluá ya está en marcha! 🎊

Con alegría y corazones latiendo al ritmo de nuestra tierra, dimos el arranque oficial a esta celebración que promete ser inolvidable. 😍

¡El camino ya está abierto y la Feria apenas comienza! 🫣 ¡No te pierdas lo que viene! 🎉",0,"06/14/2025 15:38",https://www.instagram.com/p/DK5fPeNveWY/,"Secuencia de Instagram",,Total,20749,321,9,0,10,11069,4
18051561047417542,17841402591799685,alcaldiadetulua,"Alcaldía de Tuluá","🚧✨ ¡Adiós a los huecos en la calle 34!

Así se ven 1.400 metros lineales de topping en esta vía que conecta a 5 barrios, y hoy está totalmente recuperada con topping, ofreciendo mejor movilidad y calidad de vida a los tulueños. ✌🏽

💙 ¡Aquí trabajamos día y noche para seguir transformando a Tuluá en la ciudad que soñamos #ParaSerFelices! 🤩💪🏼",31,"07/22/2025 18:27",https://www.instagram.com/reel/DMbor85giru/,"Reel de Instagram",,Total,22291,368,38,21,3,5674,2
18067292135134371,17841402591799685,alcaldiadetulua,"Alcaldía de Tuluá","🌳 ¡Retiramos árbol que representaba riesgo en la calle 25!

Con una intervención técnica y responsable de la SEDAMA, ahora la calle 25 es un lugar más seguro para peatones y vecinos de la calle 25. 🛣️💙 El árbol retirado presentaba daños estructurales y fitosanitarios, es decir, con afectaciones por plagas o enfermedades que comprometían su estabilidad. 🚶‍♀️🚗 y que podían afectar a peatones y conductores que transitan por el sector. 🚶‍♀️🚗

🌿 Como medida compensatoria, sembramos nuevos árboles en otros sectores del municipio, reafirmando el compromiso del alcalde @gustavovelezr con una Tuluá más verde, segura y sostenible. 💙🍃 #ParaSerFelices",51,"07/22/2025 15:17",https://www.instagram.com/reel/DMbS8sIP6t9/,"Reel de Instagram",,Total,4710,54,3,8,3,2158,0
18067784534120726,17841433443880918,fundacionlevapan,"Fundación Levapan","✨ Gracias por ser parte de la Feria de Emprendimiento Levapan: Impulsando Comunidades

Desde la Fundación Levapan agradecemos a los 70 emprendimientos que participaron en esta gran iniciativa, donde el talento, la creatividad y el esfuerzo local fueron los verdaderos protagonistas.

Gracias al valioso apoyo de la @alcaldiadetulua @camaratulua y @senaclem_tulua seguimos construyendo espacios que impulsan el crecimiento, fortalecen la economía local y generan oportunidades reales para nuestras comunidades.

 ❤️Juntos seguimos transformando vidas a través del emprendimiento.
.
.
#FundaciónLevapan #ImpulsandoComunidades #FeriaDeEmprendimientoLevapan #EmprendimientoLocal #Tuluá #SENA #CámaraDeComercioDeTuluá #AlcaldíaDeTuluá #EmprenderEsCrecer #JuntosTransformamos",0,"07/22/2025 13:02",https://www.instagram.com/p/DMbDqNGxVWc/,"Secuencia de Instagram",,Total,2996,83,9,2,0,,
18085283314699484,17841402591799685,alcaldiadetulua,"Alcaldía de Tuluá","🏅 ¡Tuluá presente en los Juegos Departamentales 2025! ⚽🔥

Estos son algunos de nuestros deportistas tulueños que ya están dejando huella en los Juegos Departamentales. 💪 Ellos integran la selección Tuluá de fútbol masculino, representando con pasión, disciplina y talento a nuestro municipio. 💙⚽

Ellos se unen a los más de 300 jóvenes atletas que participarán en 33 disciplinas deportivas, demostrando que en Tuluá sí se transforma el deporte #ParaSerFelices. 🏃‍♀️🏋️‍♂️

¡Vamos, Tuluá! 💙 💪🏽",24,"07/22/2025 08:25",https://www.instagram.com/reel/DMajw93AgoY/,"Reel de Instagram",,Total,9960,100,11,9,1,2310,0
18068643203029026,17841402591799685,alcaldiadetulua,"Alcaldía de Tuluá","🚧 Agricultores de Tochecito y Altaflor cuentan con mejores vías para sacar sus productos 🌄

Con maquinaria y labores de compactación,  mejoramos la vía para facilitar el transporte de productos frescos del campo a la ciudad, de estudiantes de zona rural y el acceso a servicios. 

💪🌱 Porque una vía en buen estado mejora la calidad de vida de nuestros campesinos. 🌾 #ParaSerFelices 💙",56,"07/21/2025 15:17",https://www.instagram.com/reel/DMYuEXLv_2u/,"Reel de Instagram",,Total,4953,45,4,3,0,1569,0
17971840514763156,17841402591799685,alcaldiadetulua,"Alcaldía de Tuluá","🐾 Un día lleno de huellas, amor y esperanza 💙🤩

Este fin de semana celebramos  el Día Mundial del Perro en el Parque de la Familia📍. Una jornada cargada de emociones, donde tulueños y tulueñas se unieron para honrar la vida de nuestros peludos con amor y compromiso. 🐾🐶

Durante el evento, realizamos vacunación antirrábica gratuita tanto a perritos como gatitos, desparasitación, asesorías sobre tenencia responsable, rifas y actividades para toda la familia. Además, muchos animalitos encontraron una nueva oportunidad de vida gracias a la jornada de adopción liderada por la Fundación Huellitas En La Calle. 🤩🐾💙

¡Porque cada vida cuenta y cada ladrido también merece un hogar! 🐶🏡 #ParaSerFelices",0,"07/21/2025 08:18",https://www.instagram.com/p/DMX-SDLgHAp/,"Secuencia de Instagram",,Total,5436,144,9,1,2,2788,1
18071100638044109,17841402591799685,alcaldiadetulua,"Alcaldía de Tuluá","➡️Conoce las noticias más importantes de la semana en nuestro resumen semanal “45 segundos” #*ParaSerFelices* 💙✅ 😎",62,"07/20/2025 16:14",https://www.instagram.com/reel/DMWP3QJvmrv/,"Reel de Instagram",,Total,3532,32,3,2,0,1777,0
18082148806889170,17841402591799685,alcaldiadetulua,"Alcaldía de Tuluá","🇨🇴✨ Hoy celebramos con orgullo el Día de la Independencia💪🏼

La Plaza Cívica Boyacá se llenó de honor y patriotismo en el homenaje a nuestros símbolos patrios.🎶 Con presentaciones artísticas y culturales vivimos la conmemoración del Grito de Independencia. 🙌 Exaltando la labor de nuestras fuerzas armadas quienes se encargan de la seguridad de nuestro municipio y del país.

¡Viva nuestra historia, viva nuestra gente, viva Colombia! 💛💙❤️ #ParaSerFelices",0,"07/20/2025 09:30",https://www.instagram.com/p/DMVhyJIg3kT/,"Secuencia de Instagram",,Total,9042,402,20,4,4,4946,0
17952119348848767,17841402591799685,alcaldiadetulua,"Alcaldía de Tuluá","🍽️ ¡Ahora 250 personas podrán acceder a alimentación digna y balanceada! 💙✨

El alcalde @gustavovelezr visitó el comedor comunitario del programa “Sazón para Ser Felices” y anunció la ampliación del cupo para beneficiar a niños, adultos mayores y personas vulnerables 👵👦👨‍🦳 Esta estrategia, liderada por la Secretaría de Bienestar Social, se mantendrá hasta el 30 de diciembre de 2025, garantizando acceso a comida saludable para quienes más lo necesitan 🥗🙌

✅ Lucha contra el hambre
✅ Bienestar social
✅ Atención con enfoque humano

¡Así construimos una Tuluá más justa y solidaria! #ParaSerFelices 💙🍲",27,"07/18/2025 15:41",https://www.instagram.com/reel/DMRCjRcPr0Q/,"Reel de Instagram",,Total,6930,61,4,1,0,1998,0
18082211668799905,17841402591799685,alcaldiadetulua,"Alcaldía de Tuluá","🔵 ¡+2.000 personas beneficiadas en Tres Esquinas! 🏥🙌

Con la apertura del Puesto de Salud en este corregimiento, los tulueños tendrán acceso a servicios médicos de calidad, más cerca de sus hogares 💙 El alcalde @gustavovelezr entregó este renovado espacio con atención integral y personal capacitado del Hospital Rubén Cruz Vélez, mejorando la calidad de vida en la zona rural de Tuluá 🌿

¡Seguimos transformando la salud para quienes más lo necesitan! #ParaSerFelices 💙✨",45,"07/18/2025 10:44",https://www.instagram.com/reel/DMQgg3Lvqic/,"Reel de Instagram",,Total,6997,57,13,6,0,2659,1
18072210077064782,17841465258460662,secre.bienestarsocialtulua,"SECRETARIA DE BIENESTAR SOCIAL","¡Más de 200 vidas transformadas! 💚
Durante nuestra jornada de atención integral en el Comedor Sazón para ser Felices, logramos impactar positivamente a más de 200 personas gracias a las diferentes ofertas institucionales que brinda la Administración Municipal, bajo el liderazgo del alcalde Gustavo Adolfo Vélez Román.
Seguimos trabajando con compromiso y corazón por el bienestar de nuestra comunidad tulueña. 💪✨",0,"07/18/2025 09:42",https://www.instagram.com/p/DMQZidbs2RL/,"Secuencia de Instagram",,Total,7187,89,3,1,0,,
17897901966251409,17841400356362656,infitulua,"INFITULUÁ E.I.C.E","🚧 ¡Avanza la transformación más grande de una vía en Tuluá! 🛣️

La calle 34 ya suma más de 900 metros lineales pavimentados con técnica de topping, garantizando mayor resistencia y calidad para todos los tulueños. 👷‍♂️✨

La Administración Municipal del ingeniero @gustavovelezr sigue cumpliendo con obras que conectan barrios, mejoran la movilidad y dignifican el espacio público.

📍¡Así se construye una Tuluá para el presente y el futuro!

#ParaSerFelices 💙
#ObrasQueTransforman 
#TuluáSigueAvanzando",44,"07/18/2025 05:16",https://www.instagram.com/reel/DMP6vdXgBQd/,"Reel de Instagram",,Total,4258,119,6,6,1,2431,1
17904343281212843,17841400356362656,infitulua,"INFITULUÁ E.I.C.E","🚧 ¡Seguimos transformando a Tuluá! 🏡🚧

Con más de 700 m² de ampliación vial, la Administración Municipal del ingeniero Gustavo Adolfo Vélez Román avanza en la modernización de la calle 13 en la zona de Estambul.

✅ Instalación de carpeta asfáltica
✅ Ampliación de la doble calzada
✅ Separador vial
✅ Embellecimiento con zonas verdes

Una obra pensada Para Ser Felices, con más movilidad, seguridad y calidad de vida para todos. 🌱🚗

#TuluáSigueAvanzando
#ObrasQueTransforman 
#ParaSerFelices 💙",23,"07/17/2025 17:45",https://www.instagram.com/reel/DMOr_shpbA1/,"Reel de Instagram",,Total,3512,67,6,4,0,2144,1
18065154365275979,17841402591799685,alcaldiadetulua,"Alcaldía de Tuluá","🔵 Tres Esquinas tiene renovado Puesto de Salud 🏥✨

El alcalde @gustavovelezr reabrió este centro con espacios dignos, personal calificado y atención continua para la comunidad rural 💙

📅 Martes y sábados
🕖 De 7:00 a. m. a 4:00 p. m.

🩺 Servicios:
✅ Medicina general
✅ Odontología
✅ Enfermería
✅ Programas de promoción y prevención

¡Seguimos llevando salud de calidad a todos los rincones de Tuluá!  #ParaSerFelices 💙🤩",0,"07/17/2025 16:10",https://www.instagram.com/p/DMOhIw3vrvA/,"Secuencia de Instagram",,Total,6003,148,8,2,5,3294,0
18072770315487914,17841402591799685,alcaldiadetulua,"Alcaldía de Tuluá","🏡✨ 📝 Más de 80 familias en proceso de legalización en La Estrella 
🏡

Con una jornada de atención integral,🐶 vacunación para mascotas, 🧑‍💼 atención social y 📋 caracterización puerta a puerta, inicia el proceso de legalización urbanística en este asentamiento ubicado en la vía a Tres Esquinas, donde las familias de este sector, comienzan a ver hecha realidad la esperanza de una vivienda digna, servicios públicos legalizados y beneficios del Estado. 💧🏠📑

¡Seguimos transformando a Tuluá en un municipio más humano! 💙
#ParaSerFelices",0,"07/17/2025 08:48",https://www.instagram.com/p/DMNug9EgXzF/,"Secuencia de Instagram",,Total,2342,56,5,0,1,1216,0
17934673605059294,17841402591799685,alcaldiadetulua,"Alcaldía de Tuluá","🧼🔍 ¡Reforzamos el control sanitario en Tuluá!

Hoy con Secretaría de Salud, realizamos nuevamente operativos de Inspección, Vigilancia y Control 🍽️

✅ Revisamos productos y espacios de manipulación
✅ Sensibilizamos a comerciantes sobre normas sanitarias
✅ Invitamos a tener la documentación al día y cumplir la ley

¡Comer bien también es transformar la salud de Tuluá! #ParaSerFelices 💙",35,"07/17/2025 05:02",https://www.instagram.com/reel/DMNUr0XAA2S/,"Reel de Instagram",,Total,2865,14,2,2,0,1357,0
17994355148663448,17841402591799685,alcaldiadetulua,"Alcaldía de Tuluá","🏥🌿 Atención Primaria en Salud sigue recorriendo la zona rural de Tuluá

Los Equipos Básicos de Salud del @hospitalrubencruzvelez, continúan su recorrido por nuestros corregimientos, llevando atención integral a las comunidades que más lo necesitan. 👩‍⚕️🚑

Esta semana, llegaron al corregimiento de Quebradagrande, donde ofrecieron servicios médicos, odontológicos, psicológicos, de enfermería y trabajo social, con el respaldo de la comunidad y el compromiso de la Administración Municipal. 💙

✅ Más de 150 familias atendidas
✅ Jornadas en Altaflor, El Recreo, El Rocío, El Retiro y ahora Quebradagrande
✅ Salud con enfoque rural, humano y oportuno

¡Seguimos construyendo una Tuluá con bienestar #ParaSerFelices!",0,"07/16/2025 15:01",https://www.instagram.com/p/DML0bHav13C/,"Secuencia de Instagram",,Total,2535,27,0,0,0,1345,0
17968343849924110,17841402591799685,alcaldiadetulua,"Alcaldía de Tuluá","🎥✨ Conoce a Carolina y su marca ALISK💙 

Una emprendedora tulueña con un talento innato para las manualidades y la moda circular, que transforma el arte en oportunidades. 🧵👜

Su emprendimiento fue el ganador del pabellón de artesanías en la Feria de Emprendimiento Impulsando Comunidades, una iniciativa de @fundacionlevapan, @camaratulua y @alcaldiadetulua. 🏆💼

Descubre su historia y cómo, con sus manos y su creatividad, Carolina está dejando huella en Tuluá. #ParaSerFelices 💙🤩",121,"07/16/2025 10:46",https://www.instagram.com/reel/DMLXJFkvck2/,"Reel de Instagram",,Total,5135,141,13,28,3,2193,3
18007901594608306,17841402591799685,alcaldiadetulua,"Alcaldía de Tuluá","🚧 ¡Jarillón artesanal beneficiará las familias de Zabaletas! 🌊🏡

Gracias a una alianza entre la comunidad, la empresa privada, los ingenios y la Administración Municipal, hoy ejecutamos una obra de mitigación del riesgo en la vereda Zabaletas, zona rural plana de Tuluá. Con maquinaria y trabajo conjunto, construimos un jarillón artesanal que evitará desbordamientos del río y desastres en temporada de lluvias, protegiendo la vida y los hogares de las familias tulueñas. 🙌💪

Seguimos transformando la zona rural con obras que brindan seguridad y bienestar a los tulueños. #ParaSerFelices 💙🌱",38,"07/15/2025 16:55",https://www.instagram.com/reel/DMJcVbDvSzG/,"Reel de Instagram",,Total,4804,29,2,2,0,1664,0
18070529102051089,17841402591799685,alcaldiadetulua,"Alcaldía de Tuluá","🌱 Entregamos una biofábrica en Puerto Frazadas 🚜

Con la SEDAMA, brindamos insumos clave que fortalecerán la producción limpia en el campo tulueño, para que los productores rurales elaboren sus propios biofertilizantes y abonos orgánicos, cuidando el ambiente y reduciendo costos en La Moralia y Puerto Frazadas. 💚♻️

✅ Melaza, azufre y sulfato
✅ Canecas plásticas
✅ Medidor de pH

Agricultura sostenible para #ParaSerFelices 💙",52,"07/15/2025 08:59",https://www.instagram.com/reel/DMImHytgGt9/,"Reel de Instagram",,Total,4317,19,4,1,0,1666,0
17914766208079570,17841465258460662,secre.bienestarsocialtulua,"SECRETARIA DE BIENESTAR SOCIAL","🎉 ¡Votar en los Consejos de Juventud sí trae beneficios!
Si eres joven y participaste, esto es para ti:

1️⃣ 10% de descuento en matrícula, pasaporte, cédula y libreta militar
2️⃣ Medio día libre compensatorio si trabajas
3️⃣ Rebaja de 1 mes en el servicio militar
4️⃣ Preferencia en exámenes de ingreso
5️⃣ Prevalencia para empleos en el Estado
6️⃣ Prioridad en becas y subsidios 🏠📚

🙌 ¡Tu participación sí cuenta!
#JuventudActiva #GrandesPorElección #ConsejosDeJuventud",0,"07/15/2025 06:17",https://www.instagram.com/p/DMITpVTsgS4/,"Secuencia de Instagram",,Total,7513,73,39,1,0,,
18018654710537715,17841402591799685,alcaldiadetulua,"Alcaldía de Tuluá","🚨 Capturados dos sicarios del grupo ‘La Inmaculada’ 🕵️‍♂️

En una operación conjunta entre la SIJIN y la Fiscalía, fueron capturados en los barrios Porvenir y Farfán alias ‘Tingo’ y ‘Rochi’, señalados por homicidio  y otros delitos como extorsión y porte ilegal de armas. 🔫👮‍♂️

Ambos fueron enviados a centro carcelario. El trabajo y la lucha contra las estructuras criminales continúan para transformar a Tuluá. 💪🚔",88,"07/14/2025 16:08",https://www.instagram.com/reel/DMGyYxhvdPh/,"Reel de Instagram",,Total,33892,242,28,1,20,6632,3
17844063486523140,17841402591799685,alcaldiadetulua,"Alcaldía de Tuluá","⚽✨ ¡Los niños llegaron al Doce de Octubre!

El emblemático estadio se llenó de sonrisas, talento y pasión infantil con la Copa Corazón, un torneo que les permite a nuestros niños cumplir el sueño de jugar como profesionales. 🏟️💙

Gracias al liderazgo del alcalde @gustavovelezr y el trabajo de la Secretaría del Deporte y la Recreación, este escenario se convierte nuevamente en un espacio de inclusión, formación y grandes oportunidades para la niñez tulueña y del centro del Valle. ⚽👦👧 #ParaSerFelices",48,"07/14/2025 15:09",https://www.instagram.com/reel/DMGrpmqvbDW/,"Reel de Instagram",,Total,5947,44,4,5,0,1528,0
17853799128475126,17841402591799685,alcaldiadetulua,"Alcaldía de Tuluá","🚧 ¡La transformación vial ya es una realidad en Tuluá!

✅ Con el inicio de nuevas obras, avanzamos hacia una ciudad con vías más seguras, modernas y pensadas para el bienestar de todos.
🛣️ Así le apostamos a una mejor movilidad y a una mayor calidad de vida para los tulueños.
💙 ¡Seguimos trabajando #ParaSerFelices!",39,"07/14/2025 07:44",https://www.instagram.com/reel/DMF407JAsxh/,"Reel de Instagram",,Total,39780,124,14,8,3,3696,1
18157213267328834,17841402591799685,alcaldiadetulua,"Alcaldía de Tuluá","💙 ¡Hoy corrimos juntos por la inclusión! 🏃‍♂️🏃‍♀️

Nuestra población con discapacidad participó con toda la energía en la Carrera Río Tuluá 🏅, un evento organizado por Fenalco Tuluá, donde demostraron que no hay límites cuando hay voluntad 💪✨

Recorrieron las calles con fuerza, alegría y mucho corazón 💙, siendo ejemplo de que todos y todas podemos hacer parte de cualquier espacio cuando hay respeto, empatía e inclusión. 🫶🌈 #ParaSerFelices",0,"07/13/2025 08:27",https://www.instagram.com/p/DMDZAsZAC-f/,"Secuencia de Instagram",,Total,12791,374,3,3,2,7353,6
17917326621133720,17841402591799685,alcaldiadetulua,"Alcaldía de Tuluá","➡️Conoce las noticias más importantes de la semana en nuestro resumen semanal “45 segundos” #ParaSerFelices 💙✅ 😎",65,"07/13/2025 06:35",https://www.instagram.com/reel/DMDMEicgiaH/,"Reel de Instagram",,Total,9033,104,6,5,2,3802,1
18051509153415674,17841465258460662,secre.bienestarsocialtulua,"SECRETARIA DE BIENESTAR SOCIAL","🌈 Gran Marcha Pride en Tuluá, Valle 🏳️‍🌈
¡La diversidad es nuestra fuerza!

Hoy Tuluá se llena de colores, amor y valentía. Marchamos por un municipio donde todas las personas sean respetadas, visibles y libres de ser quienes son.

Porque el orgullo no es solo una fiesta, es una lucha por la igualdad, por la vida y por el derecho a existir con dignidad.

💛 Amar es un derecho
💙 Ser diferente no es un delito
💚 La inclusión construye paz

Hoy marchamos con orgullo, por quienes están, por quienes vendrán y por quienes ya no están.

✨ Tuluá es más fuerte cuando es más diversa.
🏳️‍🌈 ¡Viva el amor, viva el respeto, viva el orgullo!",0,"07/12/2025 14:45",https://www.instagram.com/p/DMBfaTwSX1C/,"Secuencia de Instagram",,Total,24546,458,46,12,0,,
17910267942053423,17841402591799685,alcaldiadetulua,"Alcaldía de Tuluá","⚽🏟️ ¡Más de 4.000 niños ya viven la emoción del fútbol como verdaderos profesionales! 🙌💙

Desde Tuluá, Andalucía, Bugalagrande, La Marina, Trujillo, Ríofrío, Buga, San Pedro, Restrepo y Yotoco… más de 300 clubes y equipos deportivos están disputando la Copa Corazón 🏆 en el Estadio Doce de Octubre, que por hoy se convierte en el escenario deportivo donde muestran su talento🏠⚽

Estamos transformando este escenario para que cada niño y niña sienta lo que es jugar en un estadio de verdad 💥 ¡Un espacio digno para nuestros futuros cracks! 👟✨",0,"07/12/2025 10:24",https://www.instagram.com/p/DMBBmmjgja4/,"Secuencia de Instagram",,Total,3818,71,7,3,3,2044,1
18046960235230113,17841402591799685,alcaldiadetulua,"Alcaldía de Tuluá","🚨 ¡Así se construye la nueva Tuluá! 🏙️💙

El alcalde @gustavovelezr no se detiene y sigue al frente de las obras que le están devolviendo la vida a nuestras vías. 👷‍♂️🛠️
La calle 34, que por años estuvo en mal estado, hoy se transforma en una vía segura y moderna gracias a los trabajos que avanzan y que se realizarán hasta la carrera 40. 🛣️✨

💙 ¡Aquí transformamos con hechos! #ParaSerFelices 🏗️✅",51,"07/11/2025 15:39",https://www.instagram.com/reel/DL_AwFsPBe3/,"Reel de Instagram",,Total,97572,539,62,57,7,9623,11
18006454901787370,17841402591799685,alcaldiadetulua,"Alcaldía de Tuluá","🚦 Comenzó a operar la nueva calzada de la calle 27 🏙️

Ya está en funcionamiento la segunda calzada de la calle 27, conectando Nariño con el centro de Tuluá. 🛣️✅ Con esto, llega el nuevo cruce semafórico🚦 en la carrera 20, mejorando la movilidad en esta zona clave.

🧭 Se habilitaron giros en ambos sentidos y se ajustó el sentido vial entre calles 27 y 28, hacia el CC Bicentenario Plaza. 🔄

🚧 Seguimos transformando la movilidad con acciones que responden a una necesidad histórica. #ParaSerFelices 💙",58,"07/11/2025 10:32",https://www.instagram.com/reel/DL-dnzIPWF2/,"Reel de Instagram",,Total,21887,216,54,8,3,5321,2
18168771952344032,17841402591799685,alcaldiadetulua,"Alcaldía de Tuluá","📢 ¡El Comité de Ruido volvió a la calle 25!💪🏼

Con el propósito de fomentar la sana convivencia y el respeto por el entorno, realizamos una jornada de sensibilización y verificación en esta importante zona comercial de Tuluá.

🔍 Visitamos establecimientos, revisamos documentación y hablamos sobre la importancia de controlar el ruido en nuestros espacios.

¡Cuidar el ambiente sonoro ✅ también es construir una mejor ciudad! #ParaSerFelices 💙",36,"07/10/2025 16:05",https://www.instagram.com/reel/DL8e2bfPSBD/,"Reel de Instagram",,Total,5732,33,6,0,1,2494,1
17901275304227359,17841402591799685,alcaldiadetulua,"Alcaldía de Tuluá","💙 En Tuluá, transformamos vidas 🙌

Con acciones reales y cercanas✅, apoyamos a quienes más lo necesitan: personas con discapacidad, adultos mayores, familias en situación de vulnerabilidad y mucho más. 

Porque aquí no prometemos, actuamos.  Aquí, transformamos con hechos. #ParaSerFelices 🤩💪🏼",50,"07/10/2025 09:46",https://www.instagram.com/reel/DL7znIJAkC5/,"Reel de Instagram",,Total,3615,79,10,6,2,2357,2
18517896709058448,17841402591799685,alcaldiadetulua,"Alcaldía de Tuluá","📍¡Escuchamos a la Comuna 5 con PLANEA A TU COMUNA!✅

Hoy llegamos a la Comuna 5 para escuchar de primera mano a sus líderes y habitantes. 🗣️
Sus voces nos marcan el camino para intervenir y cumplirles con:

🔧 Mejoramiento de la malla vial
♻️ Gestión de residuos sólidos
🚦 Señalización
🚨 Seguridad
🏀 Polideportivos, parques y zonas verdes y mucho más.

¡Seguimos transformamos a la comunidad #ParaSerFelices 💙😎✅",36,"07/09/2025 16:26",https://www.instagram.com/reel/DL58YwHPGlo/,"Reel de Instagram",,Total,5903,56,12,0,0,2207,0
18193193347310998,17841402591799685,alcaldiadetulua,"Alcaldía de Tuluá","🏥 ¡Equipos Básicos en Salud ya están en zona rural!

El programa de Atención Primaria en Salud ya llegó a las veredas y corregimientos de nuestro municipio para brindar atención primaria, cercana y continua a más de 120 familias.

👩‍⚕️ Escuchamos, orientamos y cuidamos a nuestra comunidad, promoviendo una salud más humana y participativa.
Súmate a la transformación de tu salud y bienestar. ✅💪🏼 Porque construir salud también es trabajar #ParaSerFelices 💙🏥🩺",0,"07/09/2025 13:59",https://www.instagram.com/p/DL5rx9NvarS/,"Secuencia de Instagram",,Total,2181,28,1,0,0,1221,0
17915222208133810,17841402591799685,alcaldiadetulua,"Alcaldía de Tuluá","📱💡 ¡La tecnología también es para nuestros abuelitos! 💙

Hoy los Puntos INNOVA llegaron al Centro Vida para enseñar, con mucho cariño cómo usar los smartphones.
Una jornada llena de sonrisas, aprendizaje y mucho amor, donde nuestros adultos mayores dieron sus primeros pasos en el mundo digital. 👵👴📲

Porque el conocimiento no tiene edad y en Tuluá seguimos creando espacios para aprender, compartir y conectarnos. #ParaSerFelices 🥹💙",79,"07/08/2025 16:29",https://www.instagram.com/reel/DL3YFAAPTzW/,"Reel de Instagram",,Total,3643,55,7,3,0,1925,2
17898750990247634,17841402591799685,alcaldiadetulua,"Alcaldía de Tuluá","🐶🐱 ¡Más de 50 animalitos esterilizados en la zona montañosa de Tuluá! 💙

Estuvimos en sectores como La Iberia, La Moralia, Venus y Pardo Alto, con jornadas de esterilización para proteger a nuestros peluditos. Un trabajo en articulación con las Juntas de Acción Comuna.
👉 Esta es solo la primera etapa: la meta es llegar a más de 300 animales esterilizados en próximas jornadas.
Salud, conciencia y bienestar también llegan al campo.

¡Así construimos espacios #ParaSerFelices!💙",38,"07/08/2025 15:05",https://www.instagram.com/reel/DL3H7XpvX5J/,"Reel de Instagram",,Total,3140,47,4,2,0,1547,1
17971473161912822,17841402591799685,alcaldiadetulua,"Alcaldía de Tuluá","🏗️ ¡En la zona rural también se ven las obras #ParaSerFelices! 🌄💪

Porque el compromiso es con todo el territorio, hoy en 📍Puerto Frazadas avanzamos con una importante obra de recalce de muro para prevenir el desbordamiento de la quebrada Los Trópicos. 💧

✅ 31 metros lineales intervenidos
✅ Obra de prevención y protección para la comunidad rural
✅ Seguridad y bienestar para nuestras familias campesinas

Seguimos llegando con soluciones reales, donde más se necesitan. ¡Para Ser Felices!💙✅💪🏼",0,"07/08/2025 09:38",https://www.instagram.com/p/DL2pKsWgk-5/,"Secuencia de Instagram",,Total,2873,40,4,2,0,1648,0
18044953583540859,17841402591799685,alcaldiadetulua,"Alcaldía de Tuluá","🎨✨ ¡Nuestros espacios educativos tienen nueva cara! 🏫💫

Hoy realizamos verificación en la I.E. Técnica Industrial Carlos Sarmiento Lora, que ahora luce renovada, con murales 🖌️, pintura 🎨 y ambientes más bonitos 🌈.

Un entorno digno, alegre y colorido que inspira a nuestros estudiantes 👩‍🎓👨‍🎓 y fortalece la educación de calidad 📚💙
#ParaSerFelices 😊🌟",46,"07/07/2025 16:17",https://www.instagram.com/reel/DL0x6M9PPmr/,"Reel de Instagram",,Total,7708,90,14,0,1,2896,0
18082229506770101,17841440739178712,policiavalledelcauca,"Policia Valle del Cauca","🙌 En el barrio Agua Clara de Tuluá, el Grupo de Gestión Comunitaria, en articulación con las autoridades religiosas y la Junta de Acción Comunal, llevó a cabo con éxito la estrategia “Educar y Prevenir es un Compromiso con la Vida”.

💡 Una jornada llena de conciencia, unión y compromiso por el bienestar de nuestra comunidad. ¡Seguimos construyendo juntos entornos más seguros y saludables! 💚",67,"07/07/2025 15:11",https://www.instagram.com/reel/DL0qKyISuaM/,"Reel de Instagram",,Total,1956,54,1,2,0,,
18305463559175646,17841402591799685,alcaldiadetulua,"Alcaldía de Tuluá","🚧 ¡16 cuadras y más de 1.400 metros de vía renovada! 🛣️🙌

Así avanza la obra de la calle 34, una de las más importantes de Tuluá, que atraviesa 5 barrios y conecta el occidente con el oriente del municipio. 🌇➡️🌄 Con el apoyo de INFITULUÁ, la Administración del alcalde @gustavovelezr, le apuesta a una movilidad más segura, cómoda y eficiente para todos. 🚗🚶‍♀️

Seguimos construyendo una ciudad que se mueve mejor #ParaSerFelices 💙",51,"07/07/2025 07:13",https://www.instagram.com/reel/DLzzpY2A74D/,"Reel de Instagram",,Total,13810,156,15,13,2,4243,0
17936589351053841,17841433443880918,fundacionlevapan,"Fundación Levapan","🙏🏼Desde Levapan y la Fundación Levapan queremos agradecer profundamente a los 70 emprendimientos que hicieron parte de la tercera versión de la feria de emprendimiento ""Impulsando Comunidades"" Gracias por creer en nosotros, por compartir su talento, su pasión y sus sueños con todos los que visitaron el Parque de la Guadua.🎋

También extendemos nuestro agradecimiento a la comunidad tulueña, que una vez más demostró que apoyar lo local es creer en el crecimiento colectivo. Cada compra, cada conversación, cada aplauso es un impulso para quienes están construyendo un mejor futuro desde sus ideas.

🌱 ¡Gracias por hacer de esta feria un encuentro de esperanza, creatividad y unión!
.
.
#ImpulsandoComunidades #FundaciónLevapan #Levapan #EmprendimientoLocal #Tuluá #GraciasPorCreer #FeriaDeEmprendimiento #ApoyemosLoNuestro

@alcaldiadetulua 
@senacomunica 
@camaratulua",0,"07/06/2025 18:40",https://www.instagram.com/p/DLydnnsRX_i/,"Secuencia de Instagram",,Total,13144,299,9,4,0,,
18506939842054637,17841402591799685,alcaldiadetulua,"Alcaldía de Tuluá","🎉 ¡Ya estamos en la III Feria de Emprendimiento: Impulsando Comunidades! 🛍️✨

Hoy el Parque de la Guadua se llena de talento, creatividad y sabor con más de 70 emprendimientos, presentaciones artísticas, show de gastronomía, premios y mucho más. 😍🔥

📍Estamos hasta las 5:00 p. m. con toda la oferta institucional: Renta Ciudadana, Colombia Mayor, vacunación canina y felina, Renta Joven, Puntos INNOVA, ¡y muchas sorpresas más!

🌈 Ven, apoya lo nuestro y disfruta en familia. Te esperamos #ParaSerFelices 💙🤩",0,"07/06/2025 11:18",https://www.instagram.com/p/DLxq_Mcv1Yp/,"Secuencia de Instagram",,Total,7461,181,18,1,0,4275,2
18073924612777361,17841402591799685,alcaldiadetulua,"Alcaldía de Tuluá","➡️Conoce las noticias más importantes de la semana en nuestro resumen semanal “45 segundos” #ParaSerFelices 💙✅ 😎",67,"07/05/2025 16:09",https://www.instagram.com/reel/DLvm2z_Piky/,"Reel de Instagram",,Total,4462,46,4,1,1,2022,1
17864517681349815,17841402591799685,alcaldiadetulua,"Alcaldía de Tuluá","🙌✨ ¡Con Iglesia a tu barrio, nuestra oferta institucional llegó hoy a la I.E. Corazón del Valle! 🏫

Estamos compartiendo con la comunidad y brindando servicios como SISBÉN, vacunación, orientación familiar, pastoral social, atención a las juventudes, ropero comunitario, charlas y mucho más. 💬🧥🧑‍⚕️

📍Ven y aprovecha esta jornada pensada para ti y tu familia. ¡Estamos hasta las 6:00 p. m.! Te esperamos 🤩💙 #ParaSerFelices",0,"07/05/2025 14:50",https://www.instagram.com/p/DLvectzvRtC/,"Secuencia de Instagram",,Total,4892,71,1,0,2,2730,0
17982696485841907,17841402591799685,alcaldiadetulua,"Alcaldía de Tuluá","🎉✨ ¡Prepárate para vivir un fin de semana #ParaSerFelices!
Desliza 👉 y descubre todo lo que hemos preparado para ti este sábado y domingo 🗓️: una agenda llena de cultura 🎭, sabores deliciosos 🍲, recorridos turísticos 🏞️ y momentos únicos para disfrutar en familia 👨‍👩‍👧‍👦 o con amigos 💃🕺.

Desde la Alcaldía Municipal seguimos creando espacios pensados para tu alegría y bienestar.
💙💪🏼¡No te lo puedes perder! #ParaSerFelices",0,"07/04/2025 13:25",https://www.instagram.com/p/DLsv9PNv1oY/,"Secuencia de Instagram",,Total,4143,67,8,0,1,2279,0
18059907926248148,17841402591799685,alcaldiadetulua,"Alcaldía de Tuluá","En Tuluá, las obras se empiezan a ver✅💪🏼

Muy pronto iniciará la transformación del Lago Chilicote 🏞️, un proyecto que renueva la esperanza, el turismo y la recreación para todos.
Con más de $7.000 millones de inversión 💰, nuestro lago será un símbolo de progreso y bienestar. #ParaSerFelices 💙",48,"07/04/2025 09:22",https://www.instagram.com/reel/DLsUG3LAVN0/,"Reel de Instagram",,Total,14532,347,43,21,8,5722,5
18132136894438431,17841407739133684,emtulua,"Emtulua Esp","🌱¡La Planta de Tratamiento de La Moralia ya es una realidad! 🚧💧

Con un avance de ejecución de obra del 93%, estamos más cerca que nunca de asegurar el acceso a agua limpia y de calidad para todos. 

✅ Cerramiento perimetral: 100%
✅ Concretos: 100%
✅ Acometidas: 100% 
✅ Filtros: 90%
✅ Movimiento de tierras: 100%

¡Sigamos adelante! 💪✨ La transformación está en marcha. 

#tuluá #aguapotable #lamoralia #Sostenibilidad #AvanceObra",0,"07/04/2025 07:25",https://www.instagram.com/p/DLsGxMcu3Zj/,"Secuencia de Instagram",,Total,2194,39,2,0,0,,
18056057582595548,17841402591799685,alcaldiadetulua,"Alcaldía de Tuluá","Mejoramos calle 34 y ahora será  importante arteria vial✅🚧

Gracias al compromiso del alcalde Gustavo Vélez, seguimos con el mejoramiento de las vías, en esta ocasión en el barrio Sajonia, que ahora será clave para la movilidad de la zona. 🛣️✨

✅ Más 800 metros intervenidos
✅ Obras con recursos 100% tulueños
✅ Más seguridad, mejor tránsito y bienestar para todos

¡Así le seguimos apostando a una Tuluá moderna, conectada y con vías dignas #ParaSerFelices! 🏙️🚦",20,"07/03/2025 16:12",https://www.instagram.com/reel/DLqeEFDPiXy/,"Reel de Instagram",,Total,8607,94,13,6,0,3058,0
18399123451116577,17841402591799685,alcaldiadetulua,"Alcaldía de Tuluá","🚨¡Los Puntos Innova ayudan a cerrar la brecha digital!🚨

Desde su entrega en 2016 por el MINTIC a la Administración del Ingeniero @gustavovelezr estos espacios han sido herramientas perfectas para acercar a las comunidades con el conocimiento digital 💻, con la información y por supuesto con cursos y talleres que han beneficiado a miles de ciudadanos.

La Administración Municipal a través del Departamento Administrativo TIC extiende la invitación a toda la ciudadanía para que aprovechen estos espacios, dotados de internet 🛜 ,equipos y ambientes muy bien adecuados para el desarrollo de múltiples actividades. #ParaSerFelices",59,"07/03/2025 12:53",https://www.instagram.com/reel/DLqHbN0Px_5/,"Reel de Instagram",,Total,3344,35,3,0,0,1444,0
18068577983025902,17841402591799685,alcaldiadetulua,"Alcaldía de Tuluá","📢 ¡Tu decisión cuenta! 🗳️
¿Tienes entre 14 y 28 años? ¡Es momento de participar!✅
Inscribe tu documento y prepárate para las elecciones del Consejo Municipal de Juventudes 2025 🙌🏼

🗓️ Inscripciones hasta el 21 de julio
📍 Entra a 👉 idj.registraduria.gov.co

🔍 Y desde el 19 de septiembre, verifica tu inscripción en:
🌐 www.registraduria.gov.co

💬 Elige, propone y transforma tu municipio. ¡Comparte y motiva a más jóvenes como tú! 💪🏼 #ParaSerFelices  @registraduria",0,"07/03/2025 08:30",https://www.instagram.com/p/DLppVVngDCX/,"Secuencia de Instagram",,Total,4271,37,21,0,2,2003,0
18084607780815461,17841402591799685,alcaldiadetulua,"Alcaldía de Tuluá","🩺🐾 ¡+50 animalitos esterilizados por una Tuluá que protege y cuida!
Seguimos dando pasos firmes por el bienestar animal 💙✅

Gracias al trabajo articulado entre la Subsecretaría de Protección y Bienestar Animal y la Secretaría de Salud Municipal, realizamos una jornada de esterilización gratuita que permitió a más de 50 caninos y felinos acceder a su cirugía 🐶🐱
Esterilizar es:
✅ Prevenir el abandono
✅ Evitar el maltrato
✅ Un acto de amor

#ParaSerFelices 💙😺🐶",40,"07/02/2025 14:34",https://www.instagram.com/reel/DLnuFTNP_Mg/,"Reel de Instagram",,Total,3564,70,4,6,0,1700,1
18510820906001423,17841402591799685,alcaldiadetulua,"Alcaldía de Tuluá","🔧🏫 ¡Recuperamos las aulas de la I. E. Julia Restrepo!

Gracias al compromiso del alcalde Gustavo Vélez y al trabajo articulado con la directiva del plantel, hemos restaurado 3 aulas y avanzamos en la intervención de otras 3 más. 💪✨

📍La Secretaría de Educación visitó la obra y comprobó los avances de esta intervención prioritaria para garantizar espacios seguros para nuestros estudiantes.

💙 ¡Seguimos cumpliendo con hechos y transformando la infraestructura educativa de Tuluá! #ParaSerFelices 💙✅",42,"07/02/2025 09:38",https://www.instagram.com/reel/DLnML_Tgt1T/,"Reel de Instagram",,Total,8183,106,5,3,2,3136,1
18067313587875709,17841402591799685,alcaldiadetulua,"Alcaldía de Tuluá","🏁🔥 ¡Vuelve la emoción a toda velocidad! 🔥🏁

El Cuarto de Milla Tuluá regresa este 26 y 27 de julio al Aeropuerto Heriberto Gil Martínez 🚗💨

Pilotos de todo el país, motores al límite y un solo objetivo: romper récords en la mejor pista del Valle 💙

¿Estás listo para volver a sentir la adrenalina? 😎🔥 #ParaSerFelices 💪🏼🤩",20,"07/01/2025 16:27",https://www.instagram.com/reel/DLlWOA_PSII/,"Reel de Instagram",,Total,79040,941,529,13,83,18171,41
17929909092078679,17841402591799685,alcaldiadetulua,"Alcaldía de Tuluá","🌱🌳 ¡Tuluá se sigue vistiendo de verde!

En una gran jornada de reforestación, sembramos 70 árboles en la salida norte de nuestro municipio con el apoyo del Batallón de Alta Montaña – Distrito Buga.🚨✅

Un paso más hacia una Tuluá sostenible, consciente y comprometida con el medio ambiente. #ParaSerFelices 🤩💙🍃",21,"07/01/2025 13:55",https://www.instagram.com/reel/DLlE-pcvbVH/,"Reel de Instagram",,Total,2972,28,1,1,2,1444,1
18088192552729426,17841402591799685,alcaldiadetulua,"Alcaldía de Tuluá","🚸👮‍♂️ ¡Llegó la Patrulla Escolar a Tuluá! 💙💙

Iniciamos en la Institución Educativa Gimnasio del Pacífico con esta gran estrategia de educación y seguridad vial 🚦📚.

Niños y niñas que serán ejemplo y voz de las normas que salvan vidas llegarán a las demás Instituciones mostrando la importancia de las normas y la seguridad en las calles✅ 💙🙌.

¡Así construimos una Tuluá más segura desde la escuela! 💙✨ #ParaSerFelices",29,"07/01/2025 09:31",https://www.instagram.com/reel/DLkmqvFAoGU/,"Reel de Instagram",,Total,13536,135,18,2,5,4425,0
17943849267006271,17841402591799685,alcaldiadetulua,"Alcaldía de Tuluá","🚨12 capturados del grupo delincuencial ‘La Inmaculada’ en el marco de la #OperaciónTuluá 🚨✅💪🏼

Gracias al trabajo articulado con el GAULA de la Policía Valle, cayó una red de extorsión que intimidaba a comerciantes en la galería de nuestro municipio.

Alias “Stefa”, “Wendy”, “Osquitar” y otros 9 integrantes fueron detenidos por imponer cobros ilegales y manejar recursos ilícitos a través de billeteras digitales 📲💵.

Con esta acción reafirmamos nuestro compromiso con la seguridad de los tulueños. #ParaSerFelices 💙💪",51,"07/01/2025 06:39",https://www.instagram.com/reel/DLkS94oAw2T/,"Reel de Instagram",,Total,47831,249,29,13,6,5824,3
18007552268717182,17841402591799685,alcaldiadetulua,"Alcaldía de Tuluá","💡🚧 No es Medellín, ni Bogotá… ¡Es Tuluá!
Así luce hoy nuestra salida norte, gracias al compromiso del alcalde Gustavo Vélez y su apuesta por una ciudad más segura, moderna y bien iluminada.

Instalamos 2.200 metros de alumbrado público, con 93 postes y 82 luminarias LED que transforman la movilidad nocturna.

🌙✨ Seguimos trabajando por una Tuluá que brille con luz propia. #ParaSerFelices 💙",54,"06/29/2025 15:56",https://www.instagram.com/reel/DLgI_XPPZAE/,"Reel de Instagram",,Total,28595,686,122,28,21,11059,41
18048632048185655,17841402591799685,alcaldiadetulua,"Alcaldía de Tuluá","➡️Conoce las noticias más importantes de la semana en nuestro resumen semanal “45 segundos” #ParaSerFelices 💙✅ hoy con nuestro alcalde @gustavovelezr 💙😎",68,"06/28/2025 15:57",https://www.instagram.com/reel/DLdkXDLP9Zp/,"Reel de Instagram",,Total,6731,74,7,2,0,2851,0
18071032915817113,17841402591799685,alcaldiadetulua,"Alcaldía de Tuluá","🩺💙 ¡Tuluá tiene el primer Club de Hipertensión y Diabetes del Valle!

Socializamos “Cuidarte”, un programa pionero que beneficiará a más de 800 tulueños, con talleres, actividad física, educación en salud y apoyo psicosocial. Con el acompañamiento de la doctora María Cristina Lesmes, (@secsaludvalle) secretaria de Salud Departamental, dimos este paso histórico por la salud de los tulueños.

📞 Los usuarios serán contactados vía telefónica y también podrán seguir la programación por las redes del Hospital Rubén Cruz Vélez. @hospitalrubencruzvelez 

¡Cuidarte es nuestra prioridad!  #ParaSerFelices 💙💪🏼",0,"06/28/2025 07:09",https://www.instagram.com/p/DLcoJ15gojo/,"Secuencia de Instagram",,Total,4058,86,1,4,2,2301,0
18082212376827959,17841402591799685,alcaldiadetulua,"Alcaldía de Tuluá","🚧 ¡700 metros de topping que transforman a Chiminangos! 🛣️✨

El alcalde Gustavo Vélez supervisa de cerca esta gran obra que mejorará la movilidad y calidad de vida en el sector. 👷‍♂️✅

➡️ Los tulueños están felices porque estas vías nuevas sí se sienten.
⚡ Obras en tiempo récord, bien hechas y con la comunidad como prioridad.

💙 ¡Escuchamos a los tulueños y cumplimos con hechos! Porque son obras #ParaSerFelices 🤩💪🏼",96,"06/27/2025 15:54",https://www.instagram.com/reel/DLa_XwGPmuO/,"Reel de Instagram",,Total,49714,713,102,78,17,15184,14
18052367813123312,17841402591799685,alcaldiadetulua,"Alcaldía de Tuluá","🚜 ¡Llegamos a Maravelez, con insumos agrícolas!🐝🍯

Con esta dotación, impulsamos la apicultura como una alternativa productiva sostenible en la zona rural montañosa de Tuluá.

Son 18 cajonerías apícolas entregadas, fortalecemos el trabajo de nuestros campesinos, acompañadas de asistencia técnica permanente. ¡Así cumplimos con hechos en el campo tulueño! 🌿💙💪🏼 #ParaSerFelices",44,"06/27/2025 13:33",https://www.instagram.com/reel/DLavMisvMr3/,"Reel de Instagram",,Total,5649,49,5,2,0,1982,1
18070261985482657,17841465258460662,secre.bienestarsocialtulua,"SECRETARIA DE BIENESTAR SOCIAL",,61,"06/27/2025 06:46",https://www.instagram.com/reel/DLaAsLwsra0/,"Reel de Instagram",,Total,7121,97,18,0,0,,
18399229540113224,17841402591799685,alcaldiadetulua,"Alcaldía de Tuluá","💙 ¡Más de 1000 certificados de discapacidad entregados en Tuluá!

Después de más de 3 años de espera, Brian, tulueño con discapacidad, recibió su certificado gracias al acompañamiento de la Secretaría de Salud Municipal y el compromiso del alcalde Gustavo Vélez con una Tuluá más incluyente.

📄 Este documento no solo reconoce derechos, también abre la puerta a oportunidades, beneficios y atención diferencial.

🧑‍🦽 Con este, ya son más de 1.000 certificados entregados en 2024 y 2025, por una ciudad donde todos tengan acceso a lo que merecen.

📍 Si lo necesitas, acércate al segundo piso del Centro Comercial Bicentenario Plaza. ¡Estamos para ayudarte! #ParaSerFelices",48,"06/27/2025 06:01",https://www.instagram.com/reel/DLZ7d6RAELU/,"Reel de Instagram",,Total,5568,50,0,1,2,2055,1
18014283416751993,17841402591799685,alcaldiadetulua,"Alcaldía de Tuluá","📢 ¡Atención beneficiarios de Renta Ciudadana y Devolución del IVA!

Desde el 26 de junio hasta el 13 de julio estarán disponibles los pagos, tanto para bancarizados como por modalidad de giro. 💰✅

El alcalde @gustavovelezr te invita a consultar si haces parte de los nuevos beneficiarios del grupo A del Sisbén.
📍 Acércate al segundo piso del CC Bicentenario Plaza, oficina de Renta Ciudadana, y verifica tu medio de pago.

¡No dejes pasar esta oportunidad! 🔎👥",33,"06/26/2025 09:02",https://www.instagram.com/reel/DLXq4_XguKP/,"Reel de Instagram",,Total,44420,112,5,4,4,2827,0
18116471203433884,17841402591799685,alcaldiadetulua,"Alcaldía de Tuluá","🚦✅ ¡Reubicación de cruce semafórico en la Carrera 20!

Después de culminar las obras en este importante tramo, ya quedó habilitado el nuevo sentido norte-sur entre la calle 27 y la calle 28, una medida que mejora la movilidad y ayuda a descongestionar el centro de Tuluá. 🚗💨

Seguimos entregando vías funcionales, seguras y pensadas #ParaSerFelices 💙",77,"06/26/2025 07:40",https://www.instagram.com/reel/DLXhj_0gf1T/,"Reel de Instagram",,Total,30305,353,206,49,15,11597,31
18030313055680297,17841402591799685,alcaldiadetulua,"Alcaldía de Tuluá","🚧 ¡El barrio Chiminangos estrena vías! 💪
Hoy estuvimos en la vía Tres Esquinas, donde realizamos trabajos de mejoramiento con topping desde la diagonal 23 hasta la transversal 12.
💥 ¡En tiempo récord recuperamos esta vía que tanto lo necesitaba y que hoy ya es una realidad!

Estamos comprometidos con mejorar las entradas y salidas de los barrios del occidente del municipio.
Estas son obras pensadas #ParaSerFelices 💙👷🏼‍♂️",48,"06/25/2025 16:36",https://www.instagram.com/reel/DLV6b9Cv8Il/,"Reel de Instagram",,Total,29451,239,21,15,3,5893,0
18167850499344987,17841402591799685,alcaldiadetulua,"Alcaldía de Tuluá","🚧💙 ¡Seguimos recorriendo los caminos de la transformación!

Con el alcalde Gustavo Vélez seguimos visitando cada una de las obras activas en nuestra ciudad, en diálogo directo con la comunidad, socializando avances, escuchando inquietudes y proyectando nuevas acciones que sigan mejorando la calidad de vida de los tulueños. 👷‍♂️🏘️

Compartimos con las familias, verificamos el correcto desarrollo de cada intervención y reafirmamos nuestro compromiso con una Tuluá donde todos podamos vivir mejor. 🌟👨‍👩‍👧‍👦 #ParaSerFelices",0,"06/25/2025 13:34",https://www.instagram.com/p/DLVl0iQvaz1/,"Secuencia de Instagram",,Total,7543,225,43,7,4,3941,2
18057464042039269,17841402909298602,tuluaferia,"Feria de Tuluá Oficial","✨ Ante todo pronóstico y con valentía 💪, amor por lo nuestro ❤️ y mucho esfuerzo colectivo 🤝, sentimos la Feria y ¡fue todo un éxito!⁣
⁣
🎉 Gracias a todos los que creyeron, confiaron y vivieron cada momento 🙌.⁣
Cuando Tuluá se une ❤️💚🤍, ¡Todo es posible!⁣
⁣
📅 Nos vemos el otro año, oís 🥳🤠⁣
⁣
#feriadetuluá #tuluá #feria #hayquesentirla #cabalgata #exposición #ganadería #equinos #industrial #artesania #plantas #cultura #asoferias #tuluacorazondelvalle⁣⁣",45,"06/24/2025 18:12",https://www.instagram.com/reel/DLTgx0is3hj/,"Reel de Instagram",,Total,10664,268,28,25,0,,
18070477157061226,17841401985823927,camaratulua,"Cámara de Comercio de Tuluá","#plazadelmecatovallecaucano || 🥞🍨 con ventas superiores a $150 millones de pesos cerramos hoy la participación en la Plaza del Mecato Vallecaucano 🍕🥞 

Estamos muy felices por el resultado que tuvieron nuestros empresarios en la Feria @tuluaferia fue un éxito rotundo y sin duda un espacio que albergó a todas las familias tulueñas @alcaldiadetulua 

🍨 Nos encontramos en la feria 68, porque la feria #HayQueSentirla",124,"06/23/2025 18:04",https://www.instagram.com/reel/DLQ6iW0urAi/,"Reel de Instagram",,Total,4320,93,3,3,0,,
18071517058974493,17841402591799685,alcaldiadetulua,"Alcaldía de Tuluá","🎠👧👦 ¡Tuluá vivió una cabalgata llena de imaginación y alegría!

La Cabalgata Infantil de Caballitos de Palo reunió a más de 600 pequeños jinetes, que con creatividad, ternura y entusiasmo recorrieron las calles desde el Parque del Barrio Popular hasta el Coliseo de Ferias. 🐴🌈🎊 #ParaSerFelices",49,"06/23/2025 16:28",https://www.instagram.com/reel/DLQvysVPvoB/,"Reel de Instagram",,Total,8572,48,6,2,0,2839,0
18030460445477569,17841402591799685,alcaldiadetulua,"Alcaldía de Tuluá","🎭🎮 ¡Concurso Cosplay en la #67FeriaDeTuluá!

En el Pabellón de Ciencia, Tecnología e Innovación, vive la magia del Game Over Fest, donde llegan los mejores cosplayers del Valle del Cauca a mostrar todo su talento, creatividad y pasión. 🧑🏻‍💻✨

¡No te lo pierdas! La feria también se vive con color, fantasía y tecnología. 🚀💥",55,"06/23/2025 15:50",https://www.instagram.com/reel/DLQpntYv54-/,"Reel de Instagram",,Total,7868,134,30,14,6,3019,0
18051894281115464,17841402591799685,alcaldiadetulua,"Alcaldía de Tuluá","🍬✨ ¡Hoy es el último día para disfrutar la Plaza del Mecato!

Ven y recorre este delicioso espacio lleno de emprendimientos artesanales, sabores únicos y mucho talento local. 🛍️🍭

📍Te esperamos en el Coliseo de Ferias. ¡No te quedes sin probar lo mejor del mecato vallecaucano!🎉

@cake_fredd @ohlalasangria @almadulce.t",48,"06/23/2025 13:02",https://www.instagram.com/reel/DLQWe1HvDG0/,"Reel de Instagram",,Total,3781,43,0,1,0,1382,0
18058900880247576,17841419499265733,asdeoccidente.oficial,"ASDEOCCIDENTE 🐎","67 EXPOSICIÓN EQUINA GRADO A
TULUÁ 2025

TROCHA COLOMBIANA
GRAN CAMPEONATO DE CABALLOS

GC DOBLE CAPRICHO DE VILLA TOSCANA HIJO DE KAIN DE MI CAPRICHO X VALENTINCA DE MI CAPRICHO ABM CACIQUE DE LAS LEYENDAS 
MONTA: ELKIN BERMUDEZ

CR NEPTUNO DE LA HERENCIA HIJO DE APOLO DE LA LAYENDA X REBELDIA II ABM CONSUL DE GRAN DINASTIA FC
MONTA: CARLOS ANDRES TORRES

1F TRIUNFADOR DE LA ILUSIÓN HIJO DE KAIN DE MI CAPRICHO X GITANA DE LOS ACANTOS ABM BARRABAS DE LOS ACANTOS
MONTA: DIEGO CASTRO

2F INEFABLE DE MI SANTUARIO HIJO DE BEZ DIEGO DE LA POSADA FC X SEVILLANA DE TIERRA GRATA ABM CONSUL DE GRAN DINASTIA FC
MONTA: JUAN DAVID BUITRAGO

3F TEUTON DEL TREBOL HIJO DE EROS DE LAS LEYENDAS FC X PALOMA MENSAJERA DE LA MARQUEZA ABM ONIX FC
MONTA: ROBERTO CARLOS ARIAS

4F PROTOCOLO DE RIOBAMBA HIJO DE PREMIER DE ALTOMIRA X DULCE DESPERTAR DE MI CAPRICHO ABM PRODIGIO DE MARIA ROSA FC
MONTA: ANDRES FELIPE RESTREPO",0,"06/23/2025 12:29",https://www.instagram.com/p/DLQUxj6xbSi/,"Secuencia de Instagram",,Total,17152,275,6,3,0,,
17895996432264866,17841402591799685,alcaldiadetulua,"Alcaldía de Tuluá","🐴🎠✨ ¡La tradición y la ternura se tomaron las calles de Tuluá! 

Vivimos la Cabalgata Infantil de Caballitos de Palo 🧒👧, donde más de 600 niños  llenaron de color, sonrisas y alegría el recorrido desde el Parque del Barrio Popular hasta el Coliseo de Ferias 🎊🌈🚶‍♂️🚶‍♀️

Un evento lleno de magia que está cerrando con broche de oro nuestra querida Feria de Tuluá 🎉❤️",0,"06/23/2025 10:28",https://www.instagram.com/p/DLQG8rputX6/,"Secuencia de Instagram",,Total,8342,130,3,3,4,5272,1
18089990752564510,17841402591799685,alcaldiadetulua,"Alcaldía de Tuluá","🎤😄 ¡Tuluá se gozó el 1er Festival de la Trova!

Con rimas ingeniosas y mucho humor, los tulueños vivieron una tarde-noche divertida, llena de carcajadas y talento nacional. 🎶🔥

Estos fueron los grandes ganadores de la noche:
👑 Rey: Cacao
🥈 Virrey: Carriel
🥉 Príncipe: Veneno
🎖️ Conde: El Paisano

¡La trova también hace parte de esta feria que es #ParaSerFelices! 💛🎭",0,"06/23/2025 08:11",https://www.instagram.com/p/DLP3TzoAY6T/,"Secuencia de Instagram",,Total,7525,92,8,3,2,4010,0
18046085762631459,17841401985823927,camaratulua,"Cámara de Comercio de Tuluá","#PlazaDelMecato || Así estamos viviendo la @tuluaferia en la tradicional Plaza del Mecato Vallecaucano con las mejores delicias del Valle del Cauca 

Porque está feria #HayQueSentirla @alcaldiadetulua",0,"06/22/2025 16:42",https://www.instagram.com/p/DLOM8J9u7hN/,"Secuencia de Instagram",,Total,18003,115,1,0,0,,
17911236834117026,17841402591799685,alcaldiadetulua,"Alcaldía de Tuluá","🍽️🎉 ¡La Zona de Típicos te espera en la #67FeriaDeTuluá!

Deléitate con lo mejor de nuestra comida tradicional: 🧀 aborrajados con queso de búfala, ☕ café, granizados y mucho más. Todo en un espacio perfecto para disfrutar en familia. 👨‍👩‍👧‍👦💚

📍Visítanos al fondo del Coliseo de Ferias y apoya a nuestros emprendedores locales.
¡La feria también es sabor y tradición! 🛍️🌽 #ParaSerFelices",43,"06/22/2025 16:20",https://www.instagram.com/reel/DLOJ8xuPHWY/,"Reel de Instagram",,Total,14279,114,8,2,3,4505,1
18047477915618816,17841402591799685,alcaldiadetulua,"Alcaldía de Tuluá","✨👣 Pasarela Sin Barreras: inclusión que emociona ♿💛

En la #67FeriaDeTuluá vivimos la primera Pasarela Sin Barreras, un evento liderado por la Secretaría de Bienestar Social donde más de 20 niños, jóvenes y adultos con discapacidades mostraron que aquí todos cabemos. 🌈💫

Gracias al alcalde Gustavo Vélez se abren estos espacios donde las diferencias nos unen.
💛 ¡Porque las discapacidades no son una barrera cuando se trata de ser felices!  #ParaSerFelices #HayQueSentirla",34,"06/22/2025 14:47",https://www.instagram.com/reel/DLN-zXOPmKg/,"Reel de Instagram",,Total,9209,79,3,0,1,2535,3
18062470607515621,17841402591799685,alcaldiadetulua,"Alcaldía de Tuluá","🐑 ¡Los ovinos se toman el pabellón de especies menores! 🐏✨

Ya comenzó el juzgamiento y exposición de ovinos, avalado por AsoOvinos, en el marco de la #67FeriaDeTuluá.
Una muestra imperdible para los amantes del campo y para toda la familia 👨‍👩‍👧‍👦🌾

¡Ven ya y disfruta de este espacio hecho #ParaSerFelices! 🎉🐑",29,"06/22/2025 13:39",https://www.instagram.com/reel/DLN2PiXPF40/,"Reel de Instagram",,Total,3107,27,0,0,1,1646,0
18067973956844885,17841402591799685,alcaldiadetulua,"Alcaldía de Tuluá","🐄🏟️ ¡La tradición ganadera también se vive en la #67FeriaDeTuluá! 🇨🇴🐮

En el Coliseo de Ferias, familias enteras han disfrutado del Pabellón de Ganadería, un espacio lleno de historia, fuerza y orgullo rural. 💪🌿

✨ Aquí se realiza la Exposición GYR y F1, donde llegan ejemplares de diferentes regiones del país, mostrando lo mejor de la genética bovina nacional. 🐂👨‍🌾

¡Ven y conoce de cerca estos animales imponentes y disfruta en familia de una feria que lo tiene todo! 🎉👨‍👩‍👧‍👦",23,"06/22/2025 13:08",https://www.instagram.com/reel/DLNzX_tP025/,"Reel de Instagram",,Total,4263,23,0,0,0,2549,0
17888956848273861,17841402591799685,alcaldiadetulua,"Alcaldía de Tuluá","🌾 La Gestora Social celebró con nuestros campesinos en esta Fiesta 💚👒

En el Coliseo de Ferias, la gestora social Luz Elena Londoño acompañó con alegría a los campesinos de las zonas rural alta, media y plana, quienes vivieron una jornada llena de música, sabores tradicionales y mucho orgullo por lo nuestro. 🎶🍲🌿

También reconoció a quienes cultivan la tierra y nos enseñan el valor de lo esencial. 🧺🌱
 ¡Así celebramos el campo, así seguimos construyendo espacios #ParaSerFelices! 💙💪🏼",0,"06/22/2025 12:20",https://www.instagram.com/p/DLNu9mOPhW1/,"Secuencia de Instagram",,Total,11159,238,34,1,4,6428,0
17913268383137107,17841402591799685,alcaldiadetulua,"Alcaldía de Tuluá","🌾💚 ¡Los campesinos llegaron con alegría y así se vivió la Fiesta Campesina! 🎉👒

Desde todas las veredas y corregimiento de la zona rural alta, media y plana, nuestros campesinos tulueños vivieron una jornada llena de música, sabor, tradición y orgullo por lo nuestro 🎶🍲🌿

😄 Con sonrisas sinceras y corazones contentos, disfrutaron de un espacio pensado especialmente para ellos, celebrando su día en el marco de la #67FeriaDeTuluá.

👨‍🌾🤝 Gracias al trabajo articulado con EMTULUÁ, hoy el campo también tiene su lugar en la feria. Porque cuando reconocemos a quienes siembran la vida, cultivamos felicidad. 🌟 ¡Así construimos espacios #ParaSerFelices!",51,"06/22/2025 11:05",https://www.instagram.com/reel/DLNlS5iPVoD/,"Reel de Instagram",,Total,4817,44,30,1,0,1483,0
18389619469137440,17841402591799685,alcaldiadetulua,"Alcaldía de Tuluá","🎉 ¡Éxito total en la Plazoleta del Mecato! 🍬🧁

12 emprendedores tulueños vendieron todos sus productos en este espacio que ya es símbolo de sabor, tradición y empuje local 👏💪
Así se mueve la economía de nuestro municipio: con el apoyo de la gente, con la confianza en lo nuestro y con el corazón que solo se vive en la #FeriaDeTuluá ❤️🛍️

🌟 Gracias a los tulueños por creer en nuestros emprendedores y demostrar que cuando hay talento local, hay respaldo y hay ventas. #ParaSerFelices #HayQueSentirla",58,"06/22/2025 10:36",https://www.instagram.com/reel/DLNi0FtvxeY/,"Reel de Instagram",,Total,3817,47,0,3,0,2623,1
18069807284064860,17841402591799685,alcaldiadetulua,"Alcaldía de Tuluá","🌾🎉 ¡La tradición campesina volvió a brillar en la Feria de Tuluá! 💚👒

Más de 3.000 campesinos de la zona alta, media y plana del municipio, provenientes de sectores como Barragán, Puerto Frazadas, Tochecito, San Rafael, entre otros, disfrutaron del gran Reencuentro Campesino, una jornada llena de alegría, sabor y raíces 🌄🎶

🥣 Desayuno, almuerzo, merienda, cocteles, música en vivo y lo mejor del espíritu rural hicieron de este domingo una verdadera fiesta para el alma 💃🎤🌽

Este emotivo encuentro se realizó en articulación con EMTULUÁ y la Secretaría de Desarrollo Agropecuario y Medio Ambiente de la Alcaldía de Tuluá, reafirmando el compromiso con quienes cultivan el corazón de nuestra tierra 🌱🤝 #ParaSerFelices #HayQueSentirla",0,"06/22/2025 09:29",https://www.instagram.com/p/DLNbYlkgmI8/,"Secuencia de Instagram",,Total,8408,194,49,1,1,4913,1
18069590333297033,17841465258460662,secre.bienestarsocialtulua,"SECRETARIA DE BIENESTAR SOCIAL","“En el marco de la Feria 67 de Tuluá, la Administración Municipal realizó una emotiva Pasarela Sin Barreras, un espacio inclusivo que visibiliza y celebra la diversidad, donde participaron personas con distintas discapacidades, demostrando que la moda y el arte son para todos.”",0,"06/22/2025 09:24",https://www.instagram.com/p/DLNazEAsnUH/,"Secuencia de Instagram",,Total,15960,302,11,3,0,,
17850296385483761,17841419499265733,asdeoccidente.oficial,"ASDEOCCIDENTE 🐎","67 EXPOSICIÓN EQUINA GRADO A
TULUÁ 2025

TROCHA Y GALOPE
GRAN CAMPEONATO DE CABALLOS

GC JMP LEGENDARIO DEL ESMERALDAL HIJO DE RENEGADO DE LAS LEYENDAS FC X SERENATA DE LAS AGUADAS FC ABM PRODIGIO DE MARIA ROSA FC
MONTA: EDUARD GARCÍA LEZCANO

CR IMPONENTE DE SAN FRANCISCO HIJO DE ONIX FC X SONATA ABM ZEUS DE ALEJANDRIA 
MONTA: JAIRO ALEXANDER SARRIA

1F VICTORIOSO DE PLAYA LINDA HIJO DE AARON FC X DAMA DEL CAIRO ABM ENCANTO FC
MONTA: ROBERTO CARLOS ARIAS 

2F SOBERANO DEL MONASTERIO HIJO DE INQUIETO DE LAS GUACAS X EMPERATRIZ ABM CONSUL DE GRAN DINASTIA FC
MONTA: ROBINSON OVIEDO

3F HORUS DE SANTA CAROLA HIJO DE TYFON DE SANTA ISABEL FC X PERSEVERANCIA DE RANCHO VIEJO ABM DON JUAN
MONTA: JAIME ALBERTO PINEDA

4F SUBLIME DE LA MELISSA HIJO DE DOBLE 7 DE LA MACARENA FC X FRAGANCIA DE LUSITANIA ABM FANTASTICO DE LAS GUACAS
MONTA: FREDY PELAEZ CORREA",0,"06/22/2025 08:58",https://www.instagram.com/p/DLNX2eBMSoe/,"Secuencia de Instagram",,Total,21741,326,6,0,0,,
17877885312244458,17841402591799685,alcaldiadetulua,"Alcaldía de Tuluá","#FeriadeTuluá2025 | 🌺🏆 ¡Las flores también compiten en la Feria de Tuluá! 🌿✨

En el Pabellón de Plantas Ornamentales se llevó a cabo el juzgamiento y premiación de orquídeas y bonsáis, con expertos jueces de Pereira, Armenia, Cali y Buga 🌸🎋🔍
Cada especie fue evaluada por su belleza, técnica y categoría, resaltando lo mejor de la naturaleza hecha arte 💫🌼

💐 Ven y visita esta zona única, donde los sueños florecen y cada planta cuenta una historia de dedicación y amor por lo natural 🌷🪴

📍Te esperamos en el Coliseo de Ferias Manuel Victoria Rojas.
¡Descúbrelo y enamórate de este jardín vivo! 🌿💖 #HayQueSentirla  #ParaSerFelices",0,"06/22/2025 08:45",https://www.instagram.com/p/DLNWT07AJvl/,"Secuencia de Instagram",,Total,4042,35,1,0,1,2648,1
18050010908154114,17841402591799685,alcaldiadetulua,"Alcaldía de Tuluá","🎬 Una experiencia que no se puede contar... ¡hay que vivirla! 💫🔥

DELIRIO no solo fue un espectáculo, fue una explosión de emociones que dejó huella en el corazón de quienes lo vivieron.
Salsa, circo y orquesta se fusionaron en una puesta en escena que rompió todos los esquemas y convirtió la noche en pura magia ✨💃🎪 Gracias @delirio.oficial 🤩😎

Lo que pasó en el Coliseo de Ferias fue inolvidable, irrepetible y profundamente tulueño.
¡Así se escribe la historia de una Feria que se atrevió a soñar en grande! 🌟 #HayQueSentirla #ParaSerFelices",55,"06/22/2025 07:51",https://www.instagram.com/reel/DLNQCqDAeml/,"Reel de Instagram",,Total,14406,274,14,9,7,7007,1
18163342402360746,17841402591799685,alcaldiadetulua,"Alcaldía de Tuluá","🌟 DELIRIO encendió la magia en la 67 Feria de Tuluá 💃🎪🎷

Por primera vez, el Coliseo de Ferias Manuel Victoria Rojas fue el escenario de @delirio.oficial Salsa, Circo y Orquesta, un show que desbordó arte, ritmo y emoción ✨🎭💫
Más de 3.000 tulueños vibraron con esta noche inolvidable en el corazón del Pueblito Artesanal 🏡🔥
💃 Música, luces, colores y mucho sabor caleño hicieron de este sábado de salsa una verdadera fiesta para el alma 🎉🎶🕺

¡La salsa se vive, la feria se siente y Tuluá baila feliz! 💙💃🌈
#67FeriaDeTuluá #ParaSerFelices #HayQueSentirla",0,"06/21/2025 22:35",https://www.instagram.com/p/DLMQjH7AY_2/,"Secuencia de Instagram",,Total,16459,385,24,5,9,9057,3
18070462202486524,17841440739178712,policiavalledelcauca,"Policia Valle del Cauca","📣 ¡La seguridad es primero en la Feria de Tuluá! 🎉👮‍♀️

Durante todos los eventos de la Feria de Tuluá 2025, la Policía Nacional estará presente con acompañamiento permanente para garantizar el orden, la tranquilidad y el disfrute seguro de propios y visitantes.

👮‍♂️ Controles en los accesos
🎶 Vigilancia en eventos masivos
🚓 Patrullajes constantes en zonas estratégicas

✅ ¡Disfrutemos con responsabilidad!
👁️‍🗨️ Si ves algo sospechoso, repórtalo.
📞 Línea segura: 3133587212

#FeriaDeTuluá2025 #TuluáSegura #AcompañamientoPolicial #CelebraConSeguridad #JuntosPorLaSeguridad",0,"06/21/2025 21:04",https://www.instagram.com/p/DLMGIf1thRX/,"Secuencia de Instagram",,Total,8553,145,2,0,0,,
18513876754055901,17841402591799685,alcaldiadetulua,"Alcaldía de Tuluá","🤠🐎 ¡Nuestra feria también es ganadería!

En la Gran Nacional de Vaquería, vivimos un espacio familiar lleno de tradición y talento 💪🏼

👨‍⚖️ Nuestros jurados nos cuentan cómo se vive esta experiencia con vaqueros de todos los rincones del país 🇨🇴

¡Ven y acompáñanos, porque la Feria de Tuluá también se vive a caballo! 🐴
#FeriaDeTuluá67 #ParaSerFelices #HayQueSentirla",31,"06/21/2025 15:22",https://www.instagram.com/reel/DLLeX-PP7zS/,"Reel de Instagram",,Total,3203,35,0,0,1,1086,0
18529137337032581,17841402591799685,alcaldiadetulua,"Alcaldía de Tuluá","🍩✨ ¡Eyedonuts llegó a la Plazoleta del Mecato!
Las mejores donas 100% artesanales están aquí 😍 esponjosas, deliciosas y hechas con amor 💛

Por primera vez en la Feria de Tuluá, ¡ven, conócelas y pruébalas!
📍Plazoleta del Mecato – ¡Te esperamos!

#FeriaDeTuluá67 #HayQueSentirla #SaborAFeria #DonasArtesanales #Eyedonuts 🍩🎉",49,"06/21/2025 15:10",https://www.instagram.com/reel/DLLdGfmv5sL/,"Reel de Instagram",,Total,7527,71,3,3,0,2971,0
18079653334846631,17841402591799685,alcaldiadetulua,"Alcaldía de Tuluá","🐄🐏 Así estamos viviendo la experiencia ganadera en la 67 Feria de Tuluá 🎉
📍Expo Raza GYR en el pabellón de ganadería
📍Ovinos en el pabellón de especies menores
🥛 Sección de hembras con certificado de crecimiento para leche, avalado por Asocebú Colombia 

¡Tradición, calidad y orgullo del campo! 🇨🇴
#FeriaDeTuluá67 #HayQueSentirla #ParaSerFelices",0,"06/21/2025 15:00",https://www.instagram.com/p/DLLcdZ3Pwyb/,"Secuencia de Instagram",,Total,5242,108,2,0,1,2997,0
18083223763702044,17841402591799685,alcaldiadetulua,"Alcaldía de Tuluá","🎸🔥 Vivimos una noche de pura energía y pasión por el rock
En el Pueblito Artesanal del Coliseo de Ferias Manuel Victoria Rojas, los tulueños disfrutaron con alegría la Noche del Rock, un espacio cargado de música, talento y adrenalina.

Con presentaciones de Superlitio, Iron Lord (tributo a Iron Maiden) y Rain of Fire, vivimos una velada inolvidable con bandas de talla nacional e internacional que hicieron vibrar a todos los amantes del rock 🤘🎶

¡Gracias por ser parte de esta noche llena de fuerza, emoción y buena música!😎🤩
#NocheDelRock #FeriaDeTuluá67 #HayQueSentirla",41,"06/21/2025 14:28",https://www.instagram.com/reel/DLLV04bv3ul/,"Reel de Instagram",,Total,4879,72,2,0,1,2580,0
18087405976731778,17841419499265733,asdeoccidente.oficial,"ASDEOCCIDENTE 🐎","67 EXPOSICIÓN EQUINA GRADO A
TULUÁ 2025

PASO FINO COLOMBIANO
GRAN CAMPEONATO DE YEGUAS 

GC EMINENCIA DEL SAMAN HIJA DE EMINENTE DE DOÑA LOLA X CARCAJADA DEL ENCUENTRO ABM CARIÑO DE LA LUISA
MONTA: DIEGO FELIPE CASTRO

CR IRINA DE LOS DOS LEONES HIJA DE BARBA ROJA DE LA THANIA FC X CATARINA DE JUAN ANDRES ROJAS ABM TAMUR
MONTA: ROBINSON OVIEDO 

1F BENDECIDA DE LA CEIBA HIJA DE BARBA ROJA DE LA THANIA FC X DIFERENCIA ABM EXTASIS
MONTA: EDUARD GARCÍA LEZCANO

2F CORONA HIJA DE ENSUEÑO DE LA CORONA FC X MINERVA ABM DULCE SUEÑO DE LUSITANIA FC
MONTA: RUBEN DARIO APARICIO",0,"06/21/2025 13:26",https://www.instagram.com/p/DLLRutTylWu/,"Secuencia de Instagram",,Total,12364,160,1,1,0,,
18083491996695118,17841475057047103,fragmentod,"Fragmento Digital","Doña Flor y Matías participaron en la sesión de Pensamiento Creativo de @tuluaferia",51,"06/21/2025 10:32",https://www.instagram.com/reel/DLK9stjsohk/,"Reel de Instagram",,Total,3776,16,2,2,0,,
18359522653150958,17841402591799685,alcaldiadetulua,"Alcaldía de Tuluá","🎯 ¡Tradición, destreza y pasión por el campo! 🐂💥

La vaquería fue protagonista en la Feria de Tuluá 67, reuniendo a los mejores jinetes y ejemplares en una muestra cargada de emoción, habilidad y arraigo por nuestras raíces campesinas. 🇨🇴🤠

Cada lazo, cada maniobra y cada carrera demostró el orgullo y la disciplina de quienes mantienen viva esta tradición ganadera, símbolo de la cultura equina del corazón del Valle.

👏 Agradecemos a todos los participantes, organizadores y al público que vibró con esta exhibición de fuerza, técnica y pasión por el campo.

📍¡La Feria de Tuluá 67 es más campo, más cultura y más identidad!  #ParaSerFelices #HayQueSentirlo",0,"06/21/2025 10:26",https://www.instagram.com/p/DLK9EDuPkCJ/,"Secuencia de Instagram",,Total,5520,120,10,2,1,3117,5
17853325890466837,17841402591799685,alcaldiadetulua,"Alcaldía de Tuluá","🍬🎨 ¡La Feria de Tuluá también se vive con sabor y arte!💙

En la Plaza del Mecato, más de 40 expositores de Tuluá, Zarzal, Bolívar, Trujillo, Riofrío, Andalucía y Bugalagrande, entre otros, te esperan con lo mejor del mecato tradicional vallecaucano. 😋

🧶 Y si lo tuyo es lo hecho a mano, visita nuestros pabellones de artesanías en 🏥 el “Hospital San Antonio” y la 🚂 “Estación del Ferrocarril” 

¡Más de 30 artesanos de diferentes regiones de Colombia exhiben y venden piezas únicas llenas de cultura, historia y creatividad! 🇨🇴

¡Ven, compra, apoya lo nuestro y haz parte de la tradición de la 67 Feria de Tuluá!🤩✅
#HayQueSentirla #FeriaDeTuluá67",0,"06/21/2025 09:35",https://www.instagram.com/p/DLK3Swrgcwi/,"Secuencia de Instagram",,Total,5069,102,4,0,1,2674,0
18059867519464444,17841402591799685,alcaldiadetulua,"Alcaldía de Tuluá","🎸🔥 ¡Volvió la Noche del Rock a Tuluá! 🔥🎸

Después de 5 años, el Coliseo de Ferias Manuel Victoria Rojas vibró con lo mejor del rock nacional. Más de 2.000 tulueños alzaron su voz y vivieron una noche épica junto a:

🎤 RAIN of Fire de Tuluá, que nos representará en Rock al Parque 2025
⚡ Iron Lord, tributo oficial a Iron Maiden
🏆 Superlitio, banda colombiana nominada al Latin Grammy

🎶 ¡Una noche para los amantes del rock y un regreso por todo lo alto! #ParaSerFelices #HayQueSentirla",0,"06/20/2025 22:50",https://www.instagram.com/p/DLJtedkATlb/,"Secuencia de Instagram",,Total,16650,396,15,3,14,9205,1
18067511438289713,17841411919702656,hospitalrubencruzvelez,"Hospital Rubén Cruz Vélez","Plazoleta de mecatos en la @tuluaferia numero 67",0,"06/20/2025 20:42",https://www.instagram.com/p/DLJe2mTNCh9/,"Secuencia de Instagram",,Total,8919,55,1,0,2,3279,1
18510742771048337,17841401868736694,guille.londono,"Guillermo Londoño Ricaurte","Con la presencia de nuestra Fuerza Pública, seguimos garantizando la seguridad en la Feria de Tuluá.

Estamos trabajando de manera articulada por la tranquilidad de los tulueños.👩‍✈️

.

.

#tulua #feriatulua #valledelcauca",16,"06/20/2025 18:26",https://www.instagram.com/reel/DLJOnk8Mu4z/,"Reel de Instagram",,Total,3810,68,1,2,0,,
18045103910532917,17841402591799685,alcaldiadetulua,"Alcaldía de Tuluá","🔵 #CápsulasDeFeria | 🌿✨ ¡Desde Pereira llega el @vivero_organico_mandragora a la Feria de Tuluá! 🌵💐

Con más de 9 años de experiencia produciendo orquídeas, suculentas, cactus antiguos y siendo un verdadero negocio verde 🌎🌱

Hoy hacen parte de nuestra feria, trayendo vida, color y sostenibilidad 💚

🛍️ ¡Ven, conócelos y apoya el emprendimiento ambiental en nuestra Feria! #HayQueSentirla #ParaSerFelices",61,"06/20/2025 17:32",https://www.instagram.com/reel/DLJIjwcvP5e/,"Reel de Instagram",,Total,15197,106,9,3,4,6001,1
18049962953390463,17841402591799685,alcaldiadetulua,"Alcaldía de Tuluá","🎊 ¡Tuluá está de fiesta! ❤️💚🤍🎉

Más de 5.000 personas respondieron al llamado de volver a nuestra tradición, a la cultura y a lo que somos como pueblo 💙🙌🏼

Con esta gran asistencia, iniciamos con toda nuestra Feria 67… ¡y estamos listos para dar lo mejor de nosotros por Tuluá! 💃🏻🎶

✨ ¡Vengan ahora! La feria ya empezó y #HayQueSentirla 💥",0,"06/20/2025 16:37",https://www.instagram.com/p/DLJC0lMvLhE/,"Secuencia de Instagram",,Total,7072,165,1,2,3,4196,0
18078606304856942,17841400066779739,gustavovelezr,"Gustavo Adolfo Vélez Román","🎉 ¡Regresó la Feria de Tuluá! 💙✨

Una feria que nos une, que sentimos con el corazón y que nos recuerda que los buenos somos más 🙌🏼💪🏼

La alegría del regreso de esta tradición es indescriptible, y por eso quiero invitar a cada tulueño, vallecaucano y colombiano a vivirla con nosotros 🎡🇨🇴 Feria #ParaSerFelices 💙",0,"06/20/2025 15:38",https://www.instagram.com/p/DLI8BP8RRiM/,"Secuencia de Instagram",,Total,21885,470,10,11,0,,
18072587317778760,17841465213107155,tuluaculturacol_,"DEPARTAMENTO DE ARTE Y CULTURA","🎭✨ ¡Tuluá vivió una fiesta inolvidable! ✨🎭

El color, la alegría y el talento se tomaron nuestras calles con el I Concurso de Comparsas del Carnaval del Pueblo, una celebración que nos unió en tradición, ritmo y pasión. ¡Gracias a todos por hacer historia junto a nosotros! 🥳💃🏽

👏🏆 Felicitamos con orgullo a nuestros ganadores:

🥇 1er Puesto: Extreme Force — ¡Una explosión de energía y creatividad que dejó al público sin aliento!
🥈 2do Puesto: Alquileres López Production’s — Una puesta en escena impecable que llenó de magia nuestro carnaval.
🥉 3er Puesto: Tradición Mestiza — Cultura y raíces que tocaron el corazón de todos los tulueños.
🏅 4to Puesto: Love Dance — Ritmo, alegría y un derroche de talento juvenil que nos puso a vibrar.

Gracias a cada comparsa por su entrega, su amor por nuestras tradiciones y por hacer de este carnaval una experiencia única. ❤️
¡Tuluá baila, canta y celebra con el alma! 🌟

#CarnavalDelPuebloTuluá #ComparsasConPasión #TuluáEsFiesta #OrgulloTulueño  @alcaldiadetulua  @tuluaferia @mincultura",0,"06/20/2025 14:09",https://www.instagram.com/p/DLIxzjiud70/,"Secuencia de Instagram",,Total,14541,276,31,1,0,,
18041476838635063,17841402591799685,alcaldiadetulua,"Alcaldía de Tuluá","🚀 ¡Por primera vez en la Feria de Tuluá llega el Pabellón de Tecnología, Ciencia e Innovación! 🤖💡

Aquí encontrarás robótica, software, comunicaciones, aulas STEAM y charlas de inteligencia artificial 🧠💻

✨ Con la presencia de NIDO, estrategia de apoyo a emprendedores del Valle 💼👏 @gobvalle 
¡Tecnología para aprender, crear y soñar! 🌟 Tecnología #ParaSerFelices 💙",0,"06/20/2025 12:58",https://www.instagram.com/p/DLIpwaBvIPU/,"Secuencia de Instagram",,Total,4197,64,5,0,1,2341,0
18084638191688701,17841402591799685,alcaldiadetulua,"Alcaldía de Tuluá","🎭 Revive el Ritmo y color que vivimos en el Carnaval del Pueblo 🎶🌈
La calle 25 se transformó en un escenario de fiesta, tradición y mucha creatividad 🤩💃🏻

Comparsas llenas de vida homenajearon lugares icónicos como el Teatro Sarmiento y el Lago Chillicote 🐦✨

¡Así arrancamos con toda la energía la Feria 67! 💥
#CarnavalDelPueblo #Feria67 #HayQueSentirla #ParaSerFelices",48,"06/20/2025 12:31",https://www.instagram.com/reel/DLIl22_P_2b/,"Reel de Instagram",,Total,31842,360,26,2,5,9377,11
18069789275298698,17841405611300510,labakana103.1,"Tu Emisora La Bakana 103.1 FM","🎉 ¡Estuvimos en el inicio de la Feria de Tuluá y fue una fiesta total! 🥳 

Vimos comparsas llenas de color, familias enteras disfrutando y mucha alegría en cada rincón. Desde los más chiquitos hasta los más grandes, todos gozaron… y aquí te mostramos un poquito de lo que vivimos con el equipo de La Bakana. 💃🕺🎭

@alcaldiadetulua

#FeriaDeTuluá2025 #LaBakanaEnLaCalle",0,"06/20/2025 10:23",https://www.instagram.com/p/DLIYAG8uKuX/,"Secuencia de Instagram",,Total,13531,230,8,0,0,,
17958225164802055,17841404423283695,supergiroscentrodelvalle,"SuperGiros Centro del Valle","🎉 ¡La Feria se vive en el Coliseo Manuel Victoria Rojas! 🎉
Nuestro gerente Hugo Hoyos te invita a disfrutar con alegría y en familia de este gran evento que une a toda la comunidad.

✨ Cultura, música, emprendimiento y tradición te esperan.
¡No te lo pierdas! ¡Esta feria es tuya!

#SuperGirosCentroDelValle #FeriaDeTuluá #OrgulloVallecaucano",20,"06/20/2025 10:19",https://www.instagram.com/reel/DLIXcfiJneN/,"Reel de Instagram",,Total,2018,38,2,0,0,,
18014445803558769,17841402591799685,alcaldiadetulua,"Alcaldía de Tuluá","🎭✨ ¡La calle 25 se llenó de color: Miles de tulueños disfrutaron del Primer Carnaval del Pueblo!🎉
Así vivimos nuestro gran desfile y concurso de Comparsas, con miles de familias disfrutando un desfile lleno de música, baile y cultura 💃🏻🥁💙
¡Gracias Tuluá por hacerlo inolvidable!

#CarnavalDelPueblo #Feria67 #HayQueSentirla #ParaSerFelices",0,"06/20/2025 08:54",https://www.instagram.com/p/DLINyWZA48t/,"Secuencia de Instagram",,Total,13326,402,22,3,7,7800,5
17854002360461984,17841402909298602,tuluaferia,"Feria de Tuluá Oficial","▶️ ¿Qué hay pa’ hacer HOY VIERNES 20 DE JUNIO en la Feria? ¡De Todo oís! 🤠

Mirá el video el completo. 💃🎊 

¡Te esperamos!
⁣⁣
#feriadetuluá #tuluá #feria #hayquesentirla #cabalgata #exposición #ganadería #equinos #industrial #artesania #plantas #cultura #asoferias #tuluacorazondelvalle⁣⁣",54,"06/20/2025 07:00",https://www.instagram.com/reel/DLIAs3ExSU9/,"Reel de Instagram",,Total,17886,251,41,12,0,,
18034222952389736,17841402591799685,alcaldiadetulua,"Alcaldía de Tuluá","🔥 ¡Comienza la magia del Carnaval del Pueblo 2025! 🎭
Nuestros artistas ya están listos para llenar de color, música y alegría las calles. 🎶💃🏽
Las comparsas se preparan para deslumbrar en cada paso
💃 ¡Prepárate para vivir la fiesta más esperada del año!",0,"06/19/2025 16:19",https://www.instagram.com/p/DLGb5BDusFV/,"Secuencia de Instagram",,Total,14444,554,15,6,9,8191,16
18013807469563406,17841407739133684,emtulua,"Emtulua Esp","🌾🎉 ¡Atención, campesinos! Este  domingo 22 de junio, el Coliseo de Ferias Manuel Victoria Rojas será el lugar de celebración del Día del Campesino en la feria número 67 de Tuluá. 🥳 

¡Prepárate para disfrutar de un día increíble! Recuerda nuestras recomendaciones para un ingreso rápido y sin contratiempos. ¡Te esperamos! 👨🏻‍🌾🚜🌾#DíaDelCampesino #FeriaTuluá",45,"06/19/2025 13:36",https://www.instagram.com/reel/DLGJBAbOuem/,"Reel de Instagram",,Total,3356,46,4,3,0,,
18063507350472011,17841402591799685,alcaldiadetulua,"Alcaldía de Tuluá","🥊 ¡Regresó la Velada Boxística a Tuluá después de 5 años! 🔥

Una noche cargada de emoción y un público que vibró con cada combate 💥 Este gran evento marcó el inicio deportivo de la 67ª Feria de Tuluá, con la participación de talentosos boxeadores de la región, muchos de ellos próximos a representar al Valle en los Juegos Departamentales 🏅

Gracias al liderazgo del alcalde Gustavo Vélez y al trabajo de la nueva Secretaría del Deporte y la Recreación, el deporte sigue siendo protagonista en nuestra ciudad 💪 ¡El apoyo al talento tulueño continúa y se fortalece!
#ParaSerFelices 💙 #FeriaDeTuluá #HayQueSentirla",37,"06/19/2025 08:37",https://www.instagram.com/reel/DLFmu0ZgeLI/,"Reel de Instagram",,Total,7860,47,1,2,1,3583,0
18039679292324274,17841465258460662,secre.bienestarsocialtulua,"SECRETARIA DE BIENESTAR SOCIAL","💧 La Administración Municipal de Tuluá invita a toda la comunidad a unirse a la campaña de donación de la Fundación Góticas de Amor, una iniciativa liderada por Éxito.

🙏 Gracias a este programa, hoy 100 familias tulueñas reciben apoyo. Con tu ayuda, podemos seguir llegando a más hogares y disminuir la desnutrición en nuestros niños y niñas.

🤝 Cada aporte cuenta.
Dona y haz parte de esta causa que transforma vidas.",51,"06/19/2025 06:08",https://www.instagram.com/reel/DLFV6X4sqRR/,"Reel de Instagram",,Total,6121,53,8,5,0,,
18055040642062795,17841402591799685,alcaldiadetulua,"Alcaldía de Tuluá","🥊 ¡En este momento se vive con éxito la Velada Boxística! 🎉

Continuamos con las actividades que dan inicio a la 67ª Feria de Tuluá, y hoy el deporte es el protagonista 💪

Con este evento, creamos un espacio familiar donde tulueños y visitantes disfrutan del talento y la pasión por el boxeo 🥊  Espacios #ParaSerFelices 💙",0,"06/18/2025 20:30",https://www.instagram.com/p/DLET3KUg33x/,"Secuencia de Instagram",,Total,5274,93,15,0,1,3117,0
18350609551158499,17841402591799685,alcaldiadetulua,"Alcaldía de Tuluá","🕊️ 18 años de memoria y homenaje 🕊️

Desde el 🏛️ Concejo Municipal de Tuluá, vivimos una jornada especial de recuerdo y unidad.
Con la presencia del alcalde Gustavo Vélez y los diputados del Valle:

✨ Se realizó un acto solemne en honor a los 11 diputados del Valle
🤍 Se rindió un sentido reconocimiento a sus familias
📜 Y se llevó a cabo la sesión de la Asamblea Departamental desde nuestra ciudad

Un espacio para honrar la memoria, reafirmar la paz y fortalecer los valores que nos unen como sociedad.",0,"06/18/2025 09:30",https://www.instagram.com/p/DLDIT-lAPgh/,"Secuencia de Instagram",,Total,6952,131,8,0,6,3913,0
18102681610555732,17841402591799685,alcaldiadetulua,"Alcaldía de Tuluá","💡 ¡50% de avance en iluminación LED de la salida norte! ✨✅

Hace una semana iniciamos la instalación de 82 luminarias LED que reforzarán la visibilidad en 2.200 metros de la entrada a nuestro municipio, en el sector Rancho Panorama. Un proyecto de la Administración Municipal para brindarte calles más seguras, iluminadas y transitables.  #ParaSerFelices 🌙🚶‍♂️🚗",0,"06/18/2025 07:33",https://www.instagram.com/p/DLC67higS-p/,"Secuencia de Instagram",,Total,7862,226,7,4,2,4785,3
18123767515455523,17841402591799685,alcaldiadetulua,"Alcaldía de Tuluá","🕯️✨ Encendimos una luz por la vida ✨🕯️

Hoy alzamos la voz con velas y corazones encendidos 🤍
Dijimos sí a la paz 🤝 y no al odio 🚫
Gracias a cada tulueño que se unió por un país con más amor y respeto 🇨🇴💫 #ParaSerFelices",0,"06/17/2025 16:48",https://www.instagram.com/p/DLBVqKQv-tm/,"Secuencia de Instagram",,Total,5608,101,2,0,8,2819,0
17900186592223653,17841402591799685,alcaldiadetulua,"Alcaldía de Tuluá","🚧 ¡Más de 5.000 personas beneficiadas en Nariño!📍

En menos de una semana, transformamos la vía a Nariño con más de 600 metros lineales de mejoramiento vial.
Esta obra liderada por el alcalde Gustavo Vélez no solo mejora la movilidad, ¡también impacta positivamente a la comunidad educativa de la I.E. Jovita Santacoloma!
💙 ¡Más obras #ParaSerFelices!",39,"06/17/2025 11:29",https://www.instagram.com/reel/DLAwvJvvpOy/,"Reel de Instagram",,Total,99662,623,39,52,12,12984,7
18047061143407910,17841402591799685,alcaldiadetulua,"Alcaldía de Tuluá","🎉 ¡Agéndate para vivir la Feria de Tuluá 2025! 🎉

Del miércoles 18 al lunes 23 de junio, te esperamos para disfrutar con familia y amigos de una semana llena de alegría, cultura, música, arte y tradición. 💃🏽🎭🎶

💙 Volvamos a sentir la feria, a encontrarnos y a unirnos como tulueños en esta gran celebración. 💙

📍 Coliseo de Ferias Manuel Victoria Rojas
📲 Desliza y descubre parte de la programación que tenemos para ti 👇🏽

💙 ¡Esta feria #HayQueSentirla #ParaSerFelices! 🥳💪🏼",0,"06/17/2025 08:43",https://www.instagram.com/p/DLAeKsYgXOT/,"Secuencia de Instagram",,Total,21355,274,72,4,29,11811,5
18093216340613358,17841402591799685,alcaldiadetulua,"Alcaldía de Tuluá","Obras en la carrera 30 🔧🚧

La ampliación de esta vía ya es una realidad en el salida norte de nuestro municipio, sector Estambul.🌴🚗
Un proyecto del alcalde Gustavo Vélez que embellece la entrada a nuestro municipio e impulsa la economía local con mano de obra 100% tulueña y materiales y maquinaria local.💪🏼✅ #ParaSerFelices",48,"06/16/2025 17:53",https://www.instagram.com/reel/DK-4OBrP1_V/,"Reel de Instagram",,Total,22549,163,12,7,1,4795,0
18059461655332037,17841402591799685,alcaldiadetulua,"Alcaldía de Tuluá","En Tuluá cuidamos y honramos a nuestros adultos mayores💙👵🏼

En el Día Mundial de la Toma de Conciencia del Abuso y Maltrato en la Vejez, alzamos la voz por quienes nos abrieron camino. 💜
El respeto, el cuidado y el amor son la base de una vejez digna.

🚫 Decir NO al maltrato también es un acto de humanidad.
👵🏽👴🏽 ¡Cuidarlos es honrar nuestra historia!

📍En Tuluá contamos con 3 centros de atención para el adulto mayor, porque su bienestar es una prioridad. #ParaSerFelices",67,"06/16/2025 08:14",https://www.instagram.com/reel/DK91-D0gIdP/,"Reel de Instagram",,Total,7023,44,1,4,0,2376,0
17943650738881404,17841402591799685,alcaldiadetulua,"Alcaldía de Tuluá","➡️Conoce las noticias más importantes de la semana en nuestro resumen semanal “45 segundos” #ParaSerFelices 💙✅",68,"06/15/2025 16:16",https://www.instagram.com/reel/DK8IPtsPw0Z/,"Reel de Instagram",,Total,9747,89,4,3,3,3726,0
18063169993898335,17841402591799685,alcaldiadetulua,"Alcaldía de Tuluá","🚴‍♂️✨ ¡Tuluá vivió su Primer Circuito Ciclístico “Corazón del Valle”!

Con gran participación y emoción, corredores de diferentes categorías —desde damas, mayores de 65 años, paraciclismo, hasta las categorías A, B, C y élite— se tomaron la Transversal 12 para demostrar su talento sobre ruedas.

Un evento deportivo que hace parte del inicio de nuestra Feria y que impulsa la inclusión, la competencia sana y el orgullo tulueño. 💙👏 #ParaSerFelices 💙💪🏼",0,"06/15/2025 12:18",https://www.instagram.com/p/DK7tHq-vL0H/,"Secuencia de Instagram",,Total,4994,70,5,0,2,2908,0
18071863750781954,17841402591799685,alcaldiadetulua,"Alcaldía de Tuluá","🤩Cabalgata de Tuluá: epicentro para caballistas de todo el país🐴✅

Con caballistas de diferentes rincones del Valle del Cauca y otros Departamentos de Colombia que se  sumaron a esta tradicional cabalgata damos apertura oficial a la Feria 67 de Tuluá, en un recorrido lleno de alegría, tradición y orgullo tulueño. #ParaSerFelices ✨💙

¡Así se vive el inicio de la Feria más querida del Valle del Cauca! 💫",0,"06/14/2025 17:43",https://www.instagram.com/p/DK5tkyWP-Cv/,"Secuencia de Instagram",,Total,63958,1646,58,23,54,44973,127
18100190425555214,17841402591799685,alcaldiadetulua,"Alcaldía de Tuluá","🍎 ¡Tuluá realizó con éxito la primera Mesa Pública del PAE! 🗣️📚

Escuchamos a la comunidad, estuvimos con padres de familia, estudiantes, docentes, y con la asistencia de las autoridades competentes, compartimos avances y reafirmamos nuestro compromiso con la alimentación y el bienestar de nuestros estudiantes 💙.

¡Seguimos trabajando con transparencia y amor por la educación! 👧👦✨#ParaSerFelices",62,"05/31/2025 07:55",https://www.instagram.com/reel/DKUm3JxgjZh/,"Reel de Instagram",,Total,5748,8,2,0,0,1675,0
18002200442619370,17841402591799685,alcaldiadetulua,"Alcaldía de Tuluá","🐎✨ ¡Arrancamos con nuestra cabalgata en la versión número 67 de la Feria de Tuluá! 💙
Una tradición que nos une, que llena nuestras calles de alegría y orgullo por lo nuestro. 🤩
 
¡Estamos listos para disfrutar con seguridad y en familia este gran eveto! 💪🏽
#FeriaDeTuluá67 #ParaSerFelices",0,"06/14/2025 13:44",https://www.instagram.com/p/DK5SQjKPI6i/,"Secuencia de Instagram",,Total,29072,617,29,10,9,14423,14
18179102788325196,17841402591799685,alcaldiadetulua,"Alcaldía de Tuluá","🔹 ¡Todo listo para una cabalgata segura! 🐎💙

Con más de 1.000 unidades de la fuerza pública, Tuluá se alista para vivir con tranquilidad la gran apertura de la 67ª Feria.

✅ Refuerzos en seguridad
✅ Horarios extendidos 🕔
✅ Restricciones de motos 🛑🏍️
✅ Cierres viales y medidas especiales

🎉 ¡Vivamos esta fiesta con respeto y alegría!
#TuluáParaSerFelices #FeriaDeTuluá2025 #HayQueSentirla",59,"06/13/2025 20:16",https://www.instagram.com/reel/DK3aLDDgk0R/,"Reel de Instagram",,Total,19689,162,29,6,5,8407,1
18047625725395156,17841440739178712,policiavalledelcauca,"Policia Valle del Cauca","🤝 #SeguridadTuluá | Sostenemos reunión con el señor Alcalde de Tuluá Ingeniero Gustavo Vélez y el el señor Secretario de Seguridad y Convivencia Ciudadana de la Gobernación Doctor Guillermo Londoño para coordinar estrategias que garanticen el buen desarrollo de la cabalgata del día de mañana.

👮‍♀️ Trabajamos unidos por una celebración segura y en paz.",0,"06/13/2025 14:45",https://www.instagram.com/p/DK20cI2y0SH/,"Secuencia de Instagram",,Total,7455,156,5,5,0,,
17865756051324920,17841402591799685,alcaldiadetulua,"Alcaldía de Tuluá","🎁🚫 ¡Qué regalazo te llevaste hoy!
En Tuluá lanzamos la campaña de Cultura Ciudadana “¡Qué regalazo!” 🎉 Una forma creativa y pedagógica de invitarte a no parquear mal ni usar el espacio público.

Si viste una caja gigante sobre tu carro o tu puesto ambulante… ¡no te asustes! No fue un comparendo, fue un regalazo de conciencia. 🧠💙
Entre todos construimos una ciudad más ordenada, segura y respetuosa.

📍Campaña liderada por el Departamento de Arte y Cultura en articulación con Movilidad. #ParaSerFelices",94,"06/13/2025 09:15",https://www.instagram.com/reel/DK2OlAaAIWS/,"Reel de Instagram",,Total,123895,1435,255,90,50,30600,53
17970482738909725,17841402909298602,tuluaferia,"Feria de Tuluá Oficial","▶️Conoce aquí cómo llegar al sitio oficial de entrega de manillas para la Cabalgata 🤠🐴

📍 Lugar: Agrohacienda La Martina
⏰ Hora: Desde las 11:00 A.M
🗺️ Dirección: Carrera 40 Salida Sur Tuluá

⚠️ Recuerda llegar temprano 🕒 evita contratiempos.

¡Nos vemos en la Cabalgata oís! 👋

#feriadetuluá #tuluá #feria #hayquesentirla #cabalgata #exposición #ganadería #equinos #industrial #artesania #plantas #cultura #asoferias #tuluacorazondelvalle⁣⁣",0,"06/13/2025 08:45",https://www.instagram.com/p/DK2LM9pRgtU/,"Secuencia de Instagram",,Total,28253,187,42,1,0,,
18070332025987066,17841402591799685,alcaldiadetulua,"Alcaldía de Tuluá","💙 Orgullo de ser tulueños ❤️💚🤍

Somos 🎉 alegría, 💪 trabajo, ❤️ pasión y 💥 ganas de salir siempre adelante.
¡Los buenos somos más! 🙌😄
Y eso se nota en cada rincón de Tuluá 🌆🌟✨

#ParaSerFelices 💙
Y a vos… ¿qué te hace sentir orgulloso de ser tulueño? 🤔💙🇨🇴",61,"06/12/2025 17:29",https://www.instagram.com/reel/DK0iOPXPtvq/,"Reel de Instagram",,Total,35734,496,111,21,11,15153,4
18069468124954937,17841402909298602,tuluaferia,"Feria de Tuluá Oficial","🤠La Feria de Tuluá es el motor que impulsa a toda una región. 🚀

💼 Es empleo , 💰 inversión , 🎉 diversión , 🌟 sueños y 🎯 metas…

✨ Tuluá respira, crece y brilla gracias a ti. 

🚨¡No te la puedes perder! 

Recuerda: Contamos con tu apoyo oís. 🥳

⁣⁣#feriadetuluá #tuluá #feria #hayquesentirla #cabalgata #exposición #ganadería #equinos #industrial #artesania #plantas #cultura #asoferias #tuluacorazondelvalle⁣⁣",0,"06/12/2025 17:00",https://www.instagram.com/p/DK0fGpwxaPg/,"Secuencia de Instagram",,Total,16117,119,9,3,0,,
18037004516650348,17841402591799685,alcaldiadetulua,"Alcaldía de Tuluá","🚫👶🏻La ñiñez es para soñar, no para trabajar

En el Día Mundial contra el Trabajo Infantil,  conmemoramos esta fecha con una campaña de sensibilización dirigida a comerciantes del municipio 🛍️🤝

Con el liderazgo de la @secre.bienestarsocialtulua y en articulación con el @icbfcolombiaoficial, la @personeriatulua y la @policia_infancia_adolecencia, recorrimos establecimientos invitando a decirle NO al trabajo infantil y SÍ a entornos seguros para nuestros niños, niñas y adolescentes 🙌🎒⚽

Porque protegerlos es tarea de todos #ParaSerFelices 👧🏽👦🏻",33,"06/12/2025 15:37",https://www.instagram.com/reel/DK0VLlFP15f/,"Reel de Instagram",,Total,4361,53,3,1,2,1964,0
18079323583877297,17841465213107155,tuluaculturacol_,"DEPARTAMENTO DE ARTE Y CULTURA","¡Arrancamos con Cultura Ciudadana por las Calles de nuestro municipio!💙🎭

Desde el Departamento Administrativo de Arte y Cultura, en articulación con el Departamento de Movilidad,👮‍♂️iniciamos con entusiasmo nuestra campaña de Cultura Ciudadana en las calles del municipio de Tuluá. “Estás mal parqueado” 🚫🎭👮‍♂️🎉💃",0,"06/12/2025 15:32",https://www.instagram.com/p/DK0U7YPO9SU/,"Secuencia de Instagram",,Total,17122,451,56,7,0,,
18061836413143200,17841402591799685,alcaldiadetulua,"Alcaldía de Tuluá","🔆 ¡Tuluá ilumina su entrada norte con 2.200 metros de alumbrado!💡

Iniciamos esta importante obra con 93 postes y 82 luminarias LED, que mejorarán la seguridad y transforma la movilidad en uno de los principales accesos a nuestro municipio. Obras #ParaSerFelices 💙💪🏼",0,"06/12/2025 11:13",https://www.instagram.com/p/DKz3Yi4vb8m/,"Secuencia de Instagram",,Total,4750,100,2,0,1,2753,0
17859614250376905,17841400356362656,infitulua,"INFITULUÁ E.I.C.E","🚧✨ ¡Buenas noticias para Tuluá!

Así avanza la transformación de la entrada norte en el sector de Estambul. 👆🏻

Con obras de mejoramiento y ampliación, la @alcaldiadetulua a través de @infitulua ejecuta esta obra de tan importante acceso a nuestra ciudad que está cambiando para ofrecer más seguridad vial, fluidez y desarrollo.

💪 Una obra que impulsa la movilidad
🏗️ Modernizamos la infraestructura vial
🚗 Conectamos mejor a los tulueños

👷‍♀️ Seguimos trabajando por una Tuluá más conectada, moderna y llena de oportunidades #ParaSerFelices💙",36,"06/12/2025 06:50",https://www.instagram.com/reel/DKzY7GYAPE-/,"Reel de Instagram",,Total,5277,84,14,3,0,3279,0
18047167799618265,17841402591799685,alcaldiadetulua,"Alcaldía de Tuluá","🚧 ¡Más obras para los tulueños!
La socialización de nuevos proyectos viales ya es una realidad 🗣️👷‍♂️
Calles clave como la 26, 34, 29A y la Carrera 26B serán transformadas con pavimento rígido y ya fueron socializados con líderes comunales y representantes de cada sector 💪✨
¡Obras que conectan, mejoran y nos hacen felices! 🔵✅ #ParaSerFelices",53,"06/11/2025 15:20",https://www.instagram.com/reel/DKxurd0vm8z/,"Reel de Instagram",,Total,7452,45,3,0,1,3206,0
17846222547477358,17841402591799685,alcaldiadetulua,"Alcaldía de Tuluá","🌿🏊🏽‍♂️🛼 ¡Restauramos la Unidad Deportiva Arturo Guevara! 

Con la gestión de la Secretaría de Desarrollo Institucional iniciamos el embellecimiento del espacio donde se encuentran el Benicio Echeverry, la piscina olímpica y la pista de patinaje.

Con labores de 🌱poda, 🧹limpieza, 🗑 recolección de residuos y mejora del ornato, ¡estamos transformando nuestros escenarios deportivos para el disfrute de todos los tulueños! 💪🏽💙 Espacios #ParaSerFelices",0,"06/11/2025 10:03",https://www.instagram.com/p/DKxKh6tAV_5/,"Secuencia de Instagram",,Total,2609,34,3,0,2,1556,0
18134566618422476,17841402591799685,alcaldiadetulua,"Alcaldía de Tuluá","🚧 ¡Nariño empieza a transformarse! 🚜✨

Con 600 metros lineales iniciamos el levantamiento de fresado en la calle principal de este corregimiento. 💪🏽
Después de años de espera, ¡por fin comienza el cambio que tanto pedía la comunidad! 🙌🏽
Muy pronto tendrán una vía pavimentada, segura y digna para transitar, desde la entrada principal hasta la Institución Educativa Jovita Santacoloma. 🛣️🏫

Esto apenas comienza… ¡el progreso no se detiene! 🚀 #ParaSerFelices",46,"06/10/2025 14:20",https://www.instagram.com/reel/DKvDDtmPTty/,"Reel de Instagram",,Total,8526,77,9,3,0,2772,1
18068455274063656,17841402591799685,alcaldiadetulua,"Alcaldía de Tuluá","🔊Con obras en zona rural mejoraremos la calidad de vida de 700 familias🌿🚜

Socializamos importantes proyectos con nuestros campesinos y líderes de la zona rural alta y media de Tuluá, en sectores como El Diamante, El Brasil y San Lorenzo. 🤝🏽
Gracias a estas obras y corredores viales, muchas veredas y corregimientos que por años esperaban soluciones, hoy ven avances reales y esperanzadores. 🛣️✨
¡El campo florece y Tuluá progresa! 🌱🚀 #ParaSerFelices",49,"06/10/2025 09:32",https://www.instagram.com/reel/DKuiJiJAqcR/,"Reel de Instagram",,Total,5636,26,7,0,0,2573,0
18069772130304685,17841402591799685,alcaldiadetulua,"Alcaldía de Tuluá","🎭 ¿Ya conoces el recorrido del Carnaval del Pueblo? 😎

Este 19 de junio más de 1.200 artistas llenarán las calles de color, música y tradición con el Carnaval del Pueblo, el gran desfile de comparsas que abre la Feria de Tuluá 2025 🎉

🚴‍♂️ Desfile, comparsas, bandas marciales y una muestra de bicicletas antiguas te esperan en un recorrido lleno de alegría e identidad tulueña.

📍 Desde la Transversal 12 hasta la Plaza Cívica Boyacá
🕓 Desde las 4:00 p.m.

👉 Desliza y descubre cuál será el recorrido y todo lo que te espera en esta fiesta cultural que nos une como tulueños. #ParaSerFelices #HayQueSentirla 💪🏼💙

El Carnaval del Pueblo es un Proyecto Apoyado por el Ministerio de las Culturas, Programa Nacional de Concertación Cultural @mincultura
 www.ministeriodecultura.gov.co",0,"06/09/2025 16:02",https://www.instagram.com/p/DKsp-tEPtwb/,"Secuencia de Instagram",,Total,15930,282,51,13,14,8069,8
17881780641326614,17841402591799685,alcaldiadetulua,"Alcaldía de Tuluá","¡Tenemos reina en nuestro CentroDía #ParaSerFelices! 👑 🎉

Nuestros adultos mayores vivieron un día inolvidable en este espacio lleno de actividades artísticas y culturales con  la emotiva elección y coronación de la nueva reina de este CentroDía, creado para el bienestar y alegría de esta población. ¡Un día lleno de diversión, sonrisas y unión! 💙💪🏼✨",59,"06/09/2025 07:04",https://www.instagram.com/reel/DKrsacfAV4l/,"Reel de Instagram",,Total,5816,41,3,2,0,2291,0
17989021751811741,17841402909298602,tuluaferia,"Feria de Tuluá Oficial","▶️ Dale play y descubre los eventos más importantes que se vivirán este año en la Feria de Tuluá. 🤠💃🎊 Porque la Feria #HayQueSentirla #Feria67 #1MinutoparaFeriar⁣
⁣⁣
#feriadetuluá #tuluá #feria #hayquesentirla #cabalgata #exposición #ganadería #equinos #industrial #artesania #plantas #cultura #asoferias #tuluacorazondelvalle⁣⁣",75,"06/08/2025 16:48",https://www.instagram.com/reel/DKqKYzcRJw2/,"Reel de Instagram",,Total,9317,287,22,5,0,,
18058560014192751,17841402591799685,alcaldiadetulua,"Alcaldía de Tuluá","➡️Conoce las noticias más importantes de la semana en nuestro resumen semanal “45 segundos” #ParaSerFelices 💙✅",62,"06/07/2025 15:56",https://www.instagram.com/reel/DKnfjrQP_zb/,"Reel de Instagram",,Total,8805,57,6,7,1,3471,0
17881545507325441,17841402591799685,alcaldiadetulua,"Alcaldía de Tuluá","🌾 ¡Entregamos insumos agrícolas a nuestros pueblos indígenas! 🤝

Le entregamos al resguardo Dachi Vedea insumos tales como: guadañas, motosierras, abonos y más 🛠️🌱
Apoyamos sus cultivos de plátano, café, naranja y otros productos propios del territorio 🍌☕🍊

💙💪🏼Con hechos, Tuluá construye bienestar para todos. #ParaSerFelices",51,"06/07/2025 07:07",https://www.instagram.com/reel/DKmjN2lgJpW/,"Reel de Instagram",,Total,7421,36,7,1,0,3434,0
18404812591104143,17841407739133684,emtulua,"Emtulua Esp","🌾🎊 ¡El domingo 22 de junio, la Feria de Tuluá se llenará de vida en su edición 67! 🌟 

Celebraremos el Día del Campesino, un homenaje a quienes, con su dedicación y amor, alimentan nuestras raíces y construyen nuestro futuro. 🎉♥️ @alcaldiadetulua @tuluaferia",48,"06/06/2025 17:29",https://www.instagram.com/reel/DKlFYmeOI_S/,"Reel de Instagram",,Total,10025,112,6,4,0,,
17917457858996660,17841402591799685,alcaldiadetulua,"Alcaldía de Tuluá","🔴 Autoridades toman medidas especiales para el fin de semana 🔴

Con el objetivo de proteger la vida, mantener el orden público y responder a las recomendaciones de la comunidad y la Fuerza Pública, desde este viernes 6 de junio entran en vigor nuevas medidas de seguridad en el marco de la Operación Tuluá.

📌 Toque de queda para menores entre 8:00 p.m. y 5:00 a.m.
📌 Restricción de motos entre 11:00 p.m. y 5:00 a.m.
📌 Prohibida la venta de gasolina en recipientes las 24 horas
📌 Se ajustan cierres viales en zonas clave como el Palacio de Justicia, Fiscalía, CAM y Cárcel Municipal.

⚠️ Estas medidas regirán hasta el lunes 9 de junio a las 5:00 a.m. y buscan preservar la tranquilidad durante el fin de semana.

👉 Domiciliarios y personal exento deberán portar su respectiva acreditación.

🚨 ¡Tu colaboración es clave! Sigamos construyendo juntos un Tuluá más seguro y en paz.",88,"06/06/2025 15:33",https://www.instagram.com/reel/DKk4QpTPaYY/,"Reel de Instagram",,Total,24280,198,66,9,10,7006,16
18310156606209530,17841402591799685,alcaldiadetulua,"Alcaldía de Tuluá","💡💧🚧 ¡Obras de Infraestructura que ponen a Tuluá en el mapa!

Con el liderazgo del alcalde @gustavovelezr, estamos transformando el presente y construyendo un futuro con más agua potable, vías rurales, calles seguras, espacios públicos renovados y una ciudad más iluminada.

💪 Más de 35 sistemas de tratamiento de aguas en corregimientos
💡 13 sectores iluminados con tecnología LED
🛣️ Vías rurales recuperadas y accesibilidad en nuestras calles
🏞️ Parques y escenarios deportivos para la integración de las familias

Tuluá 2024: Obras que iluminan, conectan y transforman vidas. #ParaSerFelices 💙💪🏼",123,"06/06/2025 13:22",https://www.instagram.com/reel/DKkpE00PEZn/,"Reel de Instagram",,Total,5240,47,3,0,0,3304,0
18046533173422576,17841402591799685,alcaldiadetulua,"Alcaldía de Tuluá","🚧 ¡Comenzamos sello de juntas para recuperar la vía a Tres Esquinas con topping!✅

Ya estamos realizando sello de juntas, aplicando un material para llenar los espacios entre el concreto, un paso crucial que lo prepara para aplicar la técnica topping y mejorar la movilidad de la comunidad!
¡Comprometidos con vías más seguras y duraderas!🚧 Obras #ParaSerFelices",25,"06/06/2025 09:39",https://www.instagram.com/reel/DKkPoxcgkWt/,"Reel de Instagram",,Total,13755,86,8,1,0,4443,1
17896989024212468,17841440739178712,policiavalledelcauca,"Policia Valle del Cauca","Autoridades refuerzan acciones para garantizar la seguridad en Tuluá

La Policía Nacional en coordinación con la Gobernación del Valle, la Alcaldía Municipal de Tuluá, el Ejército Nacional y demás organismos de seguridad, informa a la comunidad que a esta hora se adelantan operativos de control en distintos puntos estratégicos de la ciudad. Estas acciones buscan garantizar la tranquilidad y el bienestar de todos los tulueños ante los recientes acontecimientos que han afectado el orden público.

Entre las medidas implementadas se destacan:

• Instalación de puestos de control en vías principales y sectores priorizados.
• Patrullajes conjuntos entre Policía y Ejército en barrios críticos.
• Verificación de antecedentes y control al porte de armas.
• Acompañamiento a comerciantes y zonas residenciales.",55,"06/05/2025 19:47",https://www.instagram.com/reel/DKiwjHiNWFG/,"Reel de Instagram",,Total,14095,301,10,4,0,,
18087210220580955,17841402591799685,alcaldiadetulua,"Alcaldía de Tuluá","✅ ¡Capturados cuatro integrantes de La Inmaculada!

Gracias al trabajo articulado entre la Gobernación, Alcaldía, Fuerza Pública y red de apoyo, se lograron 4 capturas por delitos como porte ilegal de armas, tráfico de estupefacientes y extorsión. desactivando las acciones delictivas que se pretendían realizar la madrugada del jueves cinco de junio de 2025, logrando mantener el control del orden público en la ciudad.
¡Tuluá no está sola, seguimos trabajando por tu seguridad! 🚨💪🏼✅ @policiavalledelcauca @gobvalle @valleseguridad",61,"06/05/2025 18:14",https://www.instagram.com/reel/DKil4fEgH8V/,"Reel de Instagram",,Total,23731,196,24,7,11,6673,11
18095492641586829,17841433865104365,valleseguridad,"Secretaría Convivencia Seg","Desde el municipio de Tuluá, el Secretario de Convivencia y Seguridad del Valle del Cauca @guille.londono entregó las conclusiones del consejo de seguridad convocado tras los recientes hechos que alteraron el orden público.

✅ Se mantiene una millonaria recompensa para quienes entreguen información que permita identificar y capturar a los responsables.
📸 Se publica el cartel de los más buscados, una herramienta clave para avanzar en las investigaciones.
🎡 La gobernadora @dilianfrancisca ratificó su compromiso con la seguridad de Tuluá y anunció que se garantizarán todas las condiciones para la realización de la Feria 67, una tradición que merece vivirse en paz.

¡Trabajamos sin pausa por la tranquilidad de los tulueños!",57,"06/05/2025 17:01",https://www.instagram.com/reel/DKidIKHOX1c/,"Reel de Instagram",,Total,10967,239,13,5,0,,
17970565547907568,17841440739178712,policiavalledelcauca,"Policia Valle del Cauca","👥 Avanza Consejo de Seguridad en #Tuluá.
Nuestro compromiso es claro: proteger a la comunidad y actuar con contundencia frente a la delincuencia.

#LaPolicíaEstáConTuluá #TodosContraElCrimen",0,"06/05/2025 13:49",https://www.instagram.com/p/DKiHq2QyNUx/,"Secuencia de Instagram",,Total,6921,126,0,5,0,,
18081431458701205,17841402591799685,alcaldiadetulua,"Alcaldía de Tuluá","📍Comedor digno para la I.E. Marino Dávalos 🍽️📚

Atendiendo la solicitud de la comunidad, dotamos a esta sede educativa con 6 mesas portátiles y 40 sillas, garantizando que nuestros niños y niñas ya no coman en el suelo. 🗣️ Este es un gobierno que escucha y que cumple.

💙 ¡Seguimos trabajando por una educación con dignidad! #ParaSerFelices",55,"06/05/2025 11:12",https://www.instagram.com/reel/DKh1lmEPxjn/,"Reel de Instagram",,Total,13825,76,4,1,4,4417,1
17943789557874532,17841401868736694,guille.londono,"Guillermo Londoño Ricaurte","🚨 Siguiendo las instrucciones de la gobernadora @dilianfranciscat nos desplazamos a Tuluá junto al Ejército y la Policía para hacerle frente a la situación de orden público que se presentó este miércoles.

Durante toda la noche trabajamos articuladamente con la Alcaldía, desarrollando operativos en distintos puntos del municipio para proteger a los tulueños y garantizar la seguridad. 🚔🦾

.

.

#tulua #seguridad #valledelcauca #gobernaciondelvalle #tuluavalledelcauca #policia",36,"06/05/2025 08:49",https://www.instagram.com/reel/DKhk1SYMc8g/,"Reel de Instagram",,Total,5393,93,5,7,0,,
17894245221124553,17841400066779739,gustavovelezr,"Gustavo Adolfo Vélez Román","¡La Feria de Tuluá y la tradicional Cabalgata se realizarán sin contratiempos! 🐎🎡💪🏼

Con el respaldo total del Estado y el acompañamiento de toda nuestra Fuerza Pública, garantizamos todas las condiciones de seguridad para vivir una celebración llena de alegría, tradición familiar y reactivación económica para nuestros comerciantes. 🙌",0,"06/05/2025 08:04",https://www.instagram.com/p/DKhgLhJRs5O/,"Imagen de Instagram",,Total,32800,632,126,36,0,,
17969907035908661,17841402591799685,alcaldiadetulua,"Alcaldía de Tuluá","🚨 ¡Iniciamos la continuación de la Calle 26 con pavimento rígido! 🛣️✅

Con esta obra avanzamos en el desembotellamiento del centro de Tuluá, mejorando la movilidad y la calidad de vida de todos.

👷‍♀️🚧 Seguimos comprometidos con la transformación vial de nuestra ciudad.
💙 ¡Obras que conectan, obras que nos hacen felices! #ObrasParaSerFelices",14,"06/05/2025 06:40",https://www.instagram.com/reel/DKhWaDBghu2/,"Reel de Instagram",,Total,12473,50,5,1,0,4514,0
18119642566461011,17841433865104365,valleseguridad,"Secretaría Convivencia Seg","🚨#AESTAHORA 

Junto al Ejército y la Policía nos trasladamos al municipio de Tulua para atender de forma inmediata la situación de orden público registrada en la tarde de este miércoles.

Durante toda la noche  se adelantan fuertes operativos en todo el municipio junto a la alcaldía. 

¡Estamos unidos trabajando sin descanso para devolver la tranquilidad a los Tulueños!",29,"06/04/2025 22:48",https://www.instagram.com/reel/DKgZSZsu9Gn/,"Reel de Instagram",,Total,20833,404,45,10,0,,
18228816202294373,17841402591799685,alcaldiadetulua,"Alcaldía de Tuluá","🚨 ¡Atención, tulueños!
Desde este jueves 5 de junio 🕗 8:00 p. m. hasta las 5:00 a. m.
queda PROHIBIDO el parrillero hombre y mujer 🛵🚫 en todo Tuluá (zona urbana y rural).

📆 Vigente en los horarios establecidos hasta el lunes 9 de junio.

💡 ¡Ayúdanos a mantener la seguridad! ✅",0,"06/04/2025 20:55",https://www.instagram.com/p/DKgTkE_Adq1/,"Imagen de Instagram",,Total,13845,161,79,10,8,9703,11
17906371041055144,17841402591799685,alcaldiadetulua,"Alcaldía de Tuluá","🚨 ¡ALCALDÍA DECRETA TOQUE DE QUEDA! 🚨

La Administración Municipal de Tuluá decreta TOQUE DE QUEDA 🕕 desde las 6:00 p.m. del miércoles 4 de junio hasta las 5:00 a.m. del jueves 5 de junio, como medida urgente para preservar el orden y la seguridad tras los hechos vandálicos contra el transporte público 🚌🔥.

👮‍♂️ La medida será vigilada por la Fuerza Pública y solo podrán circular personas con excepciones legales: personal de salud 🏥, emergencias 🚑, servicios públicos esenciales 💡, y Fuerzas Armadas.

📍 ¡Trabajamos por la tranquilidad y protección de todos! 📢 Sigue nuestras redes para más actualizaciones oficiales.",97,"06/04/2025 15:30",https://www.instagram.com/reel/DKfuR1PviW8/,"Reel de Instagram",,Total,46267,499,224,21,17,12207,57
18046310249410112,17841400356362656,infitulua,"INFITULUÁ E.I.C.E","🎉 ¡La espera está por terminar!
En Solares de Gualanday ya estamos listos para hacer realidad el sueño de muchas familias. 🌿🏡

🚧 Con grandes avances de obra y todo preparado, este 13 de junio daremos inicio a las primeras entregas de nuestra primera fase.

Una nueva etapa comienza… ¡y tú puedes ser parte de ella!

📹 Mira el video y descubre cómo el futuro que prometimos ya está tomando forma #ParaSerFelices 💙

#SolaresDeGualanday #EntregaDeObra #AvancesDeObra #TuHogarTeEspera #PrimeraFase #13deJunio #ViviendaNueva",61,"06/04/2025 08:40",https://www.instagram.com/reel/DKe_I1yM0Z5/,"Reel de Instagram",,Total,3529,66,7,4,0,2411,1
17881546068204741,17841402591799685,alcaldiadetulua,"Alcaldía de Tuluá","📣 ¿Para qué sirven los Consejos de Juventud?
Aquí te lo contamos 🔥👇

👥 Son espacios donde tus ideas y propuestas como joven sí cuentan.
🗣️ Defienden tus derechos, impulsan tus iniciativas y te dan voz y voto en las decisiones que importan.
💡 ¡Es tu momento de ser protagonista del cambio!

🙌 ¡Haz parte de este proceso y que se escuche tu voz! 💪✨#ParaSerFelices",33,"06/04/2025 07:42",https://www.instagram.com/reel/DKe4f2igzGl/,"Reel de Instagram",,Total,12750,60,21,1,0,7369,1
17842447272504022,17841402591799685,alcaldiadetulua,"Alcaldía de Tuluá","2024: el año en que Tuluá recuperó la seguridad y la esperanza 🔒✨
👮‍♂️ Con más seguridad y mayor presencia en las calles, los homicidios bajaron, los hurtos disminuyeron y la confianza volvió.

🚔 Más de 800 capturas, 412 allanamientos y 202 Caravanas por la Vida nos devolvieron la tranquilidad.
🚦 Recuperamos la movilidad, señalizamos zonas críticas y salvamos vidas con educación vial.
🤝 Estuvimos donde más se necesitaba: acompañamos a familias desplazadas y entregamos ayuda humanitaria a cientos de personas.

Hoy Tuluá camina con más seguridad, con más orden, con más vida.
Porque este es un Gobierno de Resultados.
#ParaSerFelices",132,"06/03/2025 16:30",https://www.instagram.com/reel/DKdQci4vWVN/,"Reel de Instagram",,Total,7924,77,1,25,4,4112,1
17852553546459849,17841401985823927,camaratulua,"Cámara de Comercio de Tuluá","🎉 ¡Tuluá se viste de feria! 🎊
Desde la @alcaldiadetulua y la @camaratulua Invitamos a todos los empresarios tulueños a unirse al espíritu de la Feria de Tuluá 2025 en su 67 versión🎠 vistiendo sus negocios de alegría, color y tradición. 
👗 Vístete de feria y viste a tu grupo de colaboradores
🏪 Decora tu vitrina o local con motivos alusivos a la feria
❤️ Contagiemos a propios y visitantes del orgullo de ser tulueños y de vivir la mejor feria de los centro vallecaucanos

¡La feria también se vive desde el comercio!

Juntos hacemos que Tuluá se vea más bonita y más encantadora porque la feria de Tuluá hay que sentirla",44,"06/03/2025 15:29",https://www.instagram.com/reel/DKdJRl8OB8g/,"Reel de Instagram",,Total,8130,119,9,4,0,,
18069335369077540,17841402591799685,alcaldiadetulua,"Alcaldía de Tuluá","¡Abrimos las Calle 29A y 34!* 🚧✨

Con estos dos nuevos frentes de obra, iniciamos la construcción de una nueva malla vial, con 100 metros lineales de pavimento rígido que conectarán las comunas 4 y 6, mejorando la movilidad y la calidad de vida de los tulueños. Con esta intervención, los vehículos pesados dejarán de pasar por el barrio Sajonia, ayudando a conservar su malla vial y evitar su deterioro.

👷‍♀️ Dos frentes, una misma meta:
💙 ¡Obras #ParaSerFelices! @infitulua",0,"06/03/2025 15:02",https://www.instagram.com/p/DKdGYaRvW7U/,"Secuencia de Instagram",,Total,4959,71,6,2,2,2637,0
18039505376312421,17841402591799685,alcaldiadetulua,"Alcaldía de Tuluá","El alcalde Gustavo Vélez Román respondió con rapidez para garantizar espacios seguros para nuestros estudiantes de la I.E. Julia Restrepo. 🔧💪📚
🔨 Estamos haciendo el reemplazo de la antigua cubierta por una estructura metálica con teja en PVC, un material más resistente y con aislamiento térmico, que mejora el ambiente de aprendizaje. ☀️ 🤝💪🏼

📍 Muy pronto, otras sedes también serán intervenidas muy pronto.

Educación segura, digna y de calidad. Porque este es un Gobierno de Resultados. #ParaSerFelices ✅💪🏼",54,"06/03/2025 09:51",https://www.instagram.com/reel/DKcit8CAav8/,"Reel de Instagram",,Total,6338,49,2,2,1,2144,0
18029777948460890,17841411032277530,universidaddelvallesedetulua,"Universidad del Valle Sede Tuluá","¿Ya conoces los beneficios de estudiar nuestro nuevo programa de #Agroindustria? 🤔

🎁La Universidad del Valle en convenio con la Fundación Corazón de Caña, premian tus ganas de estudiar: ⏬

✅ Fórmate en una de las mejores Universidades de Colombia.
✅ Estudia sólo 8 semestres.
✅ Sim card de conectividad.
✅ Kit escolar.
✅ Auxilio económico semestral entre $400.000 y $600.000.

Apoya @alcaldiadetulua 👏

¿Qué estás esperando para inscribirte? 

📆 Fecha límite 24 de junio

👉 Comparte este vídeo con tu familia y amig@s.

#UnivalleSedeTuluá #Tuluá",60,"06/03/2025 08:56",https://www.instagram.com/reel/DKccT3kKmfk/,"Reel de Instagram",,Total,3779,51,12,0,0,,
18040592135289513,17841402591799685,alcaldiadetulua,"Alcaldía de Tuluá","📍¡Socializamos obras en Nariño! 🛠️✅

Con el liderazgo del alcalde @gustavovelezr, anunciamos una inversión de más de 💰 $5.000 millones para transformar la zona urbana y rural del corregimiento.

👂 Escuchamos a la comunidad, atendimos sus inquietudes y resolvimos sus dudas ✅
Ahora llegan obras que mejorarán su calidad de vida 💙💪🏼 #ParaSerFelices",67,"06/02/2025 07:31",https://www.instagram.com/reel/DKZt1XEgAtD/,"Reel de Instagram",,Total,10624,90,6,24,1,3757,0
18060240703963919,17841402909298602,tuluaferia,"Feria de Tuluá Oficial","🎤🔥 La Feria No 67 te llama… ¿la vas a escuchar?
Llega junio 🗓️✨, y con él, el inicio del mejor mes del año. 🌟🎉
Conoce aquí un adelanto de lo que vas a vivir en esta mágica celebración. 🎶

▶️ Dale play y prepárate para sentir la Feria como nunca antes. 🤠💃🎊

#HayQueSentirla #Feria67 #1MinutoparaFeriar
 ⁣
#feriadetuluá #tuluá #feria #hayquesentirla #cabalgata #exposición #ganadería #equinos #industrial #artesania #plantas #cultura #asoferias #tuluacorazondelvalle⁣",64,"06/01/2025 17:00",https://www.instagram.com/reel/DKYKQfXR2GL/,"Reel de Instagram",,Total,11279,116,27,8,0,,
18360353518198340,17841402591799685,alcaldiadetulua,"Alcaldía de Tuluá","🎉 ¡Celebramos con orgullo los 200 años de vida municipal de Tuluá! 🇨🇴💙

Este Bicentenario no solo es motivo de celebración, sino también un llamado a la acción: tenemos la responsabilidad de seguir construyendo una ciudad que avance, que se transforme y que le cumpla a la ciudadanía. Porque Tuluá merece ser una ciudad #ParaSerFelices. 🌟",56,"06/01/2025 07:18",https://www.instagram.com/reel/DKXHm_TgsXf/,"Reel de Instagram",,Total,5230,60,1,3,1,1892,0
18390207697139263,17841402591799685,alcaldiadetulua,"Alcaldía de Tuluá","➡️Conoce las noticias más importantes de la semana en nuestro resumen semanal “45 segundos” #ParaSerFelices 💙✅",78,"05/31/2025 16:10",https://www.instagram.com/reel/DKVfwMmPV9c/,"Reel de Instagram",,Total,8746,103,12,5,2,3099,2
